Period,Org Code,Parent Org,Org name,A&E attendances Type 1,A&E attendances Type 2,A&E attendances Other A&E Department,A&E attendances Booked Appointments Type 1,A&E attendances Booked Appointments Type 2,A&E attendances Booked Appointments Other Department,Attendances over 4hrs Type 1,Attendances over 4hrs Type 2,Attendances over 4hrs Other Department,Attendances over 4hrs Booked Appointments Type 1,Attendances over 4hrs Booked Appointments Type 2,Attendances over 4hrs Booked Appointments Other Department,Patients who have waited 4-12 hs from DTA to admission,Patients who have waited 12+ hrs from DTA to admission,Emergency admissions via A&E - Type 1,Emergency admissions via A&E - Type 2,Emergency admissions via A&E - Other A&E department,Other emergency admissions
2023-04-01,RWY,NHS ENGLAND NORTH EAST AND YORKSHIRE ,CALDERDALE AND HUDDERSFIELD NHS FOUNDATION TRUST,13762,0,0,0,0,0,3865,0,0,0,0,0,822,2,2759,0,0,802
2023-04-01,RYY,NHS ENGLAND SOUTH EAST ,KENT COMMUNITY HEALTH NHS FOUNDATION TRUST,0,0,8675,0,0,0,0,0,30,0,0,0,0,0,0,0,0,0
2023-04-01,Y02147,NHS ENGLAND LONDON,URGENT CARE CENTRE (QMS),0,0,7036,0,0,588,0,0,377,0,0,3,0,0,0,0,0,0
2023-04-01,Y02532,NHS ENGLAND NORTH WEST ,MIRIAM MINOR EMERGENCY,0,0,1742,0,0,0,0,0,0,0,0,0,0,0,0,0,0,0
2023-04-01,C82009,NHS ENGLAND MIDLANDS ,MARKET HARBOROUGH MED.CTR,0,0,253,0,0,0,0,0,0,0,0,0,0,0,0,0,0,0
2023-04-01,C82038,NHS ENGLAND MIDLANDS ,LATHAM HOUSE MEDICAL PRACTICE,0,0,254,0,0,0,0,0,0,0,0,0,0,0,0,0,0,0
2023-04-01,NDJ,NHS ENGLAND SOUTH EAST ,FIRST COMMUNITY HEALTH AND CARE CIC,0,0,2003,0,0,0,0,0,0,0,0,0,0,0,0,0,0,0
2023-04-01,NQT51,NHS ENGLAND SOUTH EAST ,STATION PLAZA HEALTH CENTRE,0,0,1499,0,0,0,0,0,0,0,0,0,0,0,0,0,0,0
2023-04-01,RW1,NHS ENGLAND SOUTH EAST ,SOUTHERN HEALTH NHS FOUNDATION TRUST,0,0,2572,0,0,0,0,0,29,0,0,0,0,0,0,0,6,153
2023-04-01,RXG,NHS ENGLAND NORTH EAST AND YORKSHIRE ,SOUTH WEST YORKSHIRE PARTNERSHIP NHS FOUNDATION TRUST,0,0,0,0,0,0,0,0,0,0,0,0,0,0,0,0,0,136
2023-04-01,RXL,NHS ENGLAND NORTH WEST ,BLACKPOOL TEACHING HOSPITALS NHS FOUNDATION TRUST,8237,0,10625,234,0,246,3562,0,52,39,0,0,676,698,2457,0,0,1397
2023-04-01,Y00751,NHS ENGLAND SOUTH EAST ,EAST BERKS PRIMARY CARE OOH(WAM),0,0,0,0,0,0,0,0,0,0,0,0,0,0,0,0,0,0
2023-04-01,Y02428,NHS ENGLAND EAST OF ENGLAND ,PUTNOE MEDICAL CENTRE WALK IN CENTRE,0,0,2656,0,0,0,0,0,0,0,0,0,0,0,0,0,0,0
2023-04-01,Y02676,NHS ENGLAND SOUTH EAST ,BRIGHTON STATION HEALTH CENTRE,0,0,1670,0,0,0,0,0,0,0,0,0,0,0,0,0,0,0
2023-04-01,AD913,NHS ENGLAND LONDON,BECKENHAM BEACON UCC,0,0,3093,0,0,328,0,0,65,0,0,0,0,0,0,0,0,0
2023-04-01,AJN,NHS ENGLAND NORTH EAST AND YORKSHIRE ,WORKINGTON HEALTH LIMITED,0,0,400,0,0,0,0,0,0,0,0,0,0,0,0,0,400,0
2023-04-01,AQN04,NHS ENGLAND SOUTH EAST ,PHL LYMINGTON UTC,0,0,2491,0,0,106,0,0,41,0,0,0,0,0,0,0,0,0
2023-04-01,AXG,NHS ENGLAND SOUTH WEST ,WILTSHIRE HEALTH & CARE,0,0,2032,0,0,53,0,0,49,0,0,1,0,0,0,0,0,0
2023-04-01,L83087,NHS ENGLAND SOUTH WEST ,OKEHAMPTON MEDICAL CENTRE,0,0,64,0,0,0,0,0,0,0,0,0,0,0,0,0,0,0
2023-04-01,RA9,NHS ENGLAND SOUTH WEST ,TORBAY AND SOUTH DEVON NHS FOUNDATION TRUST,5853,0,3002,123,0,0,3305,0,64,63,0,0,620,82,1756,0,0,919
2023-04-01,RAT,NHS ENGLAND LONDON,NORTH EAST LONDON NHS FOUNDATION TRUST,0,0,1864,0,0,0,0,0,20,0,0,0,0,0,0,0,0,0
2023-04-01,RAX,NHS ENGLAND LONDON,KINGSTON HOSPITAL NHS FOUNDATION TRUST,6486,0,2651,0,0,0,3040,0,146,0,0,0,220,415,1725,0,115,505
2023-04-01,RBQ,NHS ENGLAND NORTH WEST ,LIVERPOOL HEART AND CHEST HOSPITAL NHS FOUNDATION TRUST,0,0,0,0,0,0,0,0,0,0,0,0,0,0,0,0,0,124
2023-04-01,RDY,NHS ENGLAND SOUTH WEST ,DORSET HEALTHCARE UNIVERSITY NHS FOUNDATION TRUST,0,0,0,0,0,0,0,0,0,0,0,0,0,0,0,0,5,0
2023-04-01,RJ8,NHS ENGLAND SOUTH WEST ,CORNWALL PARTNERSHIP NHS FOUNDATION TRUST,0,0,0,0,0,0,0,0,0,0,0,0,0,0,0,0,15,51
2023-04-01,RLQ,NHS ENGLAND MIDLANDS ,WYE VALLEY NHS TRUST,5321,0,0,157,0,0,2165,0,0,46,0,0,116,107,1529,0,0,528
2023-04-01,RVW,NHS ENGLAND NORTH EAST AND YORKSHIRE ,NORTH TEES AND HARTLEPOOL NHS FOUNDATION TRUST,4232,0,10357,0,0,0,0,0,0,0,0,0,190,3,1620,0,409,1786
2023-04-01,RXQ,NHS ENGLAND SOUTH EAST ,BUCKINGHAMSHIRE HEALTHCARE NHS TRUST,8661,1145,3071,0,0,0,3564,0,144,0,0,0,299,286,3356,739,0,858
2023-04-01,Y02615,NHS ENGLAND MIDLANDS ,SOUTH BIRMINGHAM GP WALK IN CENTRE,0,0,7857,0,0,0,0,0,0,0,0,0,0,0,0,0,0,0
2023-04-01,Y04538,NHS ENGLAND SOUTH EAST ,BRACKNELL URGENT CARE CENTRE WIC,0,0,2253,0,0,0,0,0,31,0,0,0,0,0,0,0,0,0
2023-04-01,8J094,NHS ENGLAND MIDLANDS ,BADGER LTD,0,0,0,0,0,2020,0,0,0,0,0,0,0,0,0,0,0,0
2023-04-01,AAH,NHS ENGLAND SOUTH WEST ,TETBURY HOSPITAL TRUST LTD,0,0,258,0,0,0,0,0,0,0,0,0,0,0,0,0,0,0
2023-04-01,DT301,NHS ENGLAND EAST OF ENGLAND ,HERTS URGENT CARE (ASCOTS LANE),0,0,2141,0,0,0,0,0,5,0,0,0,0,0,0,0,0,0
2023-04-01,NQTE4,NHS ENGLAND MIDLANDS ,SUMMERFIELD URGENT CARE CENTRE,0,0,3925,0,0,0,0,0,0,0,0,0,0,0,0,0,0,0
2023-04-01,RF4,NHS ENGLAND LONDON,"BARKING, HAVERING AND REDBRIDGE UNIVERSITY HOSPITALS NHS TRUST",10876,2144,13038,0,0,0,6568,420,3378,0,0,0,716,722,4526,0,0,377
2023-04-01,RFF,NHS ENGLAND NORTH EAST AND YORKSHIRE ,BARNSLEY HOSPITAL NHS FOUNDATION TRUST,7488,0,0,416,0,0,1958,0,0,0,0,0,155,1,2383,0,0,470
2023-04-01,RGR,NHS ENGLAND EAST OF ENGLAND ,WEST SUFFOLK NHS FOUNDATION TRUST,6188,0,647,57,0,0,0,0,0,0,0,0,465,46,1909,0,0,576
2023-04-01,RJN,NHS ENGLAND NORTH WEST ,EAST CHESHIRE NHS TRUST,3882,0,0,44,0,12,1669,0,0,0,0,0,199,335,769,0,0,114
2023-04-01,RWE,NHS ENGLAND MIDLANDS ,UNIVERSITY HOSPITALS OF LEICESTER NHS TRUST,18537,1748,0,0,0,0,8296,120,0,0,0,0,1325,960,4798,3,0,3130
2023-04-01,RY5,NHS ENGLAND MIDLANDS ,LINCOLNSHIRE COMMUNITY HEALTH SERVICES NHS TRUST,0,0,7841,0,0,0,0,0,235,0,0,0,0,0,0,0,0,0
2023-04-01,RYF,NHS ENGLAND SOUTH WEST ,SOUTH WESTERN AMBULANCE SERVICE NHS FOUNDATION TRUST,0,0,1839,0,0,0,0,0,197,0,0,0,0,0,0,0,0,0
2023-04-01,Y03007,NHS ENGLAND MIDLANDS ,ERDINGTON GP HEALTH & WELLBEING WIC,0,0,0,0,0,1967,0,0,0,0,0,0,0,0,0,0,0,0
2023-04-01,ARN03,NHS ENGLAND NORTH EAST AND YORKSHIRE ,LOCAL CARE DIRECT,0,0,2118,0,0,242,0,0,0,0,0,0,0,0,0,0,0,0
2023-04-01,RCD,NHS ENGLAND NORTH EAST AND YORKSHIRE ,HARROGATE AND DISTRICT NHS FOUNDATION TRUST,4412,0,763,143,0,43,863,0,1,16,0,0,89,4,1168,0,0,382
2023-04-01,REF,NHS ENGLAND SOUTH WEST ,ROYAL CORNWALL HOSPITALS NHS TRUST,5869,0,10527,0,0,0,3529,0,297,0,0,0,486,597,2110,0,25,1046
2023-04-01,RHU,NHS ENGLAND SOUTH EAST ,PORTSMOUTH HOSPITALS UNIVERSITY NATIONAL HEALTH SERVICE TRUST,8810,687,2532,1180,0,808,0,0,0,0,0,0,1520,0,3479,0,0,2012
2023-04-01,RJR,NHS ENGLAND NORTH WEST ,COUNTESS OF CHESTER HOSPITAL NHS FOUNDATION TRUST,6437,0,207,0,0,0,3012,0,2,0,0,0,339,646,1542,0,0,898
2023-04-01,RL4,NHS ENGLAND MIDLANDS ,THE ROYAL WOLVERHAMPTON NHS TRUST,12029,0,6652,1,0,546,3626,0,229,0,0,0,536,16,5721,0,0,771
2023-04-01,RW4,NHS ENGLAND NORTH WEST ,MERSEY CARE NHS FOUNDATION TRUST,0,0,11270,0,0,0,0,0,235,0,0,0,0,0,0,0,0,67
2023-04-01,RXF,NHS ENGLAND NORTH EAST AND YORKSHIRE ,MID YORKSHIRE HOSPITALS NHS TRUST,14817,0,5746,120,0,51,0,0,0,0,0,0,968,1,3750,0,177,946
2023-04-01,NL7,NHS ENGLAND MIDLANDS ,ASSURA VERTIS URGENT CARE CENTRES (BIRMINGHAM),0,0,4694,0,0,0,0,0,0,0,0,0,0,0,0,0,0,0
2023-04-01,R1D,NHS ENGLAND MIDLANDS ,SHROPSHIRE COMMUNITY HEALTH NHS TRUST,0,0,2843,0,0,0,0,0,5,0,0,0,0,0,0,0,0,1
2023-04-01,RGP,NHS ENGLAND EAST OF ENGLAND ,JAMES PAGET UNIVERSITY HOSPITALS NHS FOUNDATION TRUST,6236,0,1462,98,0,0,2095,0,0,23,0,0,443,192,1467,0,0,430
2023-04-01,RL1,NHS ENGLAND MIDLANDS ,THE ROBERT JONES AND AGNES HUNT ORTHOPAEDIC HOSPITAL NHS FOUNDATION TRUST,0,0,0,0,0,0,0,0,0,0,0,0,0,0,0,0,0,22
2023-04-01,RLT,NHS ENGLAND MIDLANDS ,GEORGE ELIOT HOSPITAL NHS TRUST,5524,0,1536,361,0,319,1895,0,30,0,0,0,619,1,926,0,0,31
2023-04-01,RTK,NHS ENGLAND SOUTH EAST ,ASHFORD AND ST PETER'S HOSPITALS NHS FOUNDATION TRUST,8802,0,0,0,0,0,3416,0,0,0,0,0,482,8,2671,0,0,720
2023-04-01,RTP,NHS ENGLAND SOUTH EAST ,SURREY AND SUSSEX HEALTHCARE NHS TRUST,8391,0,1103,0,0,0,2022,0,25,0,0,0,541,118,2973,0,0,816
2023-04-01,RWX,NHS ENGLAND SOUTH EAST ,BERKSHIRE HEALTHCARE NHS FOUNDATION TRUST,0,0,1223,0,0,0,0,0,9,0,0,0,0,0,0,0,36,0
2023-04-01,Y03571,NHS ENGLAND MIDLANDS ,CORBY URGENT CARE CENTRE,0,0,7843,0,0,677,0,0,56,0,0,0,0,0,0,0,0,0
2023-04-01,NNJ,NHS ENGLAND MIDLANDS ,DHU HEALTH CARE C.I.C,0,0,2142,0,0,0,0,0,4,0,0,0,0,0,0,0,0,0
2023-04-01,NQT5F,NHS ENGLAND NORTH WEST ,SKELMERSDALE WALK IN CENTRE,0,0,1758,0,0,0,0,0,14,0,0,0,0,0,0,0,0,0
2023-04-01,NQT5H,NHS ENGLAND SOUTH WEST ,PAULTON MEMORIAL HOSPITAL,0,0,792,0,0,0,0,0,13,0,0,0,0,0,0,0,0,0
2023-04-01,RBK,NHS ENGLAND MIDLANDS ,WALSALL HEALTHCARE NHS TRUST,6964,0,3949,330,0,143,2468,0,57,53,0,0,636,51,2816,0,0,738
2023-04-01,RNU,NHS ENGLAND SOUTH EAST ,OXFORD HEALTH NHS FOUNDATION TRUST,0,0,2830,0,0,0,0,0,163,0,0,0,0,0,0,0,0,0
2023-04-01,RP5,NHS ENGLAND NORTH EAST AND YORKSHIRE ,DONCASTER AND BASSETLAW TEACHING HOSPITALS NHS FOUNDATION TRUST,12162,0,3118,0,0,0,4863,0,0,0,0,0,1012,64,3341,0,378,969
2023-04-01,RPC,NHS ENGLAND SOUTH EAST ,QUEEN VICTORIA HOSPITAL NHS FOUNDATION TRUST,0,0,1334,0,0,0,0,0,2,0,0,0,0,0,0,0,5,543
2023-04-01,RQ3,NHS ENGLAND MIDLANDS ,BIRMINGHAM WOMEN'S AND CHILDREN'S NHS FOUNDATION TRUST,4477,0,0,0,0,0,663,0,0,0,0,0,0,0,856,0,0,114
2023-04-01,RQX,NHS ENGLAND LONDON,HOMERTON HEALTHCARE NHS FOUNDATION TRUST,9875,0,0,15,0,0,1631,0,0,0,0,0,178,15,1548,0,0,187
2023-04-01,RV9,NHS ENGLAND NORTH EAST AND YORKSHIRE ,HUMBER TEACHING NHS FOUNDATION TRUST,0,0,922,0,0,57,0,0,0,0,0,0,0,0,0,0,0,0
2023-04-01,RVY,NHS ENGLAND NORTH WEST ,SOUTHPORT AND ORMSKIRK HOSPITAL NHS TRUST,7014,0,2855,191,0,0,2179,0,0,32,0,0,402,105,1842,0,0,82
2023-04-01,RYG,NHS ENGLAND MIDLANDS ,COVENTRY AND WARWICKSHIRE PARTNERSHIP NHS TRUST,0,0,0,0,0,0,0,0,0,0,0,0,0,0,0,0,8,50
2023-04-01,RYR,NHS ENGLAND SOUTH EAST ,UNIVERSITY HOSPITALS SUSSEX NHS FOUNDATION TRUST,21937,1469,2196,1447,0,597,8444,35,101,462,0,9,1585,637,7567,33,48,1294
2023-04-01,NNJ07,NHS ENGLAND MIDLANDS ,LOUGHBOROUGH URGENT CARE CENTRE,0,0,4851,0,0,477,0,0,18,0,0,0,0,0,0,0,0,0
2023-04-01,NNJ0H,NHS ENGLAND MIDLANDS ,LLR EA - THE MERLYN VAZ HEALTH & SOCIAL CARE CENTRE,0,0,211,0,0,1535,0,0,0,0,0,0,0,0,0,0,0,0
2023-04-01,NNJ12,NHS ENGLAND MIDLANDS ,MARKET HARBOROUGH,0,0,174,0,0,410,0,0,0,0,0,0,0,0,0,0,0,0
2023-04-01,NNJ13,NHS ENGLAND MIDLANDS ,MELTON MOWBRAY,0,0,52,0,0,331,0,0,0,0,0,0,0,0,0,0,0,0
2023-04-01,NNJ14,NHS ENGLAND MIDLANDS ,OADBY,0,0,721,0,0,1520,0,0,0,0,0,0,0,0,0,0,0,0
2023-04-01,NNJ15,NHS ENGLAND MIDLANDS ,OAKHAM,0,0,53,0,0,297,0,0,0,0,0,0,0,0,0,0,0,0
2023-04-01,NTPAD,NHS ENGLAND SOUTH EAST ,PRACTICE PLUS GROUP SURGICAL CENTRE - ST MARYS PORTSMOUTH,0,0,5024,0,0,294,0,0,57,0,0,6,0,0,0,0,0,0
2023-04-01,NV693,NHS ENGLAND NORTH WEST ,ROSSENDALE MIU & OOH,0,0,734,0,0,0,0,0,0,0,0,0,0,0,0,0,0,0
2023-04-01,RA7,NHS ENGLAND SOUTH WEST ,UNIVERSITY HOSPITALS BRISTOL AND WESTON NHS FOUNDATION TRUST,13074,2147,0,0,0,0,4413,51,0,0,0,0,1145,324,4398,8,0,1192
2023-04-01,RAJ,NHS ENGLAND EAST OF ENGLAND ,MID AND SOUTH ESSEX NHS FOUNDATION TRUST,27608,0,1997,750,0,94,9228,0,60,214,0,8,2201,17,7721,0,190,1097
2023-04-01,RBD,NHS ENGLAND SOUTH WEST ,DORSET COUNTY HOSPITAL NHS FOUNDATION TRUST,4071,0,0,326,0,3372,1257,0,0,72,0,4,94,3,1567,0,0,404
2023-04-01,RD8,NHS ENGLAND EAST OF ENGLAND ,MILTON KEYNES UNIVERSITY HOSPITAL NHS FOUNDATION TRUST,7102,0,4679,581,0,123,2708,0,192,205,0,0,711,0,1725,0,0,390
2023-04-01,RFR,NHS ENGLAND NORTH EAST AND YORKSHIRE ,THE ROTHERHAM NHS FOUNDATION TRUST,7597,0,0,6,0,0,0,0,0,0,0,0,444,0,2767,0,0,571
2023-04-01,RGN,NHS ENGLAND EAST OF ENGLAND ,NORTH WEST ANGLIA NHS FOUNDATION TRUST,11396,0,3864,68,0,476,4700,0,463,29,0,47,432,647,2838,0,105,1126
2023-04-01,RJ2,NHS ENGLAND LONDON,LEWISHAM AND GREENWICH NHS TRUST,12189,0,11548,109,0,57,6059,0,1386,20,0,0,1079,551,3329,0,0,1135
2023-04-01,RJZ,NHS ENGLAND LONDON,KING'S COLLEGE HOSPITAL NHS FOUNDATION TRUST,13686,0,7719,90,0,1431,6559,0,1161,34,0,290,1251,767,3467,0,0,480
2023-04-01,RK5,NHS ENGLAND MIDLANDS ,SHERWOOD FOREST HOSPITALS NHS FOUNDATION TRUST,9526,0,4930,22,0,92,3309,0,241,8,0,1,686,83,3083,0,0,357
2023-04-01,RM1,NHS ENGLAND EAST OF ENGLAND ,NORFOLK AND NORWICH UNIVERSITY HOSPITALS NHS FOUNDATION TRUST,10112,0,8069,446,0,0,3841,0,4,123,0,0,978,297,2460,0,0,1537
2023-04-01,RN5,NHS ENGLAND SOUTH EAST ,HAMPSHIRE HOSPITALS NHS FOUNDATION TRUST,11089,0,205,0,0,211,3891,0,0,0,0,0,1005,5,3877,0,0,925
2023-04-01,RN7,NHS ENGLAND SOUTH EAST ,DARTFORD AND GRAVESHAM NHS TRUST,10359,0,3699,0,0,0,2918,0,17,0,0,0,471,0,2722,0,0,304
2023-04-01,RRK,NHS ENGLAND MIDLANDS ,UNIVERSITY HOSPITALS BIRMINGHAM NHS FOUNDATION TRUST,29850,0,0,0,0,0,13798,0,0,0,0,0,3450,858,9456,0,0,4360
2023-04-01,RTD,NHS ENGLAND NORTH EAST AND YORKSHIRE ,THE NEWCASTLE UPON TYNE HOSPITALS NHS FOUNDATION TRUST,11182,1426,5102,0,0,765,4062,92,0,0,0,0,370,45,3134,27,0,2573
2023-04-01,RTG,NHS ENGLAND MIDLANDS ,UNIVERSITY HOSPITALS OF DERBY AND BURTON NHS FOUNDATION TRUST,14372,0,12770,108,0,61,7893,0,1157,46,0,2,870,133,3938,0,157,1904
2023-04-01,RWF,NHS ENGLAND SOUTH EAST ,MAIDSTONE AND TUNBRIDGE WELLS NHS TRUST,16720,0,2087,0,0,0,2006,0,6,0,0,0,419,0,5531,0,0,1011
2023-04-01,RWH,NHS ENGLAND EAST OF ENGLAND ,EAST AND NORTH HERTFORDSHIRE NHS TRUST,8625,0,4822,4,0,362,4690,0,6,2,0,0,189,27,2728,0,0,224
2023-04-01,RXK,NHS ENGLAND MIDLANDS ,SANDWELL AND WEST BIRMINGHAM HOSPITALS NHS TRUST,12584,1300,9956,746,0,0,5578,109,356,138,0,0,968,39,2850,0,0,352
2023-04-01,RXR,NHS ENGLAND NORTH WEST ,EAST LANCASHIRE HOSPITALS NHS TRUST,10121,0,6584,0,0,0,3986,0,326,0,0,0,614,874,3784,0,18,918
2023-04-01,RY4,NHS ENGLAND EAST OF ENGLAND ,HERTFORDSHIRE COMMUNITY NHS TRUST,0,0,922,0,0,0,0,0,29,0,0,0,0,0,0,0,0,0
2023-04-01,RYX,NHS ENGLAND LONDON,CENTRAL LONDON COMMUNITY HEALTHCARE NHS TRUST,0,0,8696,0,0,0,0,0,147,0,0,0,0,0,0,0,0,0
2023-04-01,NNF09,NHS ENGLAND NORTH EAST AND YORKSHIRE ,BRANSHOLME HEALTH CENTRE,0,0,3519,0,0,0,0,0,639,0,0,0,0,0,0,0,0,0
2023-04-01,NNF76,NHS ENGLAND NORTH EAST AND YORKSHIRE ,THE WILBERFORCE HEALTH CENTRE,0,0,2642,0,0,0,0,0,0,0,0,0,0,0,0,0,0,0
2023-04-01,NNF94,NHS ENGLAND NORTH EAST AND YORKSHIRE ,EAST RIDING COMMUNITY HOSPITAL,0,0,2855,0,0,0,0,0,265,0,0,0,0,0,0,0,0,0
2023-04-01,NNFA7,NHS ENGLAND NORTH EAST AND YORKSHIRE ,GOOLE & DISTRICT HOSPITAL,0,0,1287,0,0,0,0,0,2,0,0,0,0,0,0,0,0,0
2023-04-01,NR3,NHS ENGLAND MIDLANDS ,NOTTINGHAM CITYCARE PARTNERSHIP,0,0,4577,0,0,265,0,0,198,0,0,0,0,0,0,0,0,0
2023-04-01,NTP11,NHS ENGLAND SOUTH EAST ,PRACTICE PLUS GROUP HOSPITAL - SOUTHAMPTON,0,0,5203,0,0,0,0,0,457,0,0,0,0,0,0,0,0,0
2023-04-01,NTV0B,NHS ENGLAND SOUTH EAST ,ASHFORD WALK-IN-CENTRE,0,0,2563,0,0,0,0,0,127,0,0,0,0,0,0,0,0,0
2023-04-01,NTV0W,NHS ENGLAND SOUTH EAST ,WOKING WALK IN CENTRE,0,0,2811,0,0,0,0,0,102,0,0,0,0,0,0,0,0,0
2023-04-01,R1K,NHS ENGLAND LONDON,LONDON NORTH WEST UNIVERSITY HEALTHCARE NHS TRUST,11787,0,12576,241,0,0,5871,0,278,118,0,0,766,363,6112,0,0,1088
2023-04-01,RCF,NHS ENGLAND NORTH EAST AND YORKSHIRE ,AIREDALE NHS FOUNDATION TRUST,4972,243,11,441,0,0,2392,0,0,0,0,0,391,14,1354,0,0,479
2023-04-01,RCU,NHS ENGLAND NORTH EAST AND YORKSHIRE ,SHEFFIELD CHILDREN'S NHS FOUNDATION TRUST,4266,0,149,271,0,13,348,0,0,18,0,0,3,0,812,0,0,83
2023-04-01,RCX,NHS ENGLAND EAST OF ENGLAND ,"THE QUEEN ELIZABETH HOSPITAL, KING'S LYNN, NHS FOUNDATION TRUST",5989,0,871,93,0,0,2408,0,0,28,0,0,681,243,2248,0,0,430
2023-04-01,RD1,NHS ENGLAND SOUTH WEST ,ROYAL UNITED HOSPITALS BATH NHS FOUNDATION TRUST,7654,0,0,0,0,0,3405,0,0,0,0,0,681,16,2259,0,7,1205
2023-04-01,RH8,NHS ENGLAND SOUTH WEST ,ROYAL DEVON UNIVERSITY HEALTHCARE NHS FOUNDATION TRUST,10624,0,2670,1090,0,43,4646,0,25,431,0,2,724,103,3273,0,0,1906
2023-04-01,RJ7,NHS ENGLAND LONDON,ST GEORGE'S UNIVERSITY HOSPITALS NHS FOUNDATION TRUST,7454,0,2974,943,0,0,1771,0,0,102,0,0,448,331,2220,0,0,753
2023-04-01,RJC,NHS ENGLAND MIDLANDS ,SOUTH WARWICKSHIRE UNIVERSITY NHS FOUNDATION TRUST,6558,0,333,15,0,0,1155,0,0,0,0,0,120,0,1840,0,0,576
2023-04-01,RJE,NHS ENGLAND MIDLANDS ,UNIVERSITY HOSPITALS OF NORTH MIDLANDS NHS TRUST,12333,474,7375,691,0,367,5916,0,182,258,0,5,1450,286,5405,0,0,2554
2023-04-01,RK9,NHS ENGLAND SOUTH WEST ,UNIVERSITY HOSPITALS PLYMOUTH NHS TRUST,8043,206,3582,0,0,0,0,0,0,0,0,0,539,587,2397,0,956,0
2023-04-01,RNA,NHS ENGLAND MIDLANDS ,THE DUDLEY GROUP NHS FOUNDATION TRUST,8643,0,4685,128,0,1212,3387,0,321,29,0,0,552,10,3257,0,0,1631
2023-04-01,RP6,NHS ENGLAND LONDON,MOORFIELDS EYE HOSPITAL NHS FOUNDATION TRUST,0,6018,0,0,0,0,0,199,0,0,0,0,0,0,0,12,0,215
2023-04-01,RQM,NHS ENGLAND LONDON,CHELSEA AND WESTMINSTER HOSPITAL NHS FOUNDATION TRUST,17441,0,8414,534,0,0,0,0,0,0,0,0,645,22,2552,0,0,355
2023-04-01,RRV,NHS ENGLAND LONDON,UNIVERSITY COLLEGE LONDON HOSPITALS NHS FOUNDATION TRUST,11391,0,0,493,0,0,3646,0,0,0,0,0,261,26,1306,0,0,257
2023-04-01,RTQ,NHS ENGLAND SOUTH WEST ,GLOUCESTERSHIRE HEALTH AND CARE NHS FOUNDATION TRUST,0,0,5841,0,0,0,0,0,9,0,0,0,0,0,0,0,0,50
2023-04-01,RTX,NHS ENGLAND NORTH WEST ,UNIVERSITY HOSPITALS OF MORECAMBE BAY NHS FOUNDATION TRUST,7310,0,3736,181,0,38,2846,0,127,51,0,1,576,441,2538,0,30,744
2023-04-01,RVR,NHS ENGLAND LONDON,EPSOM AND ST HELIER UNIVERSITY HOSPITALS NHS TRUST,11761,286,0,168,0,0,2987,0,0,23,0,0,509,332,1795,4,0,116
2023-04-01,RWG,NHS ENGLAND EAST OF ENGLAND ,WEST HERTFORDSHIRE TEACHING HOSPITALS NHS TRUST,7388,0,6207,0,0,1160,3923,0,265,0,0,29,957,0,3165,0,0,761
2023-04-01,RWP,NHS ENGLAND MIDLANDS ,WORCESTERSHIRE ACUTE HOSPITALS NHS TRUST,11126,0,5126,211,0,0,5350,0,5,74,0,0,1004,317,3092,0,0,1131
2023-04-01,RXW,NHS ENGLAND MIDLANDS ,THE SHREWSBURY AND TELFORD HOSPITAL NHS TRUST,9839,0,2063,76,0,278,5315,0,271,19,0,2,592,524,2554,0,45,1931
2023-04-01,RY7,NHS ENGLAND NORTH WEST ,WIRRAL COMMUNITY HEALTH AND CARE NHS FOUNDATION TRUST,0,0,4378,0,0,0,0,0,255,0,0,0,0,0,0,0,0,0
2023-04-01,RY8,NHS ENGLAND MIDLANDS ,DERBYSHIRE COMMUNITY HEALTH SERVICES NHS FOUNDATION TRUST,0,0,7021,0,0,1572,0,0,3,0,0,0,0,0,0,0,0,0
2023-04-01,RY9,NHS ENGLAND LONDON,HOUNSLOW AND RICHMOND COMMUNITY HEALTHCARE NHS TRUST,0,0,4932,0,0,0,0,0,6,0,0,0,0,0,0,0,0,0
2023-04-01,DD401,NHS ENGLAND SOUTH WEST ,EXMOUTH MINOR INJURY UNIT,0,0,1092,0,0,0,0,0,0,0,0,0,0,0,0,0,0,0
2023-04-01,NDA57,NHS ENGLAND SOUTH EAST ,HASLEMERE MINOR INJURIES UNIT,0,0,1081,0,0,16,0,0,0,0,0,0,0,0,1,0,0,0
2023-04-01,R1F,NHS ENGLAND SOUTH EAST ,ISLE OF WIGHT NHS TRUST,3513,0,2234,24,0,39,1660,0,0,9,0,0,416,432,1046,0,0,264
2023-04-01,RA2,NHS ENGLAND SOUTH EAST ,ROYAL SURREY COUNTY HOSPITAL NHS FOUNDATION TRUST,5578,0,0,502,0,0,1921,0,0,134,0,0,268,0,2118,0,0,782
2023-04-01,RAS,NHS ENGLAND LONDON,THE HILLINGDON HOSPITALS NHS FOUNDATION TRUST,5595,0,5590,0,0,0,2653,0,164,0,0,0,551,9,1704,0,0,324
2023-04-01,RBT,NHS ENGLAND NORTH WEST ,MID CHESHIRE HOSPITALS NHS FOUNDATION TRUST,6753,0,2344,73,0,19,3404,0,14,18,0,0,596,131,2254,0,0,976
2023-04-01,RCB,NHS ENGLAND NORTH EAST AND YORKSHIRE ,YORK AND SCARBOROUGH TEACHING HOSPITALS NHS FOUNDATION TRUST,9174,343,9752,0,0,447,4882,0,429,0,0,14,756,800,3775,4,0,1294
2023-04-01,RDE,NHS ENGLAND EAST OF ENGLAND ,EAST SUFFOLK AND NORTH ESSEX NHS FOUNDATION TRUST,13222,0,10239,193,0,194,5867,0,54,0,0,0,982,50,4431,0,228,811
2023-04-01,REP,NHS ENGLAND NORTH WEST ,LIVERPOOL WOMEN'S NHS FOUNDATION TRUST,0,1130,0,0,111,0,0,137,0,0,0,0,0,0,0,75,0,26
2023-04-01,RGT,NHS ENGLAND EAST OF ENGLAND ,CAMBRIDGE UNIVERSITY HOSPITALS NHS FOUNDATION TRUST,9043,0,5523,106,0,67,0,0,0,0,0,0,597,311,2433,0,32,466
2023-04-01,RH5,NHS ENGLAND SOUTH WEST ,SOMERSET NHS FOUNDATION TRUST,11699,0,8535,0,0,1,4021,0,160,0,0,0,440,31,3226,0,0,1521
2023-04-01,RHM,NHS ENGLAND SOUTH EAST ,UNIVERSITY HOSPITAL SOUTHAMPTON NHS FOUNDATION TRUST,10373,1321,0,2,0,0,3732,45,0,0,0,0,277,6,3299,16,0,1305
2023-04-01,RHQ,NHS ENGLAND NORTH EAST AND YORKSHIRE ,SHEFFIELD TEACHING HOSPITALS NHS FOUNDATION TRUST,8282,1022,7199,383,0,746,3760,0,235,163,0,7,814,6,3106,0,0,2737
2023-04-01,RJ1,NHS ENGLAND LONDON,GUY'S AND ST THOMAS' NHS FOUNDATION TRUST,11627,733,2210,0,0,1767,3466,0,1,0,0,0,27,40,3365,0,0,872
2023-04-01,RKB,NHS ENGLAND MIDLANDS ,UNIVERSITY HOSPITALS COVENTRY AND WARWICKSHIRE NHS TRUST,10599,1606,7502,51,0,116,4500,90,39,14,0,0,673,7,2995,73,50,1529
2023-04-01,RKE,NHS ENGLAND LONDON,WHITTINGTON HEALTH NHS TRUST,7988,0,0,0,0,0,2552,0,0,0,0,0,262,173,942,0,0,50
2023-04-01,RMC,NHS ENGLAND NORTH WEST ,BOLTON NHS FOUNDATION TRUST,8695,0,1469,39,0,15,2950,0,216,12,0,0,517,356,1903,0,79,697
2023-04-01,RMP,NHS ENGLAND NORTH WEST ,TAMESIDE AND GLOSSOP INTEGRATED CARE NHS FOUNDATION TRUST,7314,0,2538,233,0,0,2939,0,0,0,0,0,178,2,2023,0,0,193
2023-04-01,RNN,NHS ENGLAND NORTH EAST AND YORKSHIRE ,NORTH CUMBRIA INTEGRATED CARE NHS FOUNDATION TRUST,8324,0,2081,231,0,0,3124,0,4,37,0,0,673,350,2162,0,0,648
2023-04-01,RNS,NHS ENGLAND MIDLANDS ,NORTHAMPTON GENERAL HOSPITAL NHS TRUST,7888,629,1900,168,0,69,3242,13,54,38,0,2,279,770,1618,0,0,1225
2023-04-01,RNZ,NHS ENGLAND SOUTH WEST ,SALISBURY NHS FOUNDATION TRUST,3792,238,1997,174,0,0,1335,0,0,48,0,0,359,16,1200,0,0,696
2023-04-01,RQW,NHS ENGLAND EAST OF ENGLAND ,THE PRINCESS ALEXANDRA HOSPITAL NHS TRUST,8483,0,0,1181,0,0,4366,0,0,0,0,0,324,28,1974,0,0,378
2023-04-01,RR8,NHS ENGLAND NORTH EAST AND YORKSHIRE ,LEEDS TEACHING HOSPITALS NHS TRUST,15540,0,10715,186,0,15,6144,0,32,42,0,0,1395,228,3476,0,0,1060
2023-04-01,RTE,NHS ENGLAND SOUTH WEST ,GLOUCESTERSHIRE HOSPITALS NHS FOUNDATION TRUST,11433,0,0,240,0,0,4256,0,0,74,0,0,466,630,2527,0,0,1401
2023-04-01,RTF,NHS ENGLAND NORTH EAST AND YORKSHIRE ,NORTHUMBRIA HEALTHCARE NHS FOUNDATION TRUST,8914,0,11284,0,0,0,1454,0,9,0,0,0,8,0,4893,0,57,969
2023-04-01,RTH,NHS ENGLAND SOUTH EAST ,OXFORD UNIVERSITY HOSPITALS NHS FOUNDATION TRUST,10477,1745,492,1089,0,99,3788,0,10,289,0,0,556,4,3471,127,21,3817
2023-04-01,RVJ,NHS ENGLAND SOUTH WEST ,NORTH BRISTOL NHS TRUST,7806,0,0,133,0,0,1546,0,0,29,0,0,462,2,3125,0,0,1574
2023-04-01,RVV,NHS ENGLAND SOUTH EAST ,EAST KENT HOSPITALS UNIVERSITY NHS FOUNDATION TRUST,10931,0,11427,101,0,0,6125,0,412,53,0,0,552,989,3675,0,428,1479
2023-04-01,RWA,NHS ENGLAND NORTH EAST AND YORKSHIRE ,HULL UNIVERSITY TEACHING HOSPITALS NHS TRUST,10062,0,0,0,0,0,4579,0,0,0,0,0,923,167,3114,0,0,1780
2023-04-01,RWD,NHS ENGLAND MIDLANDS ,UNITED LINCOLNSHIRE HOSPITALS NHS TRUST,11577,0,5825,4,0,0,6148,0,901,1,0,0,887,665,3744,0,0,1031
2023-04-01,RWJ,NHS ENGLAND NORTH WEST ,STOCKPORT NHS FOUNDATION TRUST,8225,0,0,507,0,0,2848,0,0,115,0,0,635,67,2713,0,0,679
2023-04-01,RXC,NHS ENGLAND SOUTH EAST ,EAST SUSSEX HEALTHCARE NHS TRUST,8702,0,1954,785,0,1009,3280,0,28,0,0,0,136,0,3048,0,0,488
2023-04-01,RXN,NHS ENGLAND NORTH WEST ,LANCASHIRE TEACHING HOSPITALS NHS FOUNDATION TRUST,11146,0,3564,204,0,40,3863,0,88,39,0,1,1127,159,2919,0,163,1279
2023-04-01,RXP,NHS ENGLAND NORTH EAST AND YORKSHIRE ,COUNTY DURHAM AND DARLINGTON NHS FOUNDATION TRUST,12168,0,3805,0,0,6162,5994,0,0,0,0,0,1796,11,3816,0,0,627
2023-04-01,RY2,NHS ENGLAND NORTH WEST ,BRIDGEWATER COMMUNITY HEALTHCARE NHS FOUNDATION TRUST,0,0,3204,0,0,174,0,0,100,0,0,9,0,0,0,0,0,0
2023-04-01,R1H,NHS ENGLAND LONDON,BARTS HEALTH NHS TRUST,21235,721,16803,0,0,0,8647,43,1693,0,0,0,2645,365,5017,0,0,985
2023-04-01,RAE,NHS ENGLAND NORTH EAST AND YORKSHIRE ,BRADFORD TEACHING HOSPITALS NHS FOUNDATION TRUST,9683,0,1079,0,0,0,2684,0,1,0,0,0,868,52,2585,0,86,1248
2023-04-01,RAN,NHS ENGLAND LONDON,ROYAL NATIONAL ORTHOPAEDIC HOSPITAL NHS TRUST,0,0,0,0,0,0,0,0,0,0,0,0,0,0,0,0,0,24
2023-04-01,RAP,NHS ENGLAND LONDON,NORTH MIDDLESEX UNIVERSITY HOSPITAL NHS TRUST,7753,496,6566,542,0,0,3731,7,977,173,0,0,586,382,1644,0,0,149
2023-04-01,RBS,NHS ENGLAND NORTH WEST ,ALDER HEY CHILDREN'S NHS FOUNDATION TRUST,5063,0,0,0,0,0,806,0,0,0,0,0,25,0,906,0,0,248
2023-04-01,RC9,NHS ENGLAND EAST OF ENGLAND ,BEDFORDSHIRE HOSPITALS NHS FOUNDATION TRUST,14239,0,6549,0,0,1066,0,0,0,0,0,0,90,3,4256,0,0,2076
2023-04-01,RDR,NHS ENGLAND SOUTH EAST ,SUSSEX COMMUNITY NHS FOUNDATION TRUST,0,0,10810,0,0,0,0,0,167,0,0,0,0,0,0,0,0,0
2023-04-01,RJ6,NHS ENGLAND LONDON,CROYDON HEALTH SERVICES NHS TRUST,11956,0,4557,0,0,0,3940,0,0,0,0,0,521,281,1363,0,0,112
2023-04-01,RNQ,NHS ENGLAND MIDLANDS ,KETTERING GENERAL HOSPITAL NHS FOUNDATION TRUST,8307,0,0,328,0,0,0,0,0,0,0,0,1201,0,1907,0,0,146
2023-04-01,RPA,NHS ENGLAND SOUTH EAST ,MEDWAY NHS FOUNDATION TRUST,7224,0,6043,338,0,1238,2812,0,533,0,0,0,761,131,2027,0,0,937
2023-04-01,RRF,NHS ENGLAND NORTH WEST ,"WRIGHTINGTON, WIGAN AND LEIGH NHS FOUNDATION TRUST",7122,0,4978,0,0,0,3801,0,30,0,0,0,1087,306,2095,0,0,680
2023-04-01,RTR,NHS ENGLAND NORTH EAST AND YORKSHIRE ,SOUTH TEES HOSPITALS NHS FOUNDATION TRUST,9516,0,4948,0,0,322,3871,0,191,0,0,9,1007,61,2326,0,148,1751
2023-04-01,RYJ,NHS ENGLAND LONDON,IMPERIAL COLLEGE HEALTHCARE NHS TRUST,10966,3880,6139,0,0,0,0,0,0,0,0,0,994,42,2711,0,0,1082
2023-04-01,RJL,NHS ENGLAND NORTH EAST AND YORKSHIRE ,NORTHERN LINCOLNSHIRE AND GOOLE NHS FOUNDATION TRUST,13133,0,0,0,0,0,5083,0,0,0,0,0,882,454,4106,0,0,513
2023-04-01,RBV,NHS ENGLAND NORTH WEST ,THE CHRISTIE NHS FOUNDATION TRUST,0,0,0,0,0,0,0,0,0,0,0,0,0,0,0,0,0,585
2023-04-01,REM,NHS ENGLAND NORTH WEST ,LIVERPOOL UNIVERSITY HOSPITALS NHS FOUNDATION TRUST,15915,195,8095,443,0,0,6928,0,331,43,0,0,1798,1058,4769,0,0,1624
2023-04-01,RET,NHS ENGLAND NORTH WEST ,THE WALTON CENTRE NHS FOUNDATION TRUST,0,0,0,0,0,0,0,0,0,0,0,0,0,0,0,0,0,138
2023-04-01,Y03218,NHS ENGLAND LONDON,THE PINN UNREGISTERED WIC,0,0,764,0,0,0,0,0,0,0,0,0,0,0,0,0,0,0
2023-04-01,ACH01,NHS ENGLAND SOUTH EAST ,WHITSTABLE MEDICAL PRACTICE,0,0,4579,0,0,0,0,0,0,0,0,0,0,0,0,0,0,0
2023-04-01,C83023,NHS ENGLAND MIDLANDS ,SLEAFORD MEDICAL GROUP,0,0,637,0,0,0,0,0,0,0,0,0,0,0,0,0,0,8
2023-04-01,RBL,NHS ENGLAND NORTH WEST ,WIRRAL UNIVERSITY TEACHING HOSPITAL NHS FOUNDATION TRUST,7403,0,2505,169,0,244,3689,0,54,47,0,7,675,229,2005,0,0,1355
2023-04-01,RN3,NHS ENGLAND SOUTH WEST ,GREAT WESTERN HOSPITALS NHS FOUNDATION TRUST,4809,0,4695,0,0,297,2168,0,209,0,0,7,384,79,1984,0,0,1260
2023-04-01,RWW,NHS ENGLAND NORTH WEST ,WARRINGTON AND HALTON TEACHING HOSPITALS NHS FOUNDATION TRUST,6997,0,2867,245,0,151,2892,0,41,74,0,1,643,564,2002,0,0,172
2023-04-01,RHW,NHS ENGLAND SOUTH EAST ,ROYAL BERKSHIRE NHS FOUNDATION TRUST,10582,2244,0,618,0,0,3182,18,0,0,0,0,328,0,2149,2,0,829
2023-04-01,R0D,NHS ENGLAND SOUTH WEST ,UNIVERSITY HOSPITALS DORSET NHS FOUNDATION TRUST,12416,0,1326,205,0,0,0,0,0,0,0,0,883,169,3733,9,0,1953
2023-04-01,R0B,NHS ENGLAND NORTH EAST AND YORKSHIRE ,SOUTH TYNESIDE AND SUNDERLAND NHS FOUNDATION TRUST,10903,1452,5190,402,0,1053,4616,8,91,186,0,24,687,1,3994,18,0,1056
2023-04-01,RAL,NHS ENGLAND LONDON,ROYAL FREE LONDON NHS FOUNDATION TRUST,15477,0,7998,0,0,0,6928,0,350,0,0,0,1106,473,3866,0,0,480
2023-04-01,RDU,NHS ENGLAND SOUTH EAST ,FRIMLEY HEALTH NHS FOUNDATION TRUST,18137,0,0,1927,0,0,0,0,0,0,0,0,1339,0,5163,0,0,234
2023-04-01,RBN,NHS ENGLAND NORTH WEST ,ST HELENS AND KNOWSLEY TEACHING HOSPITALS NHS TRUST,9200,0,4235,130,0,0,4535,0,79,9,0,0,262,3,4853,0,0,429
2023-04-01,R0A,NHS ENGLAND NORTH WEST ,MANCHESTER UNIVERSITY NHS FOUNDATION TRUST,22266,3111,9892,2291,431,576,9413,41,432,738,2,44,2304,131,5307,190,147,501
2023-04-01,RR7,NHS ENGLAND NORTH EAST AND YORKSHIRE ,GATESHEAD HEALTH NHS FOUNDATION TRUST,5820,0,2811,23,0,24,2173,0,64,6,0,0,852,0,1656,0,0,718
2023-04-01,RM3,NHS ENGLAND NORTH WEST ,NORTHERN CARE ALLIANCE NHS FOUNDATION TRUST,22744,0,6642,0,0,0,9683,0,254,0,0,0,1279,461,6058,0,337,1470
2023-04-01,RX1,NHS ENGLAND MIDLANDS ,NOTTINGHAM UNIVERSITY HOSPITALS NHS TRUST,14403,1931,312,448,0,0,0,0,0,0,0,0,909,347,3827,0,0,2934
2023-04-01,NLX,NHS ENGLAND SOUTH WEST ,SIRONA CARE & HEALTH,0,0,6930,0,0,267,0,0,181,0,0,31,0,0,0,0,0,0
2023-04-01,RFS,NHS ENGLAND MIDLANDS ,CHESTERFIELD ROYAL HOSPITAL NHS FOUNDATION TRUST,5200,0,2430,165,0,122,2307,0,168,54,0,9,628,63,2302,0,239,513
2023-04-01,G0Q0L,NHS ENGLAND LONDON,BARKING HOSPITAL UTC,0,0,2182,0,0,0,0,0,100,0,0,0,0,0,0,0,0,0
2023-04-01,K6K0R,NHS ENGLAND LONDON,HAROLD WOOD POLYCLINIC UTC,0,0,2037,0,0,0,0,0,149,0,0,0,0,0,0,0,0,0
2023-08-01,L83087,NHS ENGLAND SOUTH WEST ,OKEHAMPTON MEDICAL CENTRE,0,0,96,0,0,0,0,0,0,0,0,0,0,0,0,0,0,0
2023-08-01,RW1,NHS ENGLAND SOUTH EAST ,SOUTHERN HEALTH NHS FOUNDATION TRUST,0,0,2664,0,0,0,0,0,18,0,0,0,0,0,0,0,3,157
2023-08-01,Y00751,NHS ENGLAND SOUTH EAST ,EAST BERKS PRIMARY CARE OOH(WAM),0,0,0,0,0,0,0,0,0,0,0,0,0,0,0,0,0,0
2023-08-01,8J094,NHS ENGLAND MIDLANDS ,BADGER LTD,0,0,0,0,0,2294,0,0,0,0,0,0,0,0,0,0,0,0
2023-08-01,ACH01,NHS ENGLAND SOUTH EAST ,WHITSTABLE MEDICAL PRACTICE,0,0,4704,0,0,0,0,0,0,0,0,0,0,0,0,0,0,0
2023-08-01,AQN04,NHS ENGLAND SOUTH EAST ,PHL LYMINGTON UTC,0,0,3057,0,0,30,0,0,76,0,0,0,0,0,0,0,0,0
2023-08-01,C82038,NHS ENGLAND MIDLANDS ,LATHAM HOUSE MEDICAL PRACTICE,0,0,343,0,0,0,0,0,0,0,0,0,0,0,0,0,0,0
2023-08-01,NQT51,NHS ENGLAND SOUTH EAST ,STATION PLAZA HEALTH CENTRE,0,0,1802,0,0,0,0,0,0,0,0,0,0,0,0,0,0,0
2023-08-01,NQTE4,NHS ENGLAND MIDLANDS ,SUMMERFIELD URGENT CARE CENTRE,0,0,4001,0,0,0,0,0,0,0,0,0,0,0,0,0,0,0
2023-08-01,RAT,NHS ENGLAND LONDON,NORTH EAST LONDON NHS FOUNDATION TRUST,0,0,1959,0,0,0,0,0,59,0,0,0,0,0,0,0,0,0
2023-08-01,RXQ,NHS ENGLAND SOUTH EAST ,BUCKINGHAMSHIRE HEALTHCARE NHS TRUST,8788,1220,3073,0,0,0,3327,0,87,0,0,0,375,234,3561,820,0,1149
2023-08-01,RY7,NHS ENGLAND NORTH WEST ,WIRRAL COMMUNITY HEALTH AND CARE NHS FOUNDATION TRUST,0,0,4690,0,0,0,0,0,182,0,0,0,0,0,0,0,0,0
2023-08-01,Y02428,NHS ENGLAND EAST OF ENGLAND ,PUTNOE WALK IN CENTRE,0,0,2201,0,0,0,0,0,0,0,0,0,0,0,0,0,0,0
2023-08-01,Y02532,NHS ENGLAND NORTH WEST ,MIRIAM MINOR EMERGENCY,0,0,1735,0,0,0,0,0,26,0,0,0,0,0,0,0,0,0
2023-08-01,Y02615,NHS ENGLAND MIDLANDS ,SOUTH BIRMINGHAM GP WALK IN CENTRE,0,0,6302,0,0,0,0,0,0,0,0,0,0,0,0,0,0,0
2023-08-01,Y03007,NHS ENGLAND MIDLANDS ,ERDINGTON GP HEALTH & WELLBEING WIC,0,0,0,0,0,1826,0,0,0,0,0,0,0,0,0,0,0,0
2023-08-01,AJN,NHS ENGLAND NORTH EAST AND YORKSHIRE ,WORKINGTON HEALTH LIMITED,0,0,381,0,0,0,0,0,0,0,0,0,0,0,0,0,0,0
2023-08-01,NL7,NHS ENGLAND MIDLANDS ,ASSURA VERTIS URGENT CARE CENTRES (BIRMINGHAM),0,0,4818,0,0,0,0,0,0,0,0,0,0,0,0,0,0,0
2023-08-01,RDY,NHS ENGLAND SOUTH WEST ,DORSET HEALTHCARE UNIVERSITY NHS FOUNDATION TRUST,0,0,0,0,0,0,0,0,0,0,0,0,0,0,0,0,2,4
2023-08-01,RGP,NHS ENGLAND EAST OF ENGLAND ,JAMES PAGET UNIVERSITY HOSPITALS NHS FOUNDATION TRUST,7092,0,1320,119,0,0,2780,0,0,30,0,0,569,262,1585,0,0,507
2023-08-01,Y02147,NHS ENGLAND LONDON,URGENT CARE CENTRE (QMS),0,0,7147,0,0,491,0,0,315,0,0,6,0,0,0,0,0,0
2023-08-01,Y02676,NHS ENGLAND SOUTH EAST ,BRIGHTON STATION HEALTH CENTRE,0,0,1796,0,0,0,0,0,5,0,0,0,0,0,0,0,0,0
2023-08-01,C82009,NHS ENGLAND MIDLANDS ,MARKET HARBOROUGH MED.CTR,0,0,296,0,0,0,0,0,0,0,0,0,0,0,0,0,0,0
2023-08-01,DD401,NHS ENGLAND SOUTH WEST ,EXMOUTH MINOR INJURY UNIT,0,0,1249,0,0,0,0,0,0,0,0,0,0,0,0,0,0,0
2023-08-01,RBQ,NHS ENGLAND NORTH WEST ,LIVERPOOL HEART AND CHEST HOSPITAL NHS FOUNDATION TRUST,0,0,0,0,0,0,0,0,0,0,0,0,0,0,0,0,0,189
2023-08-01,RJ1,NHS ENGLAND LONDON,GUY'S AND ST THOMAS' NHS FOUNDATION TRUST,11894,790,2179,0,0,1994,4095,0,7,0,0,0,22,58,3392,0,0,959
2023-08-01,RJN,NHS ENGLAND NORTH WEST ,EAST CHESHIRE NHS TRUST,4145,0,0,73,0,29,1596,0,0,0,0,0,251,119,924,0,0,161
2023-08-01,RXF,NHS ENGLAND NORTH EAST AND YORKSHIRE ,MID YORKSHIRE TEACHING NHS TRUST,16154,0,6043,124,0,21,6237,0,347,11,0,1,2177,7,3592,0,171,791
2023-08-01,RY5,NHS ENGLAND MIDLANDS ,LINCOLNSHIRE COMMUNITY HEALTH SERVICES NHS TRUST,0,0,9017,0,0,0,0,0,470,0,0,0,0,0,0,0,0,0
2023-08-01,C83023,NHS ENGLAND MIDLANDS ,SLEAFORD MEDICAL GROUP,0,0,521,0,0,0,0,0,0,0,0,0,0,0,0,0,0,13
2023-08-01,RJ2,NHS ENGLAND LONDON,LEWISHAM AND GREENWICH NHS TRUST,12161,0,10981,69,0,0,6048,0,1308,20,0,0,886,221,3530,0,0,1166
2023-08-01,RQX,NHS ENGLAND LONDON,HOMERTON HEALTHCARE NHS FOUNDATION TRUST,9802,0,0,22,0,0,1390,0,0,0,0,0,150,28,1637,0,0,141
2023-08-01,RWG,NHS ENGLAND EAST OF ENGLAND ,WEST HERTFORDSHIRE TEACHING HOSPITALS NHS TRUST,7319,0,6363,0,0,1183,4461,0,131,0,0,4,1223,0,3027,0,0,742
2023-08-01,ARN03,NHS ENGLAND NORTH EAST AND YORKSHIRE ,LOCAL CARE DIRECT,0,0,2254,0,0,239,0,0,0,0,0,0,0,0,0,0,0,0
2023-08-01,NTPAD,NHS ENGLAND SOUTH EAST ,PRACTICE PLUS GROUP SURGICAL CENTRE - ST MARYS PORTSMOUTH,0,0,5024,0,0,343,0,0,54,0,0,2,0,0,0,0,0,0
2023-08-01,RBS,NHS ENGLAND NORTH WEST ,ALDER HEY CHILDREN'S NHS FOUNDATION TRUST,4479,0,0,0,0,0,342,0,0,0,0,0,0,0,700,0,0,351
2023-08-01,RY9,NHS ENGLAND LONDON,HOUNSLOW AND RICHMOND COMMUNITY HEALTHCARE NHS TRUST,0,0,4682,0,0,0,0,0,0,0,0,0,0,0,0,0,0,0
2023-08-01,NR3,NHS ENGLAND MIDLANDS ,NOTTINGHAM CITYCARE PARTNERSHIP,0,0,4674,0,0,254,0,0,192,0,0,0,0,0,0,0,0,0
2023-08-01,RCX,NHS ENGLAND EAST OF ENGLAND ,"THE QUEEN ELIZABETH HOSPITAL, KING'S LYNN, NHS FOUNDATION TRUST",6501,0,933,85,0,0,2733,0,0,15,0,0,670,418,1951,0,0,616
2023-08-01,AAH,NHS ENGLAND SOUTH WEST ,TETBURY HOSPITAL TRUST LTD,0,0,477,0,0,0,0,0,0,0,0,0,0,0,0,0,0,0
2023-08-01,R0B,NHS ENGLAND NORTH EAST AND YORKSHIRE ,SOUTH TYNESIDE AND SUNDERLAND NHS FOUNDATION TRUST,11001,1452,5387,396,0,1215,3985,11,63,148,0,7,539,2,4416,20,0,1022
2023-08-01,RFF,NHS ENGLAND NORTH EAST AND YORKSHIRE ,BARNSLEY HOSPITAL NHS FOUNDATION TRUST,8008,0,0,430,0,0,3109,0,0,0,0,0,544,0,2469,0,0,491
2023-08-01,RLQ,NHS ENGLAND MIDLANDS ,WYE VALLEY NHS TRUST,5588,0,0,149,0,0,2517,0,0,31,0,0,141,213,1575,0,0,564
2023-08-01,RTP,NHS ENGLAND SOUTH EAST ,SURREY AND SUSSEX HEALTHCARE NHS TRUST,9803,0,0,0,0,0,2949,0,0,0,0,0,748,190,3151,0,0,792
2023-08-01,RWY,NHS ENGLAND NORTH EAST AND YORKSHIRE ,CALDERDALE AND HUDDERSFIELD NHS FOUNDATION TRUST,14102,0,0,0,0,0,4186,0,0,0,0,0,975,7,2875,0,0,833
2023-08-01,RYY,NHS ENGLAND SOUTH EAST ,KENT COMMUNITY HEALTH NHS FOUNDATION TRUST,0,0,9371,0,0,0,0,0,91,0,0,0,0,0,0,0,0,0
2023-08-01,NDJ,NHS ENGLAND SOUTH EAST ,FIRST COMMUNITY HEALTH AND CARE CIC,0,0,2409,0,0,0,0,0,0,0,0,0,0,0,0,0,0,0
2023-08-01,NQT5F,NHS ENGLAND NORTH WEST ,SKELMERSDALE WALK IN CENTRE,0,0,1861,0,0,0,0,0,5,0,0,0,0,0,0,0,0,0
2023-08-01,NQT5H,NHS ENGLAND SOUTH WEST ,PAULTON MEMORIAL HOSPITAL,0,0,868,0,0,0,0,0,12,0,0,0,0,0,0,0,0,0
2023-08-01,RBD,NHS ENGLAND SOUTH WEST ,DORSET COUNTY HOSPITAL NHS FOUNDATION TRUST,4629,0,0,321,0,4154,1824,0,0,81,0,11,136,8,1581,0,0,440
2023-08-01,RLT,NHS ENGLAND MIDLANDS ,GEORGE ELIOT HOSPITAL NHS TRUST,6156,0,1838,0,0,0,2351,0,46,0,0,0,784,10,865,0,0,31
2023-08-01,RPC,NHS ENGLAND SOUTH EAST ,QUEEN VICTORIA HOSPITAL NHS FOUNDATION TRUST,0,0,1758,0,0,0,0,0,2,0,0,0,0,0,0,0,5,499
2023-08-01,RR7,NHS ENGLAND NORTH EAST AND YORKSHIRE ,GATESHEAD HEALTH NHS FOUNDATION TRUST,5760,0,3441,43,0,39,2613,0,37,12,0,0,865,0,1575,0,0,783
2023-08-01,RTK,NHS ENGLAND SOUTH EAST ,ASHFORD AND ST PETER'S HOSPITALS NHS FOUNDATION TRUST,9018,0,0,0,0,0,3635,0,0,0,0,0,831,4,2722,0,0,594
2023-08-01,RV9,NHS ENGLAND NORTH EAST AND YORKSHIRE ,HUMBER TEACHING NHS FOUNDATION TRUST,0,0,1153,0,0,67,0,0,4,0,0,0,0,0,0,0,0,0
2023-08-01,RWA,NHS ENGLAND NORTH EAST AND YORKSHIRE ,HULL UNIVERSITY TEACHING HOSPITALS NHS TRUST,10518,0,0,0,0,0,5075,0,0,0,0,0,982,224,3521,0,0,1715
2023-08-01,RXG,NHS ENGLAND NORTH EAST AND YORKSHIRE ,SOUTH WEST YORKSHIRE PARTNERSHIP NHS FOUNDATION TRUST,0,0,0,0,0,0,0,0,0,0,0,0,0,0,0,0,0,135
2023-08-01,RY8,NHS ENGLAND MIDLANDS ,DERBYSHIRE COMMUNITY HEALTH SERVICES NHS FOUNDATION TRUST,0,0,7496,0,0,1369,0,0,1,0,0,0,0,0,0,0,0,0
2023-08-01,Y03218,NHS ENGLAND LONDON,THE PINN UNREGISTERED WIC,0,0,797,0,0,0,0,0,0,0,0,0,0,0,0,0,0,0
2023-08-01,Y03571,NHS ENGLAND MIDLANDS ,CORBY URGENT CARE CENTRE,0,0,7523,0,0,545,0,0,28,0,0,0,0,0,0,0,0,0
2023-08-01,AXG,NHS ENGLAND SOUTH WEST ,WILTSHIRE HEALTH & CARE,0,0,2126,0,0,35,0,0,81,0,0,1,0,0,0,0,0,0
2023-08-01,NNF09,NHS ENGLAND NORTH EAST AND YORKSHIRE ,BRANSHOLME HEALTH CENTRE,0,0,3791,0,0,0,0,0,550,0,0,0,0,0,0,0,0,0
2023-08-01,NNF76,NHS ENGLAND NORTH EAST AND YORKSHIRE ,THE WILBERFORCE HEALTH CENTRE,0,0,2622,0,0,0,0,0,0,0,0,0,0,0,0,0,0,0
2023-08-01,NNF94,NHS ENGLAND NORTH EAST AND YORKSHIRE ,EAST RIDING COMMUNITY HOSPITAL,0,0,2707,0,0,0,0,0,366,0,0,0,0,0,0,0,0,0
2023-08-01,NNFA7,NHS ENGLAND NORTH EAST AND YORKSHIRE ,GOOLE & DISTRICT HOSPITAL,0,0,1470,0,0,0,0,0,21,0,0,0,0,0,0,0,0,0
2023-08-01,NNJ07,NHS ENGLAND MIDLANDS ,LOUGHBOROUGH URGENT CARE CENTRE,0,0,4905,0,0,413,0,0,7,0,0,0,0,0,0,0,0,0
2023-08-01,NNJ0H,NHS ENGLAND MIDLANDS ,LLR EA - THE MERLYN VAZ HEALTH & SOCIAL CARE CENTRE,0,0,111,0,0,1419,0,0,0,0,0,1,0,0,0,0,0,0
2023-08-01,NNJ12,NHS ENGLAND MIDLANDS ,MARKET HARBOROUGH,0,0,100,0,0,361,0,0,0,0,0,0,0,0,0,0,0,0
2023-08-01,NNJ13,NHS ENGLAND MIDLANDS ,MELTON MOWBRAY,0,0,42,0,0,360,0,0,0,0,0,0,0,0,0,0,0,0
2023-08-01,NNJ14,NHS ENGLAND MIDLANDS ,OADBY,0,0,841,0,0,1491,0,0,0,0,0,0,0,0,0,0,0,0
2023-08-01,NNJ15,NHS ENGLAND MIDLANDS ,OAKHAM,0,0,50,0,0,302,0,0,0,0,0,0,0,0,0,0,0,0
2023-08-01,NNJ,NHS ENGLAND MIDLANDS ,DHU HEALTH CARE C.I.C,0,0,1746,0,0,0,0,0,0,0,0,0,0,0,0,0,0,0
2023-08-01,RAE,NHS ENGLAND NORTH EAST AND YORKSHIRE ,BRADFORD TEACHING HOSPITALS NHS FOUNDATION TRUST,8573,0,3004,0,0,0,2862,0,0,0,0,0,878,44,2767,0,123,1358
2023-08-01,RAN,NHS ENGLAND LONDON,ROYAL NATIONAL ORTHOPAEDIC HOSPITAL NHS TRUST,0,0,0,0,0,0,0,0,0,0,0,0,0,0,0,0,0,33
2023-08-01,RAX,NHS ENGLAND LONDON,KINGSTON HOSPITAL NHS FOUNDATION TRUST,6456,0,2611,0,0,0,2923,0,191,0,0,0,317,172,1830,0,150,650
2023-08-01,RD1,NHS ENGLAND SOUTH WEST ,ROYAL UNITED HOSPITALS BATH NHS FOUNDATION TRUST,7811,0,0,0,0,0,2530,0,0,0,0,0,340,0,2412,0,4,1475
2023-08-01,RDU,NHS ENGLAND SOUTH EAST ,FRIMLEY HEALTH NHS FOUNDATION TRUST,21046,0,0,0,0,0,7690,0,0,0,0,0,1427,0,5556,0,0,319
2023-08-01,REF,NHS ENGLAND SOUTH WEST ,ROYAL CORNWALL HOSPITALS NHS TRUST,6917,0,13543,0,0,0,3648,0,500,0,0,0,609,396,2190,0,23,1091
2023-08-01,REP,NHS ENGLAND NORTH WEST ,LIVERPOOL WOMEN'S NHS FOUNDATION TRUST,0,1270,0,0,143,0,0,113,0,0,0,0,0,0,0,89,0,11
2023-08-01,RGN,NHS ENGLAND EAST OF ENGLAND ,NORTH WEST ANGLIA NHS FOUNDATION TRUST,12433,0,4306,41,0,411,5411,0,396,15,0,31,624,516,3064,0,104,1246
2023-08-01,RHQ,NHS ENGLAND NORTH EAST AND YORKSHIRE ,SHEFFIELD TEACHING HOSPITALS NHS FOUNDATION TRUST,8737,1156,6739,398,0,618,4480,0,225,191,0,8,843,7,3473,0,0,3100
2023-08-01,RL4,NHS ENGLAND MIDLANDS ,THE ROYAL WOLVERHAMPTON NHS TRUST,12455,0,5702,2,0,883,3979,0,171,0,0,0,686,34,5807,0,0,843
2023-08-01,RN5,NHS ENGLAND SOUTH EAST ,HAMPSHIRE HOSPITALS NHS FOUNDATION TRUST,11682,0,390,0,0,165,3679,0,0,0,0,0,713,4,4074,0,0,1149
2023-08-01,RNU,NHS ENGLAND SOUTH EAST ,OXFORD HEALTH NHS FOUNDATION TRUST,0,0,4132,0,0,0,0,0,306,0,0,0,0,0,0,0,0,0
2023-08-01,RP6,NHS ENGLAND LONDON,MOORFIELDS EYE HOSPITAL NHS FOUNDATION TRUST,0,5688,0,0,0,0,0,8,0,0,0,0,0,0,0,3,0,208
2023-08-01,RQ3,NHS ENGLAND MIDLANDS ,BIRMINGHAM WOMEN'S AND CHILDREN'S NHS FOUNDATION TRUST,3380,0,0,0,0,0,312,0,0,0,0,0,0,0,817,0,0,251
2023-08-01,RQM,NHS ENGLAND LONDON,CHELSEA AND WESTMINSTER HOSPITAL NHS FOUNDATION TRUST,16950,0,8249,450,0,0,4423,0,25,0,0,0,473,46,2458,0,0,352
2023-08-01,RTQ,NHS ENGLAND SOUTH WEST ,GLOUCESTERSHIRE HEALTH AND CARE NHS FOUNDATION TRUST,0,0,6346,0,0,0,0,0,12,0,0,0,0,0,0,0,0,26
2023-08-01,RVW,NHS ENGLAND NORTH EAST AND YORKSHIRE ,NORTH TEES AND HARTLEPOOL NHS FOUNDATION TRUST,4124,0,10829,0,0,0,2083,0,47,0,0,0,158,4,1475,0,491,1979
2023-08-01,RWP,NHS ENGLAND MIDLANDS ,WORCESTERSHIRE ACUTE HOSPITALS NHS TRUST,11801,0,5965,184,0,0,6189,0,12,58,0,0,918,300,3359,0,0,1250
2023-08-01,RXC,NHS ENGLAND SOUTH EAST ,EAST SUSSEX HEALTHCARE NHS TRUST,8944,0,2594,1080,0,770,3299,0,29,0,0,0,167,0,3327,0,0,624
2023-08-01,RXW,NHS ENGLAND MIDLANDS ,THE SHREWSBURY AND TELFORD HOSPITAL NHS TRUST,10393,0,1941,86,0,333,5957,0,186,23,0,1,493,803,2633,0,43,2108
2023-08-01,RYF,NHS ENGLAND SOUTH WEST ,SOUTH WESTERN AMBULANCE SERVICE NHS FOUNDATION TRUST,0,0,1616,0,0,0,0,0,131,0,0,0,0,0,0,0,0,0
2023-08-01,RYG,NHS ENGLAND MIDLANDS ,COVENTRY AND WARWICKSHIRE PARTNERSHIP NHS TRUST,0,0,0,0,0,0,0,0,0,0,0,0,0,0,0,0,8,74
2023-08-01,AD913,NHS ENGLAND LONDON,BECKENHAM BEACON UCC,0,0,3397,0,0,208,0,0,28,0,0,0,0,0,0,0,0,0
2023-08-01,NDA57,NHS ENGLAND SOUTH EAST ,HASLEMERE MINOR INJURIES UNIT,0,0,1393,0,0,13,0,0,0,0,0,0,0,0,0,0,0,0
2023-08-01,NTP11,NHS ENGLAND SOUTH EAST ,PRACTICE PLUS GROUP HOSPITAL - SOUTHAMPTON,0,0,5235,0,0,0,0,0,74,0,0,0,0,0,0,0,0,0
2023-08-01,NV693,NHS ENGLAND NORTH WEST ,ROSSENDALE MIU & OOH,0,0,1002,0,0,0,0,0,0,0,0,0,0,0,0,0,0,0
2023-08-01,R0D,NHS ENGLAND SOUTH WEST ,UNIVERSITY HOSPITALS DORSET NHS FOUNDATION TRUST,13901,0,3772,0,0,0,6561,0,0,0,0,0,26,0,4058,5,0,2162
2023-08-01,RA2,NHS ENGLAND SOUTH EAST ,ROYAL SURREY COUNTY HOSPITAL NHS FOUNDATION TRUST,6156,0,0,483,0,0,2504,0,0,199,0,0,349,1,2255,0,0,974
2023-08-01,RBK,NHS ENGLAND MIDLANDS ,WALSALL HEALTHCARE NHS TRUST,7569,0,3617,270,0,127,2819,0,11,59,0,0,948,57,3184,0,0,663
2023-08-01,RBT,NHS ENGLAND NORTH WEST ,MID CHESHIRE HOSPITALS NHS FOUNDATION TRUST,6763,0,2617,93,0,33,3566,0,13,19,0,0,701,235,2352,0,0,946
2023-08-01,RBV,NHS ENGLAND NORTH WEST ,THE CHRISTIE NHS FOUNDATION TRUST,0,0,0,0,0,0,0,0,0,0,0,0,0,0,0,0,0,665
2023-08-01,RCU,NHS ENGLAND NORTH EAST AND YORKSHIRE ,SHEFFIELD CHILDREN'S NHS FOUNDATION TRUST,3409,0,24,233,0,2,207,0,0,15,0,0,4,0,699,0,0,61
2023-08-01,RD8,NHS ENGLAND EAST OF ENGLAND ,MILTON KEYNES UNIVERSITY HOSPITAL NHS FOUNDATION TRUST,7310,0,4680,469,0,164,3072,0,84,170,0,0,711,0,1777,0,0,321
2023-08-01,RJZ,NHS ENGLAND LONDON,KING'S COLLEGE HOSPITAL NHS FOUNDATION TRUST,14144,0,7776,49,0,1227,7097,0,513,13,0,232,1641,409,3805,0,0,509
2023-08-01,RK5,NHS ENGLAND MIDLANDS ,SHERWOOD FOREST HOSPITALS NHS FOUNDATION TRUST,10077,0,4896,16,0,91,3363,0,151,8,0,1,517,58,3234,0,0,348
2023-08-01,RM1,NHS ENGLAND EAST OF ENGLAND ,NORFOLK AND NORWICH UNIVERSITY HOSPITALS NHS FOUNDATION TRUST,10351,0,7943,470,0,1,4249,0,7,151,0,0,989,394,2433,0,0,1589
2023-08-01,RR8,NHS ENGLAND NORTH EAST AND YORKSHIRE ,LEEDS TEACHING HOSPITALS NHS TRUST,16067,0,10261,125,0,19,6530,0,46,38,0,0,1665,143,3674,0,0,1121
2023-08-01,RRF,NHS ENGLAND NORTH WEST ,"WRIGHTINGTON, WIGAN AND LEIGH NHS FOUNDATION TRUST",7089,0,5037,0,0,0,3679,0,38,0,0,0,1167,222,2282,0,0,813
2023-08-01,RTD,NHS ENGLAND NORTH EAST AND YORKSHIRE ,THE NEWCASTLE UPON TYNE HOSPITALS NHS FOUNDATION TRUST,11265,1585,5123,0,0,658,3938,111,0,0,0,0,612,34,3160,29,0,2909
2023-08-01,RTR,NHS ENGLAND NORTH EAST AND YORKSHIRE ,SOUTH TEES HOSPITALS NHS FOUNDATION TRUST,9971,0,4882,0,0,394,4078,0,272,0,0,9,965,6,2366,0,134,1941
2023-08-01,RVJ,NHS ENGLAND SOUTH WEST ,NORTH BRISTOL NHS TRUST,8597,0,0,69,0,0,2405,0,0,27,0,0,519,17,2781,0,0,1942
2023-08-01,RWD,NHS ENGLAND MIDLANDS ,UNITED LINCOLNSHIRE HOSPITALS NHS TRUST,12341,0,5401,2,0,0,7462,0,854,1,0,0,1057,894,4037,0,0,1051
2023-08-01,RWJ,NHS ENGLAND NORTH WEST ,STOCKPORT NHS FOUNDATION TRUST,8416,0,0,616,0,0,3014,0,0,157,0,0,955,63,2810,0,0,675
2023-08-01,RXR,NHS ENGLAND NORTH WEST ,EAST LANCASHIRE HOSPITALS NHS TRUST,11421,0,7983,0,0,0,4188,0,533,0,0,0,431,1095,3223,0,87,1780
2023-08-01,RYR,NHS ENGLAND SOUTH EAST ,UNIVERSITY HOSPITALS SUSSEX NHS FOUNDATION TRUST,23655,1564,2328,1492,0,552,9864,26,126,497,0,8,1440,673,8034,27,34,1329
2023-08-01,DT301,NHS ENGLAND EAST OF ENGLAND ,HERTS URGENT CARE (ASCOTS LANE),0,0,2353,0,0,0,0,0,14,0,0,0,0,0,0,0,0,0
2023-08-01,R1F,NHS ENGLAND SOUTH EAST ,ISLE OF WIGHT NHS TRUST,3706,0,2590,16,0,28,1916,0,34,8,0,0,330,388,1061,0,0,265
2023-08-01,R1H,NHS ENGLAND LONDON,BARTS HEALTH NHS TRUST,22528,820,16485,0,0,0,9929,26,2299,0,0,0,1453,585,5207,0,0,1131
2023-08-01,RAJ,NHS ENGLAND EAST OF ENGLAND ,MID AND SOUTH ESSEX NHS FOUNDATION TRUST,30123,0,1347,814,0,111,10221,0,65,236,0,8,2416,6,8400,0,217,1338
2023-08-01,RAP,NHS ENGLAND LONDON,NORTH MIDDLESEX UNIVERSITY HOSPITAL NHS TRUST,7920,463,5475,359,0,0,3922,1,596,92,0,0,470,765,1547,0,0,173
2023-08-01,RAS,NHS ENGLAND LONDON,THE HILLINGDON HOSPITALS NHS FOUNDATION TRUST,5542,0,5758,1,0,0,3353,0,81,1,0,0,655,21,1579,0,0,382
2023-08-01,RBN,NHS ENGLAND NORTH WEST ,MERSEY AND WEST LANCASHIRE TEACHING HOSPITALS NHS TRUST,16699,0,7043,335,0,0,6671,0,196,43,0,0,712,174,7300,0,0,606
2023-08-01,RCB,NHS ENGLAND NORTH EAST AND YORKSHIRE ,YORK AND SCARBOROUGH TEACHING HOSPITALS NHS FOUNDATION TRUST,9789,358,9093,0,0,470,5630,0,393,0,0,8,1058,635,4231,4,0,1407
2023-08-01,RCD,NHS ENGLAND NORTH EAST AND YORKSHIRE ,HARROGATE AND DISTRICT NHS FOUNDATION TRUST,4705,0,871,96,0,31,1539,0,0,30,0,0,77,0,1263,0,0,456
2023-08-01,RF4,NHS ENGLAND LONDON,"BARKING, HAVERING AND REDBRIDGE UNIVERSITY HOSPITALS NHS TRUST",11187,2341,10922,0,0,0,5635,431,2696,0,0,0,649,471,6867,0,0,396
2023-08-01,RGR,NHS ENGLAND EAST OF ENGLAND ,WEST SUFFOLK NHS FOUNDATION TRUST,6911,0,612,166,0,0,2778,0,0,0,0,0,523,278,1870,0,0,584
2023-08-01,RH5,NHS ENGLAND SOUTH WEST ,SOMERSET NHS FOUNDATION TRUST,12552,0,8957,0,0,0,4943,0,225,0,0,0,555,24,3399,0,0,1638
2023-08-01,RHM,NHS ENGLAND SOUTH EAST ,UNIVERSITY HOSPITAL SOUTHAMPTON NHS FOUNDATION TRUST,10896,1249,0,193,0,0,3966,51,0,64,0,0,159,5,3311,10,0,1467
2023-08-01,RJE,NHS ENGLAND MIDLANDS ,UNIVERSITY HOSPITALS OF NORTH MIDLANDS NHS TRUST,12993,481,7269,641,0,289,6454,0,105,249,0,0,1085,463,5676,0,0,2821
2023-08-01,RJL,NHS ENGLAND NORTH EAST AND YORKSHIRE ,NORTHERN LINCOLNSHIRE AND GOOLE NHS FOUNDATION TRUST,14227,0,0,0,0,0,4918,0,0,0,0,0,773,516,4289,0,0,487
2023-08-01,RJR,NHS ENGLAND NORTH WEST ,COUNTESS OF CHESTER HOSPITAL NHS FOUNDATION TRUST,6122,0,717,0,0,0,2875,0,14,0,0,0,263,576,1538,0,0,979
2023-08-01,RK9,NHS ENGLAND SOUTH WEST ,UNIVERSITY HOSPITALS PLYMOUTH NHS TRUST,8948,278,4297,0,0,0,5380,0,285,0,0,0,668,334,2824,0,0,1171
2023-08-01,RKB,NHS ENGLAND MIDLANDS ,UNIVERSITY HOSPITALS COVENTRY AND WARWICKSHIRE NHS TRUST,10507,1828,6531,56,0,99,4925,92,149,20,0,0,282,1,2605,74,69,1582
2023-08-01,RKE,NHS ENGLAND LONDON,WHITTINGTON HEALTH NHS TRUST,8042,0,0,0,0,0,2494,0,0,0,0,0,263,84,905,0,0,46
2023-08-01,RMP,NHS ENGLAND NORTH WEST ,TAMESIDE AND GLOSSOP INTEGRATED CARE NHS FOUNDATION TRUST,7523,0,2218,320,0,83,3280,0,0,0,0,0,415,71,2232,0,0,474
2023-08-01,RN7,NHS ENGLAND SOUTH EAST ,DARTFORD AND GRAVESHAM NHS TRUST,10315,0,3471,0,0,0,3465,0,45,0,0,0,551,4,2555,0,0,346
2023-08-01,RNA,NHS ENGLAND MIDLANDS ,THE DUDLEY GROUP NHS FOUNDATION TRUST,8643,0,4131,170,0,616,3628,0,29,29,0,0,1315,85,3305,0,0,1745
2023-08-01,RNS,NHS ENGLAND MIDLANDS ,NORTHAMPTON GENERAL HOSPITAL NHS TRUST,8134,627,1948,238,0,101,3696,9,91,67,0,5,435,697,1774,0,0,1345
2023-08-01,RNZ,NHS ENGLAND SOUTH WEST ,SALISBURY NHS FOUNDATION TRUST,4095,278,1737,210,0,0,1459,0,0,79,0,0,403,6,1270,0,0,687
2023-08-01,RPA,NHS ENGLAND SOUTH EAST ,MEDWAY NHS FOUNDATION TRUST,7990,0,6749,36,0,1444,2868,0,1028,5,0,0,586,289,2074,0,0,932
2023-08-01,RQW,NHS ENGLAND EAST OF ENGLAND ,THE PRINCESS ALEXANDRA HOSPITAL NHS TRUST,8936,0,0,1056,0,0,4619,0,0,0,0,0,447,80,2171,0,0,331
2023-08-01,RRK,NHS ENGLAND MIDLANDS ,UNIVERSITY HOSPITALS BIRMINGHAM NHS FOUNDATION TRUST,31240,0,1611,0,0,39,14857,0,28,0,0,0,3453,1243,10505,0,1,5152
2023-08-01,RTE,NHS ENGLAND SOUTH WEST ,GLOUCESTERSHIRE HOSPITALS NHS FOUNDATION TRUST,12055,0,0,256,0,0,5221,0,0,69,0,0,740,573,2682,0,0,1420
2023-08-01,RTG,NHS ENGLAND MIDLANDS ,UNIVERSITY HOSPITALS OF DERBY AND BURTON NHS FOUNDATION TRUST,16331,0,12029,203,0,59,8299,0,372,81,0,1,1037,158,4088,0,149,2317
2023-08-01,RTX,NHS ENGLAND NORTH WEST ,UNIVERSITY HOSPITALS OF MORECAMBE BAY NHS FOUNDATION TRUST,7935,0,4127,178,0,443,2890,0,178,34,0,6,562,275,2934,0,32,748
2023-08-01,RVV,NHS ENGLAND SOUTH EAST ,EAST KENT HOSPITALS UNIVERSITY NHS FOUNDATION TRUST,11688,0,11458,82,0,0,6268,0,223,31,0,0,607,908,4355,0,463,1558
2023-08-01,RW4,NHS ENGLAND NORTH WEST ,MERSEY CARE NHS FOUNDATION TRUST,0,0,12010,0,0,0,0,0,541,0,0,0,0,0,0,0,0,77
2023-08-01,RWH,NHS ENGLAND EAST OF ENGLAND ,EAST AND NORTH HERTFORDSHIRE NHS TRUST,9016,0,4938,1,0,329,5105,0,1,1,0,0,173,10,2694,0,0,242
2023-08-01,RWW,NHS ENGLAND NORTH WEST ,WARRINGTON AND HALTON TEACHING HOSPITALS NHS FOUNDATION TRUST,7072,0,2867,190,0,120,3057,0,48,59,0,1,843,539,2277,0,0,204
2023-08-01,RXK,NHS ENGLAND MIDLANDS ,SANDWELL AND WEST BIRMINGHAM HOSPITALS NHS TRUST,13645,1216,8623,741,0,0,7000,129,137,210,0,0,1779,139,2774,0,0,338
2023-08-01,RXP,NHS ENGLAND NORTH EAST AND YORKSHIRE ,COUNTY DURHAM AND DARLINGTON NHS FOUNDATION TRUST,12296,0,4015,0,0,5330,5228,0,0,0,0,0,1341,1,4093,0,0,700
2023-08-01,RYX,NHS ENGLAND LONDON,CENTRAL LONDON COMMUNITY HEALTHCARE NHS TRUST,0,0,9308,0,0,0,0,0,158,0,0,0,0,0,0,0,0,0
2023-08-01,Y04538,NHS ENGLAND SOUTH EAST ,BRACKNELL URGENT CARE CENTRE WIC,0,0,2412,0,0,0,0,0,70,0,0,0,0,0,0,0,0,0
2023-08-01,R1D,NHS ENGLAND MIDLANDS ,SHROPSHIRE COMMUNITY HEALTH NHS TRUST,0,0,3285,0,0,0,0,0,10,0,0,0,0,0,0,0,0,2
2023-08-01,RAL,NHS ENGLAND LONDON,ROYAL FREE LONDON NHS FOUNDATION TRUST,14009,0,9424,0,0,0,6121,0,585,0,0,0,979,599,4030,0,0,485
2023-08-01,RBL,NHS ENGLAND NORTH WEST ,WIRRAL UNIVERSITY TEACHING HOSPITAL NHS FOUNDATION TRUST,7854,0,2813,126,0,199,4231,0,28,46,0,0,807,167,2351,0,0,1465
2023-08-01,RCF,NHS ENGLAND NORTH EAST AND YORKSHIRE ,AIREDALE NHS FOUNDATION TRUST,5562,296,0,397,0,0,2592,0,0,0,0,0,290,0,1518,0,0,544
2023-08-01,RFR,NHS ENGLAND NORTH EAST AND YORKSHIRE ,THE ROTHERHAM NHS FOUNDATION TRUST,7641,0,0,0,0,0,3324,0,0,0,0,0,727,0,2658,0,0,511
2023-08-01,RH8,NHS ENGLAND SOUTH WEST ,ROYAL DEVON UNIVERSITY HEALTHCARE NHS FOUNDATION TRUST,12536,0,3007,1006,0,53,6369,0,47,362,0,1,863,52,3758,0,0,2189
2023-08-01,RHW,NHS ENGLAND SOUTH EAST ,ROYAL BERKSHIRE NHS FOUNDATION TRUST,11338,2227,0,419,0,0,3816,15,0,0,0,0,416,0,2357,1,0,796
2023-08-01,RJ7,NHS ENGLAND LONDON,ST GEORGE'S UNIVERSITY HOSPITALS NHS FOUNDATION TRUST,7812,0,3222,751,0,0,2128,0,0,70,0,0,512,372,2527,0,0,684
2023-08-01,RJ8,NHS ENGLAND SOUTH WEST ,CORNWALL PARTNERSHIP NHS FOUNDATION TRUST,0,0,0,0,0,0,0,0,0,0,0,0,0,0,0,0,7,79
2023-08-01,RNN,NHS ENGLAND NORTH EAST AND YORKSHIRE ,NORTH CUMBRIA INTEGRATED CARE NHS FOUNDATION TRUST,8796,0,2002,324,0,0,3373,0,5,69,0,0,641,289,2222,0,0,741
2023-08-01,RRV,NHS ENGLAND LONDON,UNIVERSITY COLLEGE LONDON HOSPITALS NHS FOUNDATION TRUST,12053,0,0,644,0,0,3671,0,0,0,0,0,302,45,1446,0,0,302
2023-08-01,RVR,NHS ENGLAND LONDON,EPSOM AND ST HELIER UNIVERSITY HOSPITALS NHS TRUST,11717,341,0,150,0,0,2708,0,0,14,0,0,445,538,1807,7,0,140
2023-08-01,RWX,NHS ENGLAND SOUTH EAST ,BERKSHIRE HEALTHCARE NHS FOUNDATION TRUST,0,0,1388,0,0,0,0,0,8,0,0,0,0,0,0,0,42,0
2023-08-01,RXN,NHS ENGLAND NORTH WEST ,LANCASHIRE TEACHING HOSPITALS NHS FOUNDATION TRUST,11449,0,3664,222,0,66,4095,0,113,32,0,1,1176,131,3069,0,153,1435
2023-08-01,RYJ,NHS ENGLAND LONDON,IMPERIAL COLLEGE HEALTHCARE NHS TRUST,12179,3860,6862,0,0,0,5239,23,69,0,0,0,897,71,3100,1,0,1142
2023-08-01,REM,NHS ENGLAND NORTH WEST ,LIVERPOOL UNIVERSITY HOSPITALS NHS FOUNDATION TRUST,16698,232,8242,416,0,0,7243,0,661,49,0,0,1749,1004,5221,0,0,2089
2023-08-01,RL1,NHS ENGLAND MIDLANDS ,THE ROBERT JONES AND AGNES HUNT ORTHOPAEDIC HOSPITAL NHS FOUNDATION TRUST,0,0,0,0,0,0,0,0,0,0,0,0,0,0,0,0,0,23
2023-08-01,RWE,NHS ENGLAND MIDLANDS ,UNIVERSITY HOSPITALS OF LEICESTER NHS TRUST,19195,1817,0,0,0,0,8115,104,0,0,0,0,1245,1087,5251,4,0,3315
2023-08-01,NTV0B,NHS ENGLAND SOUTH EAST ,ASHFORD WALK-IN-CENTRE,0,0,2438,0,0,0,0,0,67,0,0,0,0,0,0,0,0,0
2023-08-01,R0A,NHS ENGLAND NORTH WEST ,MANCHESTER UNIVERSITY NHS FOUNDATION TRUST,19680,3155,13437,1761,511,1176,8055,100,1609,580,12,305,2873,142,5343,171,387,503
2023-08-01,RA7,NHS ENGLAND SOUTH WEST ,UNIVERSITY HOSPITALS BRISTOL AND WESTON NHS FOUNDATION TRUST,13754,2170,0,0,0,0,4547,66,0,0,0,0,917,112,4518,14,0,1420
2023-08-01,RJ6,NHS ENGLAND LONDON,CROYDON HEALTH SERVICES NHS TRUST,11803,0,4198,1,0,1,3994,0,0,0,0,0,598,310,1424,0,0,112
2023-08-01,RJC,NHS ENGLAND MIDLANDS ,SOUTH WARWICKSHIRE UNIVERSITY NHS FOUNDATION TRUST,7184,0,462,28,0,0,2012,0,0,0,0,0,268,0,2072,0,0,666
2023-08-01,RMC,NHS ENGLAND NORTH WEST ,BOLTON NHS FOUNDATION TRUST,9327,0,1343,36,0,16,3825,0,225,9,0,3,587,595,2117,0,75,635
2023-08-01,NTV0W,NHS ENGLAND SOUTH EAST ,WOKING WALK IN CENTRE,0,0,2605,0,0,0,0,0,208,0,0,0,0,0,0,0,0,0
2023-08-01,R1K,NHS ENGLAND LONDON,LONDON NORTH WEST UNIVERSITY HEALTHCARE NHS TRUST,11962,0,12973,0,0,0,6896,0,363,0,0,0,718,253,6476,0,0,1275
2023-08-01,RC9,NHS ENGLAND EAST OF ENGLAND ,BEDFORDSHIRE HOSPITALS NHS FOUNDATION TRUST,15134,0,6317,0,0,1045,5292,0,0,0,0,0,80,0,4257,0,0,2025
2023-08-01,RDR,NHS ENGLAND SOUTH EAST ,SUSSEX COMMUNITY NHS FOUNDATION TRUST,0,0,11964,0,0,0,0,0,43,0,0,0,0,0,0,0,0,0
2023-08-01,RET,NHS ENGLAND NORTH WEST ,THE WALTON CENTRE NHS FOUNDATION TRUST,0,0,0,0,0,0,0,0,0,0,0,0,0,0,0,0,0,153
2023-08-01,RGT,NHS ENGLAND EAST OF ENGLAND ,CAMBRIDGE UNIVERSITY HOSPITALS NHS FOUNDATION TRUST,9340,0,6008,325,0,231,5061,0,71,127,0,1,689,238,2802,0,18,387
2023-08-01,RY4,NHS ENGLAND EAST OF ENGLAND ,HERTFORDSHIRE COMMUNITY NHS TRUST,0,0,1214,0,0,0,0,0,32,0,0,0,0,0,0,0,0,0
2023-08-01,RM3,NHS ENGLAND NORTH WEST ,NORTHERN CARE ALLIANCE NHS FOUNDATION TRUST,23741,0,6491,0,0,0,10596,0,181,0,0,0,1261,519,6515,0,354,1753
2023-08-01,RNQ,NHS ENGLAND MIDLANDS ,KETTERING GENERAL HOSPITAL NHS FOUNDATION TRUST,8642,0,0,346,0,0,4215,0,0,0,0,0,952,0,1945,0,0,171
2023-08-01,RY2,NHS ENGLAND NORTH WEST ,BRIDGEWATER COMMUNITY HEALTHCARE NHS FOUNDATION TRUST,0,0,3198,0,0,144,0,0,44,0,0,1,0,0,0,0,0,0
2023-08-01,RTF,NHS ENGLAND NORTH EAST AND YORKSHIRE ,NORTHUMBRIA HEALTHCARE NHS FOUNDATION TRUST,9247,0,11121,0,0,0,1664,0,13,0,0,0,34,0,5393,0,75,1062
2023-08-01,RWF,NHS ENGLAND SOUTH EAST ,MAIDSTONE AND TUNBRIDGE WELLS NHS TRUST,17222,0,2308,0,0,0,2973,0,15,0,0,0,725,0,5660,0,0,1136
2023-08-01,RP5,NHS ENGLAND NORTH EAST AND YORKSHIRE ,DONCASTER AND BASSETLAW TEACHING HOSPITALS NHS FOUNDATION TRUST,12894,0,3438,0,0,0,5229,0,2,0,0,0,1055,85,3701,0,317,1071
2023-08-01,RN3,NHS ENGLAND SOUTH WEST ,GREAT WESTERN HOSPITALS NHS FOUNDATION TRUST,5207,0,4904,0,0,324,2474,0,216,0,0,6,448,69,2254,0,0,1412
2023-08-01,RTH,NHS ENGLAND SOUTH EAST ,OXFORD UNIVERSITY HOSPITALS NHS FOUNDATION TRUST,10893,1807,480,1181,0,107,4135,0,4,333,0,0,604,0,3600,124,8,4096
2023-08-01,RHU,NHS ENGLAND SOUTH EAST ,PORTSMOUTH HOSPITALS UNIVERSITY NATIONAL HEALTH SERVICE TRUST,9384,822,2824,1213,0,692,4589,8,2,503,0,5,1483,14,3631,0,0,2418
2023-08-01,RA9,NHS ENGLAND SOUTH WEST ,TORBAY AND SOUTH DEVON NHS FOUNDATION TRUST,6657,0,3497,96,0,0,3169,0,80,41,0,0,616,162,1913,0,0,1247
2023-08-01,RXL,NHS ENGLAND NORTH WEST ,BLACKPOOL TEACHING HOSPITALS NHS FOUNDATION TRUST,8668,0,10843,226,0,246,4165,0,24,70,0,0,580,903,2602,0,0,1555
2023-08-01,RX1,NHS ENGLAND MIDLANDS ,NOTTINGHAM UNIVERSITY HOSPITALS NHS TRUST,14480,1878,334,518,0,0,8148,221,18,269,0,0,880,719,3867,0,0,3294
2023-08-01,NLX,NHS ENGLAND SOUTH WEST ,SIRONA CARE & HEALTH,0,0,7382,0,0,191,0,0,264,0,0,35,0,0,0,0,0,0
2023-08-01,RDE,NHS ENGLAND EAST OF ENGLAND ,EAST SUFFOLK AND NORTH ESSEX NHS FOUNDATION TRUST,13834,0,11197,191,0,152,6901,0,122,0,0,0,1169,182,4628,0,234,843
2023-08-01,RFS,NHS ENGLAND MIDLANDS ,CHESTERFIELD ROYAL HOSPITAL NHS FOUNDATION TRUST,6880,0,1277,248,0,87,2631,0,187,82,0,13,377,16,2490,0,223,527
2023-08-01,G0Q0L,NHS ENGLAND LONDON,BARKING HOSPITAL UTC,0,0,2121,0,0,0,0,0,150,0,0,0,0,0,0,0,0,0
2023-08-01,K6K0R,NHS ENGLAND LONDON,HAROLD WOOD POLYCLINIC UTC,0,0,2042,0,0,0,0,0,147,0,0,0,0,0,0,0,0,0
2023-12-01,RK9,NHS ENGLAND SOUTH WEST ,UNIVERSITY HOSPITALS PLYMOUTH NHS TRUST,8856,121,3572,0,0,0,5488,0,354,0,0,0,670,607,2961,0,0,1117
2023-12-01,Y02147,NHS ENGLAND LONDON,URGENT CARE CENTRE (QMS),0,0,8174,0,0,0,0,0,361,0,0,0,0,0,0,0,0,0
2023-12-01,8J094,NHS ENGLAND MIDLANDS ,BADGER LTD,0,0,0,0,0,2285,0,0,0,0,0,0,0,0,0,0,0,0
2023-12-01,AD913,NHS ENGLAND LONDON,BECKENHAM BEACON UCC,0,0,3626,0,0,275,0,0,192,0,0,0,0,0,0,0,0,0
2023-12-01,AQN04,NHS ENGLAND SOUTH EAST ,PHL LYMINGTON UTC,0,0,2526,0,0,11,0,0,14,0,0,0,0,0,0,0,0,0
2023-12-01,C82038,NHS ENGLAND MIDLANDS ,LATHAM HOUSE MEDICAL PRACTICE,0,0,222,0,0,0,0,0,0,0,0,0,0,0,0,0,0,0
2023-12-01,C83023,NHS ENGLAND MIDLANDS ,SLEAFORD MEDICAL GROUP,0,0,608,0,0,0,0,0,0,0,0,0,0,0,0,0,0,0
2023-12-01,L83087,NHS ENGLAND SOUTH WEST ,OKEHAMPTON MEDICAL CENTRE,0,0,63,0,0,0,0,0,0,0,0,0,0,0,0,0,0,0
2023-12-01,NQTE4,NHS ENGLAND MIDLANDS ,SUMMERFIELD URGENT CARE CENTRE,0,0,3363,0,0,0,0,0,0,0,0,0,0,0,0,0,0,0
2023-12-01,RDY,NHS ENGLAND SOUTH WEST ,DORSET HEALTHCARE UNIVERSITY NHS FOUNDATION TRUST,0,0,0,0,0,0,0,0,0,0,0,0,0,0,0,0,1,4
2023-12-01,RNU,NHS ENGLAND SOUTH EAST ,OXFORD HEALTH NHS FOUNDATION TRUST,0,0,2095,0,0,0,0,0,255,0,0,0,0,0,0,0,0,0
2023-12-01,RV9,NHS ENGLAND NORTH EAST AND YORKSHIRE ,HUMBER TEACHING NHS FOUNDATION TRUST,0,0,1016,0,0,40,0,0,2,0,0,0,0,0,0,0,0,0
2023-12-01,RW1,NHS ENGLAND SOUTH EAST ,SOUTHERN HEALTH NHS FOUNDATION TRUST,0,0,2790,0,0,0,0,0,71,0,0,0,0,0,0,0,1,161
2023-12-01,RWY,NHS ENGLAND NORTH EAST AND YORKSHIRE ,CALDERDALE AND HUDDERSFIELD NHS FOUNDATION TRUST,14954,0,0,0,0,0,5282,0,0,0,0,0,1388,1,3199,0,0,746
2023-12-01,RXG,NHS ENGLAND NORTH EAST AND YORKSHIRE ,SOUTH WEST YORKSHIRE PARTNERSHIP NHS FOUNDATION TRUST,0,0,0,0,0,0,0,0,0,0,0,0,0,0,0,0,0,131
2023-12-01,RY5,NHS ENGLAND MIDLANDS ,LINCOLNSHIRE COMMUNITY HEALTH SERVICES NHS TRUST,0,0,8293,0,0,0,0,0,225,0,0,0,0,0,0,0,0,0
2023-12-01,RY8,NHS ENGLAND MIDLANDS ,DERBYSHIRE COMMUNITY HEALTH SERVICES NHS FOUNDATION TRUST,0,0,5979,0,0,1833,0,0,1,0,0,1,0,0,0,0,0,0
2023-12-01,RYF,NHS ENGLAND SOUTH WEST ,SOUTH WESTERN AMBULANCE SERVICE NHS FOUNDATION TRUST,0,0,1373,0,0,0,0,0,48,0,0,0,0,0,0,0,0,0
2023-12-01,Y02532,NHS ENGLAND NORTH WEST ,MIRIAM MINOR EMERGENCY,0,0,1785,0,0,0,0,0,0,0,0,0,0,0,0,0,0,0
2023-12-01,Y02615,NHS ENGLAND MIDLANDS ,SOUTH BIRMINGHAM GP WALK IN CENTRE,0,0,7262,0,0,0,0,0,0,0,0,0,0,0,0,0,0,0
2023-12-01,Y03007,NHS ENGLAND MIDLANDS ,ERDINGTON GP HEALTH & WELLBEING WIC,0,0,0,0,0,2368,0,0,0,0,0,0,0,0,0,0,0,0
2023-12-01,Y04538,NHS ENGLAND SOUTH EAST ,BRACKNELL URGENT CARE CENTRE WIC,0,0,1968,0,0,0,0,0,2,0,0,0,0,0,0,0,0,0
2023-12-01,NDJ,NHS ENGLAND SOUTH EAST ,FIRST COMMUNITY HEALTH AND CARE CIC,0,0,2086,0,0,0,0,0,0,0,0,0,0,0,0,0,0,0
2023-12-01,NL7,NHS ENGLAND MIDLANDS ,ASSURA VERTIS URGENT CARE CENTRES (BIRMINGHAM),0,0,4674,0,0,0,0,0,0,0,0,0,0,0,0,0,0,0
2023-12-01,NQT5F,NHS ENGLAND NORTH WEST ,SKELMERSDALE WALK IN CENTRE,0,0,1965,0,0,0,0,0,75,0,0,0,0,0,0,0,0,0
2023-12-01,NQT5H,NHS ENGLAND SOUTH WEST ,PAULTON MEMORIAL HOSPITAL,0,0,819,0,0,0,0,0,11,0,0,0,0,0,0,0,0,0
2023-12-01,RAX,NHS ENGLAND LONDON,KINGSTON HOSPITAL NHS FOUNDATION TRUST,7334,0,8151,0,0,0,3767,0,343,0,0,0,402,353,2017,0,145,574
2023-12-01,RBQ,NHS ENGLAND NORTH WEST ,LIVERPOOL HEART AND CHEST HOSPITAL NHS FOUNDATION TRUST,0,0,0,0,0,0,0,0,0,0,0,0,0,0,0,0,0,238
2023-12-01,RGR,NHS ENGLAND EAST OF ENGLAND ,WEST SUFFOLK NHS FOUNDATION TRUST,6958,0,773,48,0,0,3234,0,0,0,0,0,425,519,1913,0,0,584
2023-12-01,RGT,NHS ENGLAND EAST OF ENGLAND ,CAMBRIDGE UNIVERSITY HOSPITALS NHS FOUNDATION TRUST,9569,0,4996,699,0,438,5366,0,100,321,0,29,661,584,2882,0,33,449
2023-12-01,RJ8,NHS ENGLAND SOUTH WEST ,CORNWALL PARTNERSHIP NHS FOUNDATION TRUST,0,0,0,0,0,0,0,0,0,0,0,0,0,0,0,0,13,63
2023-12-01,RXQ,NHS ENGLAND SOUTH EAST ,BUCKINGHAMSHIRE HEALTHCARE NHS TRUST,9900,1132,3078,0,0,0,4103,0,87,0,0,0,349,358,4131,774,0,1065
2023-12-01,RY7,NHS ENGLAND NORTH WEST ,WIRRAL COMMUNITY HEALTH AND CARE NHS FOUNDATION TRUST,0,0,4430,0,0,0,0,0,209,0,0,0,0,0,0,0,0,0
2023-12-01,RYY,NHS ENGLAND SOUTH EAST ,KENT COMMUNITY HEALTH NHS FOUNDATION TRUST,0,0,9667,0,0,0,0,0,29,0,0,0,0,0,0,0,0,0
2023-12-01,AAH,NHS ENGLAND SOUTH WEST ,TETBURY HOSPITAL TRUST LTD,0,0,474,0,0,0,0,0,0,0,0,0,0,0,0,0,0,0
2023-12-01,ACH01,NHS ENGLAND SOUTH EAST ,WHITSTABLE MEDICAL PRACTICE,0,0,4672,0,0,0,0,0,0,0,0,0,0,0,0,0,0,0
2023-12-01,AJN,NHS ENGLAND NORTH EAST AND YORKSHIRE ,WORKINGTON HEALTH LIMITED,0,0,475,0,0,0,0,0,0,0,0,0,0,0,0,0,0,0
2023-12-01,NTV0B,NHS ENGLAND SOUTH EAST ,ASHFORD WALK-IN-CENTRE,0,0,2496,0,0,0,0,0,240,0,0,0,0,0,0,0,0,0
2023-12-01,NTV0W,NHS ENGLAND SOUTH EAST ,WOKING WALK IN CENTRE,0,0,2588,0,0,0,0,0,83,0,0,0,0,0,0,0,0,0
2023-12-01,RBV,NHS ENGLAND NORTH WEST ,THE CHRISTIE NHS FOUNDATION TRUST,0,0,0,0,0,0,0,0,0,0,0,0,0,0,0,0,0,659
2023-12-01,REM,NHS ENGLAND NORTH WEST ,LIVERPOOL UNIVERSITY HOSPITALS NHS FOUNDATION TRUST,16354,206,8054,449,0,0,7230,0,1276,77,0,0,2099,1165,5498,0,0,2027
2023-12-01,RJN,NHS ENGLAND NORTH WEST ,EAST CHESHIRE NHS TRUST,4260,0,0,43,0,25,2182,0,0,0,0,0,303,299,1005,0,0,247
2023-12-01,RJR,NHS ENGLAND NORTH WEST ,COUNTESS OF CHESTER HOSPITAL NHS FOUNDATION TRUST,6190,0,450,0,0,0,3280,0,80,0,0,0,420,568,1726,0,0,1074
2023-12-01,RL4,NHS ENGLAND MIDLANDS ,THE ROYAL WOLVERHAMPTON NHS TRUST,12353,0,6306,126,0,973,4340,0,662,0,0,0,949,154,5811,0,0,862
2023-12-01,RLQ,NHS ENGLAND MIDLANDS ,WYE VALLEY NHS TRUST,5659,0,0,166,0,0,2704,0,0,39,0,0,454,226,1942,0,0,590
2023-12-01,RQ3,NHS ENGLAND MIDLANDS ,BIRMINGHAM WOMEN'S AND CHILDREN'S NHS FOUNDATION TRUST,5550,0,0,0,0,0,2035,0,0,0,0,0,0,0,935,0,0,206
2023-12-01,RR7,NHS ENGLAND NORTH EAST AND YORKSHIRE ,GATESHEAD HEALTH NHS FOUNDATION TRUST,6292,0,3762,29,0,27,3331,0,77,17,0,0,1077,7,1829,0,0,640
2023-12-01,Y02676,NHS ENGLAND SOUTH EAST ,BRIGHTON STATION HEALTH CENTRE,0,0,2023,0,0,0,0,0,0,0,0,0,0,0,0,0,0,0
2023-12-01,Y03218,NHS ENGLAND LONDON,THE PINN UNREGISTERED WIC,0,0,640,0,0,0,0,0,0,0,0,0,0,0,0,0,0,0
2023-12-01,NNJ,NHS ENGLAND MIDLANDS ,DHU HEALTH CARE C.I.C,0,0,2284,0,0,0,0,0,0,0,0,0,0,0,0,0,0,0
2023-12-01,NQT51,NHS ENGLAND SOUTH EAST ,STATION PLAZA HEALTH CENTRE,0,0,1431,0,0,0,0,0,0,0,0,0,0,0,0,0,0,0
2023-12-01,NR3,NHS ENGLAND MIDLANDS ,NOTTINGHAM CITYCARE PARTNERSHIP,0,0,5180,0,0,268,0,0,1386,0,0,2,0,0,0,0,0,0
2023-12-01,RBD,NHS ENGLAND SOUTH WEST ,DORSET COUNTY HOSPITAL NHS FOUNDATION TRUST,4242,0,0,337,0,3383,1730,0,0,94,0,5,177,29,1741,0,0,495
2023-12-01,RDU,NHS ENGLAND SOUTH EAST ,FRIMLEY HEALTH NHS FOUNDATION TRUST,21971,0,0,0,0,0,9976,0,0,0,0,0,1972,43,6554,0,0,284
2023-12-01,RPC,NHS ENGLAND SOUTH EAST ,QUEEN VICTORIA HOSPITAL NHS FOUNDATION TRUST,0,0,1393,0,0,0,0,0,9,0,0,0,0,0,0,0,2,480
2023-12-01,RQW,NHS ENGLAND EAST OF ENGLAND ,THE PRINCESS ALEXANDRA HOSPITAL NHS TRUST,8269,0,1098,0,0,980,5223,0,23,0,0,0,550,95,2161,0,0,423
2023-12-01,RQX,NHS ENGLAND LONDON,HOMERTON HEALTHCARE NHS FOUNDATION TRUST,10563,0,0,20,0,0,2124,0,0,0,0,0,233,25,1808,0,0,317
2023-12-01,RTD,NHS ENGLAND NORTH EAST AND YORKSHIRE ,THE NEWCASTLE UPON TYNE HOSPITALS NHS FOUNDATION TRUST,12362,1289,5635,0,0,832,5459,66,0,0,0,0,588,63,3514,20,0,2652
2023-12-01,RTG,NHS ENGLAND MIDLANDS ,UNIVERSITY HOSPITALS OF DERBY AND BURTON NHS FOUNDATION TRUST,19904,0,9703,357,0,76,9129,0,77,142,0,3,810,841,4184,0,6,2210
2023-12-01,RWE,NHS ENGLAND MIDLANDS ,UNIVERSITY HOSPITALS OF LEICESTER NHS TRUST,20843,1603,0,0,0,0,9432,71,0,0,0,0,1370,1167,5620,5,0,3256
2023-12-01,RXF,NHS ENGLAND NORTH EAST AND YORKSHIRE ,MID YORKSHIRE TEACHING NHS TRUST,16414,0,6197,124,0,100,7243,0,353,20,0,2,2234,309,3749,0,150,928
2023-12-01,NDA57,NHS ENGLAND SOUTH EAST ,HASLEMERE MINOR INJURIES UNIT,0,0,1106,0,0,7,0,0,0,0,0,0,0,0,0,0,0,0
2023-12-01,NTP11,NHS ENGLAND SOUTH EAST ,PRACTICE PLUS GROUP HOSPITAL - SOUTHAMPTON,0,0,5017,0,0,0,0,0,281,0,0,0,0,0,0,0,0,0
2023-12-01,RA2,NHS ENGLAND SOUTH EAST ,ROYAL SURREY COUNTY HOSPITAL NHS FOUNDATION TRUST,6052,0,0,593,0,0,2498,0,0,201,0,0,468,134,2264,0,0,914
2023-12-01,RBT,NHS ENGLAND NORTH WEST ,MID CHESHIRE HOSPITALS NHS FOUNDATION TRUST,6836,0,2455,51,0,30,3602,0,46,13,0,0,507,660,2346,0,0,979
2023-12-01,RF4,NHS ENGLAND LONDON,"BARKING, HAVERING AND REDBRIDGE UNIVERSITY HOSPITALS NHS TRUST",12824,2207,13097,0,0,0,6369,335,1136,0,0,0,780,587,7509,0,0,371
2023-12-01,RFF,NHS ENGLAND NORTH EAST AND YORKSHIRE ,BARNSLEY HOSPITAL NHS FOUNDATION TRUST,8336,0,0,444,0,0,3835,0,0,0,0,0,715,0,2987,0,0,498
2023-12-01,RJZ,NHS ENGLAND LONDON,KING'S COLLEGE HOSPITAL NHS FOUNDATION TRUST,15009,0,8510,88,0,1209,8710,0,707,28,0,165,1728,1018,3612,0,0,527
2023-12-01,RP6,NHS ENGLAND LONDON,MOORFIELDS EYE HOSPITAL NHS FOUNDATION TRUST,0,4914,0,0,0,0,0,52,0,0,0,0,0,0,0,5,0,202
2023-12-01,RW4,NHS ENGLAND NORTH WEST ,MERSEY CARE NHS FOUNDATION TRUST,0,0,11255,0,0,0,0,0,1511,0,0,0,0,0,0,0,0,66
2023-12-01,RWP,NHS ENGLAND MIDLANDS ,WORCESTERSHIRE ACUTE HOSPITALS NHS TRUST,12210,0,4622,111,0,0,6949,0,4,44,0,0,1131,260,3513,0,0,1371
2023-12-01,RXK,NHS ENGLAND MIDLANDS ,SANDWELL AND WEST BIRMINGHAM HOSPITALS NHS TRUST,13971,1008,9931,915,0,0,7503,84,748,210,0,0,1691,418,2855,0,0,471
2023-12-01,RXL,NHS ENGLAND NORTH WEST ,BLACKPOOL TEACHING HOSPITALS NHS FOUNDATION TRUST,8118,0,10044,227,0,139,3812,0,72,90,0,0,674,357,2764,0,0,1524
2023-12-01,Y03571,NHS ENGLAND MIDLANDS ,CORBY URGENT CARE CENTRE,0,0,8588,0,0,722,0,0,77,0,0,0,0,0,0,0,0,0
2023-12-01,NNJ07,NHS ENGLAND MIDLANDS ,LOUGHBOROUGH URGENT CARE CENTRE,0,0,5310,0,0,738,0,0,12,0,0,1,0,0,0,0,0,0
2023-12-01,NNJ0H,NHS ENGLAND MIDLANDS ,LLR EA - THE MERLYN VAZ HEALTH & SOCIAL CARE CENTRE,0,0,323,0,0,2267,0,0,0,0,0,1,0,0,0,0,0,0
2023-12-01,NNJ12,NHS ENGLAND MIDLANDS ,MARKET HARBOROUGH,0,0,97,0,0,374,0,0,0,0,0,0,0,0,0,0,0,0
2023-12-01,NNJ13,NHS ENGLAND MIDLANDS ,MELTON MOWBRAY,0,0,77,0,0,320,0,0,0,0,0,0,0,0,0,0,0,0
2023-12-01,NNJ14,NHS ENGLAND MIDLANDS ,OADBY,0,0,922,0,0,1748,0,0,0,0,0,0,0,0,0,0,0,0
2023-12-01,NNJ15,NHS ENGLAND MIDLANDS ,OAKHAM,0,0,108,0,0,468,0,0,0,0,0,0,0,0,0,0,0,0
2023-12-01,R0A,NHS ENGLAND NORTH WEST ,MANCHESTER UNIVERSITY NHS FOUNDATION TRUST,24231,3071,11641,2759,320,813,12255,107,1170,1286,4,154,3373,552,5869,170,180,474
2023-12-01,R0D,NHS ENGLAND SOUTH WEST ,UNIVERSITY HOSPITALS DORSET NHS FOUNDATION TRUST,13525,0,3386,0,0,0,6635,0,0,0,0,0,1192,266,4089,8,0,1977
2023-12-01,RAE,NHS ENGLAND NORTH EAST AND YORKSHIRE ,BRADFORD TEACHING HOSPITALS NHS FOUNDATION TRUST,9631,0,2851,0,0,0,2604,0,0,0,0,0,714,71,2606,0,95,1459
2023-12-01,RBK,NHS ENGLAND MIDLANDS ,WALSALL HEALTHCARE NHS TRUST,8447,0,4130,416,0,147,3424,0,138,76,0,0,1173,101,3735,0,0,773
2023-12-01,RCB,NHS ENGLAND NORTH EAST AND YORKSHIRE ,YORK AND SCARBOROUGH TEACHING HOSPITALS NHS FOUNDATION TRUST,10304,339,8327,0,0,811,5802,0,412,0,0,1,929,811,4631,1,0,1440
2023-12-01,RCU,NHS ENGLAND NORTH EAST AND YORKSHIRE ,SHEFFIELD CHILDREN'S NHS FOUNDATION TRUST,4660,0,489,306,0,28,687,0,0,45,0,0,12,0,995,0,0,111
2023-12-01,RD1,NHS ENGLAND SOUTH WEST ,ROYAL UNITED HOSPITALS BATH NHS FOUNDATION TRUST,8344,0,0,0,0,0,3331,0,0,0,0,0,708,27,2630,0,6,1524
2023-12-01,RD8,NHS ENGLAND EAST OF ENGLAND ,MILTON KEYNES UNIVERSITY HOSPITAL NHS FOUNDATION TRUST,7796,0,5385,617,0,115,2902,0,334,234,0,0,788,0,2152,0,0,480
2023-12-01,REF,NHS ENGLAND SOUTH WEST ,ROYAL CORNWALL HOSPITALS NHS TRUST,5954,0,10022,0,0,0,3539,0,572,0,0,0,517,615,2150,0,35,1070
2023-12-01,RHM,NHS ENGLAND SOUTH EAST ,UNIVERSITY HOSPITAL SOUTHAMPTON NHS FOUNDATION TRUST,11379,1109,0,155,0,0,4777,132,0,66,0,0,580,9,3508,12,0,1452
2023-12-01,RKE,NHS ENGLAND LONDON,WHITTINGTON HEALTH NHS TRUST,8911,0,0,0,0,0,3757,0,0,0,0,0,333,323,1162,0,0,47
2023-12-01,RRK,NHS ENGLAND MIDLANDS ,UNIVERSITY HOSPITALS BIRMINGHAM NHS FOUNDATION TRUST,32986,0,1205,74,0,210,15926,0,13,22,0,0,2910,1964,10816,0,1,5296
2023-12-01,RWD,NHS ENGLAND MIDLANDS ,UNITED LINCOLNSHIRE HOSPITALS NHS TRUST,9927,0,8957,1,0,0,6576,0,1442,1,0,0,998,967,4248,0,0,1063
2023-12-01,RWG,NHS ENGLAND EAST OF ENGLAND ,WEST HERTFORDSHIRE TEACHING HOSPITALS NHS TRUST,7900,0,7997,0,0,259,4975,0,346,0,0,0,1671,14,3250,0,0,449
2023-12-01,RY4,NHS ENGLAND EAST OF ENGLAND ,HERTFORDSHIRE COMMUNITY NHS TRUST,0,0,780,0,0,0,0,0,20,0,0,0,0,0,0,0,0,0
2023-12-01,RYR,NHS ENGLAND SOUTH EAST ,UNIVERSITY HOSPITALS SUSSEX NHS FOUNDATION TRUST,21860,1314,4765,1402,0,1039,10150,0,543,504,0,42,1784,1205,7945,32,36,1323
2023-12-01,DD401,NHS ENGLAND SOUTH WEST ,EXMOUTH MINOR INJURY UNIT,0,0,697,0,0,0,0,0,0,0,0,0,0,0,0,0,0,0
2023-12-01,NNF09,NHS ENGLAND NORTH EAST AND YORKSHIRE ,BRANSHOLME HEALTH CENTRE,0,0,3754,0,0,0,0,0,575,0,0,0,0,0,0,0,0,0
2023-12-01,NNF76,NHS ENGLAND NORTH EAST AND YORKSHIRE ,THE WILBERFORCE HEALTH CENTRE,0,0,3210,0,0,0,0,0,0,0,0,0,0,0,0,0,0,0
2023-12-01,NNF94,NHS ENGLAND NORTH EAST AND YORKSHIRE ,EAST RIDING COMMUNITY HOSPITAL,0,0,2475,0,0,0,0,0,323,0,0,0,0,0,0,0,0,0
2023-12-01,NNFA7,NHS ENGLAND NORTH EAST AND YORKSHIRE ,GOOLE & DISTRICT HOSPITAL,0,0,1380,0,0,0,0,0,30,0,0,0,0,0,0,0,0,0
2023-12-01,NV693,NHS ENGLAND NORTH WEST ,ROSSENDALE MIU & OOH,0,0,767,0,0,0,0,0,0,0,0,0,0,0,0,0,0,0
2023-12-01,R0B,NHS ENGLAND NORTH EAST AND YORKSHIRE ,SOUTH TYNESIDE AND SUNDERLAND NHS FOUNDATION TRUST,12380,1162,6220,467,0,1236,5980,13,236,237,0,32,1110,0,4584,14,0,1098
2023-12-01,R1K,NHS ENGLAND LONDON,LONDON NORTH WEST UNIVERSITY HEALTHCARE NHS TRUST,13151,0,14633,0,0,0,7926,0,492,0,0,0,883,488,7165,0,0,778
2023-12-01,RA7,NHS ENGLAND SOUTH WEST ,UNIVERSITY HOSPITALS BRISTOL AND WESTON NHS FOUNDATION TRUST,14562,1955,0,0,0,0,6105,79,0,0,0,0,1209,376,5083,7,0,1556
2023-12-01,RAJ,NHS ENGLAND EAST OF ENGLAND ,MID AND SOUTH ESSEX NHS FOUNDATION TRUST,31291,0,1685,523,0,18,11451,0,94,123,0,1,3247,12,8712,0,144,1198
2023-12-01,RCF,NHS ENGLAND NORTH EAST AND YORKSHIRE ,AIREDALE NHS FOUNDATION TRUST,5428,206,9,548,0,0,3174,0,0,0,0,0,475,143,1498,0,0,550
2023-12-01,RFR,NHS ENGLAND NORTH EAST AND YORKSHIRE ,THE ROTHERHAM NHS FOUNDATION TRUST,8328,0,0,0,0,0,3442,0,0,0,0,0,678,7,2942,0,0,573
2023-12-01,RH8,NHS ENGLAND SOUTH WEST ,ROYAL DEVON UNIVERSITY HEALTHCARE NHS FOUNDATION TRUST,11137,0,3051,1081,0,67,5012,0,24,432,0,0,978,115,3883,0,0,2118
2023-12-01,RHQ,NHS ENGLAND NORTH EAST AND YORKSHIRE ,SHEFFIELD TEACHING HOSPITALS NHS FOUNDATION TRUST,8843,884,6949,465,0,1169,4949,0,327,209,0,18,1583,6,3843,0,0,2620
2023-12-01,RJ2,NHS ENGLAND LONDON,LEWISHAM AND GREENWICH NHS TRUST,13948,0,12205,63,0,0,7969,0,1879,21,0,0,855,652,3779,0,0,1174
2023-12-01,RJ6,NHS ENGLAND LONDON,CROYDON HEALTH SERVICES NHS TRUST,12931,0,5385,16,0,0,5213,0,0,4,0,0,497,529,1537,0,0,116
2023-12-01,RJE,NHS ENGLAND MIDLANDS ,UNIVERSITY HOSPITALS OF NORTH MIDLANDS NHS TRUST,12873,383,7419,618,0,344,7130,0,292,309,0,12,757,1059,5836,0,0,2881
2023-12-01,RMP,NHS ENGLAND NORTH WEST ,TAMESIDE AND GLOSSOP INTEGRATED CARE NHS FOUNDATION TRUST,8118,0,3099,417,0,191,4354,0,52,0,0,0,572,156,2454,0,0,485
2023-12-01,RR8,NHS ENGLAND NORTH EAST AND YORKSHIRE ,LEEDS TEACHING HOSPITALS NHS TRUST,17193,0,11421,111,0,19,8158,0,17,48,0,0,1644,545,3958,0,0,1208
2023-12-01,RTK,NHS ENGLAND SOUTH EAST ,ASHFORD AND ST PETER'S HOSPITALS NHS FOUNDATION TRUST,9808,0,0,0,0,0,4508,0,0,0,0,0,931,47,2556,0,0,401
2023-12-01,RTP,NHS ENGLAND SOUTH EAST ,SURREY AND SUSSEX HEALTHCARE NHS TRUST,10435,0,0,0,0,0,3690,0,0,0,0,0,795,528,3031,0,0,795
2023-12-01,RTQ,NHS ENGLAND SOUTH WEST ,GLOUCESTERSHIRE HEALTH AND CARE NHS FOUNDATION TRUST,0,0,6208,0,0,0,0,0,15,0,0,0,0,0,0,0,0,30
2023-12-01,RTR,NHS ENGLAND NORTH EAST AND YORKSHIRE ,SOUTH TEES HOSPITALS NHS FOUNDATION TRUST,10258,0,4721,0,0,415,4824,0,261,0,0,14,653,118,2720,0,115,2002
2023-12-01,RVJ,NHS ENGLAND SOUTH WEST ,NORTH BRISTOL NHS TRUST,8586,0,0,65,0,0,2825,0,0,15,0,0,669,269,2704,0,0,1944
2023-12-01,RVW,NHS ENGLAND NORTH EAST AND YORKSHIRE ,NORTH TEES AND HARTLEPOOL NHS FOUNDATION TRUST,4931,0,12065,0,0,0,2726,0,77,0,0,0,230,12,1765,0,528,2103
2023-12-01,RWX,NHS ENGLAND SOUTH EAST ,BERKSHIRE HEALTHCARE NHS FOUNDATION TRUST,0,0,1275,0,0,0,0,0,11,0,0,0,0,0,0,0,40,0
2023-12-01,RXC,NHS ENGLAND SOUTH EAST ,EAST SUSSEX HEALTHCARE NHS TRUST,9230,0,1950,850,1149,0,3935,0,57,0,0,0,244,0,3719,0,0,565
2023-12-01,RXW,NHS ENGLAND MIDLANDS ,THE SHREWSBURY AND TELFORD HOSPITAL NHS TRUST,10137,0,2083,95,0,513,5904,0,283,33,0,12,544,1068,2916,0,54,2149
2023-12-01,RYG,NHS ENGLAND MIDLANDS ,COVENTRY AND WARWICKSHIRE PARTNERSHIP NHS TRUST,0,0,0,0,0,0,0,0,0,0,0,0,0,0,0,0,6,49
2023-12-01,Y00751,NHS ENGLAND SOUTH EAST ,EAST BERKS PRIMARY CARE OOH(WAM),0,0,0,0,0,0,0,0,0,0,0,0,0,0,0,0,0,0
2023-12-01,ARN03,NHS ENGLAND NORTH EAST AND YORKSHIRE ,LOCAL CARE DIRECT,0,0,2421,0,0,264,0,0,0,0,0,0,0,0,0,0,0,0
2023-12-01,AXG,NHS ENGLAND SOUTH WEST ,WILTSHIRE HEALTH & CARE,0,0,1962,0,0,52,0,0,12,0,0,0,0,0,0,0,0,0
2023-12-01,C82009,NHS ENGLAND MIDLANDS ,MARKET HARBOROUGH MED.CTR,0,0,184,0,0,0,0,0,0,0,0,0,0,0,0,0,0,0
2023-12-01,NTPAD,NHS ENGLAND SOUTH EAST ,PRACTICE PLUS GROUP SURGICAL CENTRE - ST MARYS PORTSMOUTH,0,0,4979,0,0,249,0,0,138,0,0,3,0,0,0,0,0,0
2023-12-01,R1D,NHS ENGLAND MIDLANDS ,SHROPSHIRE COMMUNITY HEALTH NHS TRUST,0,0,2571,0,0,0,0,0,1,0,0,0,0,0,0,0,0,0
2023-12-01,R1F,NHS ENGLAND SOUTH EAST ,ISLE OF WIGHT NHS TRUST,3444,0,1968,21,0,25,1746,0,0,10,0,0,260,179,1083,0,0,325
2023-12-01,RAN,NHS ENGLAND LONDON,ROYAL NATIONAL ORTHOPAEDIC HOSPITAL NHS TRUST,0,0,0,0,0,0,0,0,0,0,0,0,0,0,0,0,0,36
2023-12-01,RBS,NHS ENGLAND NORTH WEST ,ALDER HEY CHILDREN'S NHS FOUNDATION TRUST,6323,0,0,0,0,0,980,0,0,0,0,0,0,0,899,0,0,356
2023-12-01,RDE,NHS ENGLAND EAST OF ENGLAND ,EAST SUFFOLK AND NORTH ESSEX NHS FOUNDATION TRUST,14539,0,11405,310,0,239,6811,0,268,0,0,0,1176,345,6058,0,290,1009
2023-12-01,REP,NHS ENGLAND NORTH WEST ,LIVERPOOL WOMEN'S NHS FOUNDATION TRUST,0,1196,0,0,117,0,0,114,0,0,0,0,0,0,0,91,0,12
2023-12-01,RGP,NHS ENGLAND EAST OF ENGLAND ,JAMES PAGET UNIVERSITY HOSPITALS NHS FOUNDATION TRUST,6402,0,1335,106,0,0,2598,0,0,31,0,0,512,265,1691,0,0,512
2023-12-01,RJ1,NHS ENGLAND LONDON,GUY'S AND ST THOMAS' NHS FOUNDATION TRUST,10394,646,5814,0,0,0,4616,0,288,0,0,0,260,5,1863,0,0,263
2023-12-01,RJC,NHS ENGLAND MIDLANDS ,SOUTH WARWICKSHIRE UNIVERSITY NHS FOUNDATION TRUST,7619,0,282,21,0,0,2564,0,0,0,0,0,449,8,2167,0,0,667
2023-12-01,RJL,NHS ENGLAND NORTH EAST AND YORKSHIRE ,NORTHERN LINCOLNSHIRE AND GOOLE NHS FOUNDATION TRUST,14635,0,0,0,0,0,5640,0,0,0,0,0,860,705,4623,0,0,557
2023-12-01,RKB,NHS ENGLAND MIDLANDS ,UNIVERSITY HOSPITALS COVENTRY AND WARWICKSHIRE NHS TRUST,11219,1661,7435,41,0,138,5725,127,190,19,0,1,269,26,3143,70,90,1417
2023-12-01,RL1,NHS ENGLAND MIDLANDS ,THE ROBERT JONES AND AGNES HUNT ORTHOPAEDIC HOSPITAL NHS FOUNDATION TRUST,0,0,0,0,0,0,0,0,0,0,0,0,0,0,0,0,0,18
2023-12-01,RLT,NHS ENGLAND MIDLANDS ,GEORGE ELIOT HOSPITAL NHS TRUST,6731,0,1583,0,0,0,2182,0,56,0,0,0,634,98,1074,0,0,44
2023-12-01,RN7,NHS ENGLAND SOUTH EAST ,DARTFORD AND GRAVESHAM NHS TRUST,11816,0,3576,0,0,0,4334,0,39,0,0,0,1014,2,3174,0,0,323
2023-12-01,RNN,NHS ENGLAND NORTH EAST AND YORKSHIRE ,NORTH CUMBRIA INTEGRATED CARE NHS FOUNDATION TRUST,8487,0,1648,320,0,30,3995,0,20,94,0,1,641,683,2337,0,0,711
2023-12-01,RNZ,NHS ENGLAND SOUTH WEST ,SALISBURY NHS FOUNDATION TRUST,3940,264,2046,324,0,0,1669,0,0,135,0,0,428,5,1314,0,0,786
2023-12-01,RQM,NHS ENGLAND LONDON,CHELSEA AND WESTMINSTER HOSPITAL NHS FOUNDATION TRUST,19078,0,5883,592,0,0,5044,0,368,0,0,0,976,25,2785,0,0,367
2023-12-01,RRF,NHS ENGLAND NORTH WEST ,"WRIGHTINGTON, WIGAN AND LEIGH NHS FOUNDATION TRUST",7636,0,5109,0,0,0,4057,0,78,0,0,0,1316,406,2399,0,0,792
2023-12-01,RRV,NHS ENGLAND LONDON,UNIVERSITY COLLEGE LONDON HOSPITALS NHS FOUNDATION TRUST,12125,0,0,554,0,0,4076,0,0,0,0,0,349,192,1383,0,0,279
2023-12-01,RTE,NHS ENGLAND SOUTH WEST ,GLOUCESTERSHIRE HOSPITALS NHS FOUNDATION TRUST,11406,0,469,231,0,0,4853,0,0,77,0,0,501,905,2840,0,0,1820
2023-12-01,RVV,NHS ENGLAND SOUTH EAST ,EAST KENT HOSPITALS UNIVERSITY NHS FOUNDATION TRUST,13242,0,11746,0,0,0,7487,0,250,0,0,0,573,1260,3795,0,424,1067
2023-12-01,RWH,NHS ENGLAND EAST OF ENGLAND ,EAST AND NORTH HERTFORDSHIRE NHS TRUST,10195,0,5125,3,0,412,6245,0,22,2,0,0,180,83,2829,0,0,274
2023-12-01,RWJ,NHS ENGLAND NORTH WEST ,STOCKPORT NHS FOUNDATION TRUST,8646,0,0,789,0,0,3834,0,0,265,0,0,805,505,2618,0,0,714
2023-12-01,RXN,NHS ENGLAND NORTH WEST ,LANCASHIRE TEACHING HOSPITALS NHS FOUNDATION TRUST,11945,0,3904,177,0,96,4963,0,164,34,0,0,1216,361,3157,0,196,1391
2023-12-01,RXP,NHS ENGLAND NORTH EAST AND YORKSHIRE ,COUNTY DURHAM AND DARLINGTON NHS FOUNDATION TRUST,12685,0,4385,0,0,7128,6597,0,0,0,0,0,2022,18,4548,0,0,795
2023-12-01,RYJ,NHS ENGLAND LONDON,IMPERIAL COLLEGE HEALTHCARE NHS TRUST,12312,3369,6550,0,0,355,5796,20,625,0,0,0,831,179,3696,0,0,1023
2023-12-01,RAP,NHS ENGLAND LONDON,NORTH MIDDLESEX UNIVERSITY HOSPITAL NHS TRUST,8579,413,7532,94,0,145,5061,0,1635,39,0,43,337,820,1627,0,0,217
2023-12-01,RCX,NHS ENGLAND EAST OF ENGLAND ,"THE QUEEN ELIZABETH HOSPITAL, KING'S LYNN, NHS FOUNDATION TRUST",6108,0,1063,27,0,0,2761,0,0,14,0,0,262,81,2838,0,0,585
2023-12-01,RDR,NHS ENGLAND SOUTH EAST ,SUSSEX COMMUNITY NHS FOUNDATION TRUST,0,0,11223,0,0,0,0,0,181,0,0,0,0,0,0,0,0,0
2023-12-01,RHW,NHS ENGLAND SOUTH EAST ,ROYAL BERKSHIRE NHS FOUNDATION TRUST,11839,1826,0,746,0,0,4864,5,0,0,0,0,812,0,2664,1,0,805
2023-12-01,RM1,NHS ENGLAND EAST OF ENGLAND ,NORFOLK AND NORWICH UNIVERSITY HOSPITALS NHS FOUNDATION TRUST,11191,0,8357,373,0,1,4083,0,13,76,0,0,751,97,2744,0,0,1552
2023-12-01,RN5,NHS ENGLAND SOUTH EAST ,HAMPSHIRE HOSPITALS NHS FOUNDATION TRUST,11846,0,350,0,0,128,5075,0,0,0,0,0,1074,120,4252,0,0,1123
2023-12-01,RPA,NHS ENGLAND SOUTH EAST ,MEDWAY NHS FOUNDATION TRUST,8101,0,6358,272,0,1025,3848,0,1165,92,0,0,473,785,2217,0,0,1053
2023-12-01,RTX,NHS ENGLAND NORTH WEST ,UNIVERSITY HOSPITALS OF MORECAMBE BAY NHS FOUNDATION TRUST,7486,0,3537,209,0,588,2792,0,101,51,0,52,601,305,3029,0,49,910
2023-12-01,RWF,NHS ENGLAND SOUTH EAST ,MAIDSTONE AND TUNBRIDGE WELLS NHS TRUST,17905,0,2122,780,0,173,3493,0,42,70,0,4,961,34,5051,0,0,1021
2023-12-01,RY2,NHS ENGLAND NORTH WEST ,BRIDGEWATER COMMUNITY HEALTHCARE NHS FOUNDATION TRUST,0,0,3303,0,0,353,0,0,171,0,0,9,0,0,0,0,0,0
2023-12-01,R1H,NHS ENGLAND LONDON,BARTS HEALTH NHS TRUST,24700,740,16882,0,0,0,12022,14,2453,0,0,0,1348,699,5433,0,0,1093
2023-12-01,RBN,NHS ENGLAND NORTH WEST ,MERSEY AND WEST LANCASHIRE TEACHING HOSPITALS NHS TRUST,17532,0,7181,389,0,0,7689,0,195,80,0,0,401,384,7146,0,0,527
2023-12-01,RCD,NHS ENGLAND NORTH EAST AND YORKSHIRE ,HARROGATE AND DISTRICT NHS FOUNDATION TRUST,4902,0,694,166,0,30,1851,0,0,52,0,0,410,73,1349,0,0,422
2023-12-01,RGN,NHS ENGLAND EAST OF ENGLAND ,NORTH WEST ANGLIA NHS FOUNDATION TRUST,12895,0,4085,48,0,416,6599,0,675,24,0,51,520,702,3084,0,125,1402
2023-12-01,RK5,NHS ENGLAND MIDLANDS ,SHERWOOD FOREST HOSPITALS NHS FOUNDATION TRUST,10133,0,5314,19,0,102,4989,0,458,8,0,6,985,284,3385,0,0,336
2023-12-01,Y02428,NHS ENGLAND EAST OF ENGLAND ,PUTNOE WALK IN CENTRE,0,0,3195,0,0,0,0,0,0,0,0,0,0,0,0,0,0,0
2023-12-01,RNS,NHS ENGLAND MIDLANDS ,NORTHAMPTON GENERAL HOSPITAL NHS TRUST,8815,478,2135,97,0,29,4465,8,80,33,0,0,294,1009,1962,0,0,1356
2023-12-01,RH5,NHS ENGLAND SOUTH WEST ,SOMERSET NHS FOUNDATION TRUST,12463,0,8423,0,0,1,5263,0,308,0,0,0,667,93,3298,0,0,2044
2023-12-01,RMC,NHS ENGLAND NORTH WEST ,BOLTON NHS FOUNDATION TRUST,7875,0,3189,73,0,25,4251,0,550,30,0,2,531,614,2175,0,128,724
2023-12-01,RAS,NHS ENGLAND LONDON,THE HILLINGDON HOSPITALS NHS FOUNDATION TRUST,5877,0,6060,0,0,0,4106,0,262,0,0,0,627,39,1991,0,0,156
2023-12-01,RC9,NHS ENGLAND EAST OF ENGLAND ,BEDFORDSHIRE HOSPITALS NHS FOUNDATION TRUST,15600,0,7740,0,0,669,6616,0,0,0,0,0,80,12,4902,0,0,2217
2023-12-01,RM3,NHS ENGLAND NORTH WEST ,NORTHERN CARE ALLIANCE NHS FOUNDATION TRUST,23991,0,7238,0,0,0,12562,0,521,0,0,0,1277,818,6939,0,418,1445
2023-12-01,RN3,NHS ENGLAND SOUTH WEST ,GREAT WESTERN HOSPITALS NHS FOUNDATION TRUST,5443,0,5394,0,0,229,2575,0,223,0,0,1,484,41,2598,0,0,1390
2023-12-01,RP5,NHS ENGLAND NORTH EAST AND YORKSHIRE ,DONCASTER AND BASSETLAW TEACHING HOSPITALS NHS FOUNDATION TRUST,12997,0,3336,0,0,0,6129,0,3,0,0,0,1280,305,3501,0,430,1143
2023-12-01,RWW,NHS ENGLAND NORTH WEST ,WARRINGTON AND HALTON TEACHING HOSPITALS NHS FOUNDATION TRUST,6882,0,2985,194,0,83,3658,0,191,74,0,6,754,767,1854,0,0,191
2023-12-01,RBL,NHS ENGLAND NORTH WEST ,WIRRAL UNIVERSITY TEACHING HOSPITAL NHS FOUNDATION TRUST,7846,0,3223,150,0,261,4156,0,83,53,0,12,669,573,2230,0,0,1564
2023-12-01,RNA,NHS ENGLAND MIDLANDS ,THE DUDLEY GROUP NHS FOUNDATION TRUST,9289,0,4677,143,0,760,4055,0,160,25,0,0,2301,161,3653,0,0,1757
2023-12-01,RNQ,NHS ENGLAND MIDLANDS ,KETTERING GENERAL HOSPITAL NHS FOUNDATION TRUST,9228,0,0,402,0,0,4610,0,0,0,0,0,1363,0,1960,0,0,177
2023-12-01,RTF,NHS ENGLAND NORTH EAST AND YORKSHIRE ,NORTHUMBRIA HEALTHCARE NHS FOUNDATION TRUST,10168,0,11599,0,0,0,2736,0,8,0,0,0,96,0,5221,0,60,1256
2023-12-01,RJ7,NHS ENGLAND LONDON,ST GEORGE'S UNIVERSITY HOSPITALS NHS FOUNDATION TRUST,8674,0,2890,796,0,0,3072,0,0,148,0,0,490,629,2505,0,0,778
2023-12-01,RHU,NHS ENGLAND SOUTH EAST ,PORTSMOUTH HOSPITALS UNIVERSITY NATIONAL HEALTH SERVICE TRUST,9305,630,2542,1310,0,750,4970,7,54,698,0,10,1546,12,3687,0,0,2282
2023-12-01,DT301,NHS ENGLAND EAST OF ENGLAND ,HERTS URGENT CARE (ASCOTS LANE),0,0,2026,0,0,0,0,0,11,0,0,0,0,0,0,0,0,0
2023-12-01,RAT,NHS ENGLAND LONDON,NORTH EAST LONDON NHS FOUNDATION TRUST,0,0,1595,0,0,0,0,0,31,0,0,0,0,0,0,0,0,0
2023-12-01,RET,NHS ENGLAND NORTH WEST ,THE WALTON CENTRE NHS FOUNDATION TRUST,0,0,0,0,0,0,0,0,0,0,0,0,0,0,0,0,0,165
2023-12-01,RAL,NHS ENGLAND LONDON,ROYAL FREE LONDON NHS FOUNDATION TRUST,16241,0,10132,0,0,0,8202,0,1212,0,0,0,1408,724,4325,0,0,483
2023-12-01,RWA,NHS ENGLAND NORTH EAST AND YORKSHIRE ,HULL UNIVERSITY TEACHING HOSPITALS NHS TRUST,11128,0,0,0,0,0,6412,0,0,0,0,0,1033,496,3673,0,0,1699
2023-12-01,RXR,NHS ENGLAND NORTH WEST ,EAST LANCASHIRE HOSPITALS NHS TRUST,12088,0,8136,0,0,0,4489,0,792,0,0,0,363,1162,3882,0,84,2018
2023-12-01,RYX,NHS ENGLAND LONDON,CENTRAL LONDON COMMUNITY HEALTHCARE NHS TRUST,0,0,8099,0,0,401,0,0,140,0,0,2,0,0,0,0,0,0
2023-12-01,RX1,NHS ENGLAND MIDLANDS ,NOTTINGHAM UNIVERSITY HOSPITALS NHS TRUST,15157,1676,266,453,0,0,8492,332,15,245,0,0,597,901,3824,0,0,3537
2023-12-01,RTH,NHS ENGLAND SOUTH EAST ,OXFORD UNIVERSITY HOSPITALS NHS FOUNDATION TRUST,11656,1635,441,1433,0,117,5594,0,10,532,0,3,1145,3,4085,117,11,4215
2023-12-01,NLX,NHS ENGLAND SOUTH WEST ,SIRONA CARE & HEALTH,0,0,6844,0,0,198,0,0,280,0,0,77,0,0,0,0,0,0
2023-12-01,RVR,NHS ENGLAND LONDON,EPSOM AND ST HELIER UNIVERSITY HOSPITALS NHS TRUST,12601,259,0,277,0,0,3337,1,0,24,0,0,353,692,2057,0,0,122
2023-12-01,RFS,NHS ENGLAND MIDLANDS ,CHESTERFIELD ROYAL HOSPITAL NHS FOUNDATION TRUST,6715,0,1517,278,0,129,3099,0,248,92,0,21,942,145,2560,0,268,582
2023-12-01,G0Q0L,NHS ENGLAND LONDON,BARKING HOSPITAL UTC,0,0,2692,0,0,0,0,0,212,0,0,0,0,0,0,0,0,0
2023-12-01,K6K0R,NHS ENGLAND LONDON,HAROLD WOOD POLYCLINIC UTC,0,0,2767,0,0,0,0,0,232,0,0,0,0,0,0,0,0,0
2023-12-01,RA9,NHS ENGLAND SOUTH WEST ,TORBAY AND SOUTH DEVON NHS FOUNDATION TRUST,6131,0,2685,344,0,5,2816,0,6,135,0,0,679,121,2155,0,0,1178
2024-02-01,8J094,NHS ENGLAND MIDLANDS ,BADGER LTD,0,0,0,0,0,2008,0,0,0,0,0,0,0,0,0,0,0,0
2024-02-01,L83087,NHS ENGLAND SOUTH WEST ,OKEHAMPTON MEDICAL CENTRE,0,0,82,0,0,0,0,0,0,0,0,0,0,0,0,0,0,0
2024-02-01,NL7,NHS ENGLAND MIDLANDS ,ASSURA VERTIS URGENT CARE CENTRES (BIRMINGHAM),0,0,4343,0,0,0,0,0,0,0,0,0,0,0,0,0,0,0
2024-02-01,NQTE4,NHS ENGLAND MIDLANDS ,SUMMERFIELD URGENT CARE CENTRE,0,0,3266,0,0,0,0,0,0,0,0,0,0,0,0,0,0,0
2024-02-01,NTV0B,NHS ENGLAND SOUTH EAST ,ASHFORD WALK-IN-CENTRE,0,0,2369,0,0,0,0,0,91,0,0,0,0,0,0,0,0,0
2024-02-01,NTV0W,NHS ENGLAND SOUTH EAST ,WOKING WALK IN CENTRE,0,0,2444,0,0,0,0,0,70,0,0,0,0,0,0,0,0,0
2024-02-01,RAT,NHS ENGLAND LONDON,NORTH EAST LONDON NHS FOUNDATION TRUST,0,0,1194,0,0,0,0,0,43,0,0,0,0,0,0,0,0,0
2024-02-01,RFF,NHS ENGLAND NORTH EAST AND YORKSHIRE ,BARNSLEY HOSPITAL NHS FOUNDATION TRUST,7968,0,0,397,0,0,3093,0,0,0,0,0,533,0,2824,0,0,522
2024-02-01,RJ8,NHS ENGLAND SOUTH WEST ,CORNWALL PARTNERSHIP NHS FOUNDATION TRUST,0,0,0,0,0,0,0,0,0,0,0,0,0,0,0,0,19,73
2024-02-01,RW1,NHS ENGLAND SOUTH EAST ,SOUTHERN HEALTH NHS FOUNDATION TRUST,0,0,2810,0,0,0,0,0,52,0,0,0,0,0,0,0,1,136
2024-02-01,Y02428,NHS ENGLAND EAST OF ENGLAND ,PUTNOE WALK IN CENTRE,0,0,3073,0,0,0,0,0,0,0,0,0,0,0,0,0,0,0
2024-02-01,Y02615,NHS ENGLAND MIDLANDS ,SOUTH BIRMINGHAM GP WALK IN CENTRE,0,0,6506,0,0,0,0,0,0,0,0,0,0,0,0,0,0,0
2024-02-01,Y03007,NHS ENGLAND MIDLANDS ,ERDINGTON GP HEALTH & WELLBEING WIC,0,0,0,0,0,2007,0,0,0,0,0,0,0,0,0,0,0,0
2024-02-01,Y03218,NHS ENGLAND LONDON,THE PINN UNREGISTERED WIC,0,0,985,0,0,0,0,0,0,0,0,0,0,0,0,0,0,0
2024-02-01,ACH01,NHS ENGLAND SOUTH EAST ,WHITSTABLE MEDICAL PRACTICE,0,0,4191,0,0,0,0,0,0,0,0,0,0,0,0,0,0,0
2024-02-01,AQN04,NHS ENGLAND SOUTH EAST ,PHL LYMINGTON UTC,0,0,2543,0,0,7,0,0,15,0,0,0,0,0,0,0,0,0
2024-02-01,C82038,NHS ENGLAND MIDLANDS ,LATHAM HOUSE MEDICAL PRACTICE,0,0,251,0,0,0,0,0,0,0,0,0,0,0,0,0,0,0
2024-02-01,RNU,NHS ENGLAND SOUTH EAST ,OXFORD HEALTH NHS FOUNDATION TRUST,0,0,3370,0,0,0,0,0,299,0,0,0,0,0,0,0,0,0
2024-02-01,RXQ,NHS ENGLAND SOUTH EAST ,BUCKINGHAMSHIRE HEALTHCARE NHS TRUST,9367,1201,3246,1,0,0,4023,0,144,1,0,0,339,331,3880,864,0,922
2024-02-01,Y02532,NHS ENGLAND NORTH WEST ,MIRIAM MINOR EMERGENCY,0,0,1641,0,0,0,0,0,9,0,0,0,0,0,0,0,0,0
2024-02-01,Y02676,NHS ENGLAND SOUTH EAST ,BRIGHTON STATION HEALTH CENTRE,0,0,1890,0,0,0,0,0,0,0,0,0,0,0,0,0,0,0
2024-02-01,DT301,NHS ENGLAND EAST OF ENGLAND ,HERTS URGENT CARE (ASCOTS LANE),0,0,2232,0,0,0,0,0,8,0,0,0,0,0,0,0,0,0
2024-02-01,RAN,NHS ENGLAND LONDON,ROYAL NATIONAL ORTHOPAEDIC HOSPITAL NHS TRUST,0,0,0,0,0,0,0,0,0,0,0,0,0,0,0,0,0,34
2024-02-01,RDY,NHS ENGLAND SOUTH WEST ,DORSET HEALTHCARE UNIVERSITY NHS FOUNDATION TRUST,0,0,0,0,0,0,0,0,0,0,0,0,0,0,0,0,1,0
2024-02-01,RXL,NHS ENGLAND NORTH WEST ,BLACKPOOL TEACHING HOSPITALS NHS FOUNDATION TRUST,8190,0,10598,227,0,209,3787,0,63,75,0,0,438,606,2465,0,0,1419
2024-02-01,RY8,NHS ENGLAND MIDLANDS ,DERBYSHIRE COMMUNITY HEALTH SERVICES NHS FOUNDATION TRUST,0,0,6090,0,0,1731,0,0,3,0,0,0,0,0,0,0,0,0
2024-02-01,RYY,NHS ENGLAND SOUTH EAST ,KENT COMMUNITY HEALTH NHS FOUNDATION TRUST,0,0,9421,0,0,0,0,0,24,0,0,0,0,0,0,0,0,0
2024-02-01,C82009,NHS ENGLAND MIDLANDS ,MARKET HARBOROUGH MED.CTR,0,0,318,0,0,0,0,0,0,0,0,0,0,0,0,0,0,0
2024-02-01,C83023,NHS ENGLAND MIDLANDS ,SLEAFORD MEDICAL GROUP,0,0,484,0,0,0,0,0,0,0,0,0,0,0,0,0,0,8
2024-02-01,RQX,NHS ENGLAND LONDON,HOMERTON HEALTHCARE NHS FOUNDATION TRUST,10309,0,0,13,0,0,1948,0,0,0,0,0,173,23,1720,0,0,354
2024-02-01,RYR,NHS ENGLAND SOUTH EAST ,UNIVERSITY HOSPITALS SUSSEX NHS FOUNDATION TRUST,21031,1515,4819,1181,0,951,9821,61,528,398,0,44,1590,1268,7331,32,34,1406
2024-02-01,RWY,NHS ENGLAND NORTH EAST AND YORKSHIRE ,CALDERDALE AND HUDDERSFIELD NHS FOUNDATION TRUST,14131,0,0,0,0,0,4695,0,0,0,0,0,1177,0,3082,0,0,798
2024-02-01,NDJ,NHS ENGLAND SOUTH EAST ,FIRST COMMUNITY HEALTH AND CARE CIC,0,0,1945,0,0,0,0,0,0,0,0,0,0,0,0,0,0,0
2024-02-01,RGR,NHS ENGLAND EAST OF ENGLAND ,WEST SUFFOLK NHS FOUNDATION TRUST,6889,0,782,19,0,0,2757,0,0,0,0,0,545,351,1980,0,0,693
2024-02-01,RHU,NHS ENGLAND SOUTH EAST ,PORTSMOUTH HOSPITALS UNIVERSITY NATIONAL HEALTH SERVICE TRUST,9563,811,2630,1340,0,791,5319,7,40,704,0,8,1526,17,3479,0,0,2517
2024-02-01,RJN,NHS ENGLAND NORTH WEST ,EAST CHESHIRE NHS TRUST,4070,0,0,58,0,28,2112,0,0,0,0,0,216,302,875,0,0,212
2024-02-01,RWE,NHS ENGLAND MIDLANDS ,UNIVERSITY HOSPITALS OF LEICESTER NHS TRUST,20160,1827,0,0,0,0,9521,138,0,0,0,0,1374,1285,5371,4,0,3517
2024-02-01,RXK,NHS ENGLAND MIDLANDS ,SANDWELL AND WEST BIRMINGHAM HOSPITALS NHS TRUST,13436,1091,9801,1007,0,0,6511,155,648,204,0,0,1621,371,2689,0,0,483
2024-02-01,AJN,NHS ENGLAND NORTH EAST AND YORKSHIRE ,WORKINGTON HEALTH LIMITED,0,0,306,0,0,0,0,0,0,0,0,0,0,0,0,0,0,0
2024-02-01,AXG,NHS ENGLAND SOUTH WEST ,WILTSHIRE HEALTH & CARE,0,0,2185,0,0,34,0,0,16,0,0,0,0,0,0,0,0,0
2024-02-01,NQT5F,NHS ENGLAND NORTH WEST ,SKELMERSDALE WALK IN CENTRE,0,0,1887,0,0,0,0,0,45,0,0,0,0,0,0,0,0,0
2024-02-01,NQT5H,NHS ENGLAND SOUTH WEST ,PAULTON MEMORIAL HOSPITAL,0,0,812,0,0,0,0,0,2,0,0,0,0,0,0,0,0,0
2024-02-01,NTP11,NHS ENGLAND SOUTH EAST ,PRACTICE PLUS GROUP HOSPITAL - SOUTHAMPTON,0,0,5128,0,0,0,0,0,320,0,0,0,0,0,0,0,0,0
2024-02-01,RA2,NHS ENGLAND SOUTH EAST ,ROYAL SURREY COUNTY HOSPITAL NHS FOUNDATION TRUST,6102,0,1190,654,0,6,2187,0,0,196,0,0,317,22,2211,0,0,969
2024-02-01,RCD,NHS ENGLAND NORTH EAST AND YORKSHIRE ,HARROGATE AND DISTRICT NHS FOUNDATION TRUST,4597,0,693,173,0,33,1493,0,0,42,0,0,216,42,1269,0,0,406
2024-02-01,REF,NHS ENGLAND SOUTH WEST ,ROYAL CORNWALL HOSPITALS NHS TRUST,5595,0,10117,0,0,0,3326,0,510,0,0,0,368,671,1928,0,34,1068
2024-02-01,RGN,NHS ENGLAND EAST OF ENGLAND ,NORTH WEST ANGLIA NHS FOUNDATION TRUST,12573,0,4219,75,0,386,5877,0,694,27,0,42,554,644,3012,0,132,1735
2024-02-01,RJ6,NHS ENGLAND LONDON,CROYDON HEALTH SERVICES NHS TRUST,12260,0,5093,11,0,0,5073,0,0,4,0,0,399,602,1313,0,0,133
2024-02-01,RK9,NHS ENGLAND SOUTH WEST ,UNIVERSITY HOSPITALS PLYMOUTH NHS TRUST,8188,138,4137,0,0,0,5257,0,343,0,0,0,621,642,2583,0,0,1249
2024-02-01,RPC,NHS ENGLAND SOUTH EAST ,QUEEN VICTORIA HOSPITAL NHS FOUNDATION TRUST,0,0,1285,0,0,0,0,0,3,0,0,0,0,0,0,0,0,424
2024-02-01,RQ3,NHS ENGLAND MIDLANDS ,BIRMINGHAM WOMEN'S AND CHILDREN'S NHS FOUNDATION TRUST,5014,0,0,0,0,0,1095,0,0,0,0,0,0,16,979,0,0,241
2024-02-01,RR7,NHS ENGLAND NORTH EAST AND YORKSHIRE ,GATESHEAD HEALTH NHS FOUNDATION TRUST,5633,0,3626,52,0,30,2831,0,45,17,0,0,916,0,1618,0,0,748
2024-02-01,RWF,NHS ENGLAND SOUTH EAST ,MAIDSTONE AND TUNBRIDGE WELLS NHS TRUST,17666,0,2012,667,0,114,3231,0,5,65,0,0,1017,29,5101,0,0,1007
2024-02-01,RY7,NHS ENGLAND NORTH WEST ,WIRRAL COMMUNITY HEALTH AND CARE NHS FOUNDATION TRUST,0,0,4296,0,0,0,0,0,246,0,0,0,0,0,0,0,0,0
2024-02-01,RYF,NHS ENGLAND SOUTH WEST ,SOUTH WESTERN AMBULANCE SERVICE NHS FOUNDATION TRUST,0,0,1587,0,0,11,0,0,82,0,0,2,0,0,0,0,0,0
2024-02-01,ARN03,NHS ENGLAND NORTH EAST AND YORKSHIRE ,LOCAL CARE DIRECT,0,0,2256,0,0,280,0,0,0,0,0,0,0,0,0,0,0,0
2024-02-01,NNJ07,NHS ENGLAND MIDLANDS ,LOUGHBOROUGH URGENT CARE CENTRE,0,0,5026,0,0,784,0,0,19,0,0,1,0,0,0,0,0,0
2024-02-01,NNJ0H,NHS ENGLAND MIDLANDS ,LLR EA - THE MERLYN VAZ HEALTH & SOCIAL CARE CENTRE,0,0,190,0,0,2074,0,0,0,0,0,0,0,0,0,0,0,0
2024-02-01,NNJ12,NHS ENGLAND MIDLANDS ,MARKET HARBOROUGH,0,0,87,0,0,305,0,0,0,0,0,0,0,0,0,0,0,0
2024-02-01,NNJ13,NHS ENGLAND MIDLANDS ,MELTON MOWBRAY,0,0,66,0,0,325,0,0,0,0,0,0,0,0,0,0,0,0
2024-02-01,NNJ14,NHS ENGLAND MIDLANDS ,OADBY,0,0,1413,0,0,2465,0,0,0,0,0,0,0,0,0,0,0,0
2024-02-01,NNJ15,NHS ENGLAND MIDLANDS ,OAKHAM,0,0,82,0,0,359,0,0,0,0,0,0,0,0,0,0,0,0
2024-02-01,NNJ,NHS ENGLAND MIDLANDS ,DHU HEALTH CARE C.I.C,0,0,2003,0,0,0,0,0,18,0,0,0,0,0,0,0,0,0
2024-02-01,NV693,NHS ENGLAND NORTH WEST ,ROSSENDALE MIU & OOH,0,0,896,0,0,0,0,0,8,0,0,0,0,0,0,0,0,0
2024-02-01,R0A,NHS ENGLAND NORTH WEST ,MANCHESTER UNIVERSITY NHS FOUNDATION TRUST,23809,3209,11175,3198,396,914,12120,105,974,1574,13,170,4018,554,5234,185,173,476
2024-02-01,R1D,NHS ENGLAND MIDLANDS ,SHROPSHIRE COMMUNITY HEALTH NHS TRUST,0,0,2780,0,0,0,0,0,8,0,0,0,0,0,0,0,0,3
2024-02-01,R1K,NHS ENGLAND LONDON,LONDON NORTH WEST UNIVERSITY HEALTHCARE NHS TRUST,12887,0,13861,0,0,0,5808,0,231,0,0,0,777,556,6289,0,0,435
2024-02-01,RBD,NHS ENGLAND SOUTH WEST ,DORSET COUNTY HOSPITAL NHS FOUNDATION TRUST,4015,0,0,346,0,3466,1443,0,0,66,0,6,193,34,1707,0,0,478
2024-02-01,RC9,NHS ENGLAND EAST OF ENGLAND ,BEDFORDSHIRE HOSPITALS NHS FOUNDATION TRUST,15577,0,7126,0,0,980,6170,0,0,0,0,0,81,6,4614,0,0,2563
2024-02-01,RD8,NHS ENGLAND EAST OF ENGLAND ,MILTON KEYNES UNIVERSITY HOSPITAL NHS FOUNDATION TRUST,7842,0,5215,534,0,130,2796,0,196,175,0,0,619,0,2032,0,0,383
2024-02-01,REM,NHS ENGLAND NORTH WEST ,LIVERPOOL UNIVERSITY HOSPITALS NHS FOUNDATION TRUST,16580,244,8333,507,0,0,8147,0,1269,101,0,0,2071,1248,4722,0,0,2525
2024-02-01,RH8,NHS ENGLAND SOUTH WEST ,ROYAL DEVON UNIVERSITY HEALTHCARE NHS FOUNDATION TRUST,10991,0,3704,1094,0,60,4843,0,29,380,0,0,937,97,3579,0,0,2239
2024-02-01,RJE,NHS ENGLAND MIDLANDS ,UNIVERSITY HOSPITALS OF NORTH MIDLANDS NHS TRUST,12525,445,7553,495,0,356,7015,0,441,234,0,18,882,947,5617,0,0,2967
2024-02-01,RJL,NHS ENGLAND NORTH EAST AND YORKSHIRE ,NORTHERN LINCOLNSHIRE AND GOOLE NHS FOUNDATION TRUST,14484,0,0,0,0,0,5870,0,0,0,0,0,519,1002,3651,0,0,502
2024-02-01,RJR,NHS ENGLAND NORTH WEST ,COUNTESS OF CHESTER HOSPITAL NHS FOUNDATION TRUST,5853,0,787,0,0,0,3273,0,91,0,0,0,380,677,1772,0,0,1208
2024-02-01,RKE,NHS ENGLAND LONDON,WHITTINGTON HEALTH NHS TRUST,8364,0,0,0,0,0,2445,0,0,0,0,0,340,221,983,0,0,58
2024-02-01,RNS,NHS ENGLAND MIDLANDS ,NORTHAMPTON GENERAL HOSPITAL NHS TRUST,9458,568,2006,117,0,42,4136,13,126,22,0,1,163,1037,1712,0,0,1385
2024-02-01,RP5,NHS ENGLAND NORTH EAST AND YORKSHIRE ,DONCASTER AND BASSETLAW TEACHING HOSPITALS NHS FOUNDATION TRUST,12603,0,3545,0,0,0,5506,0,0,0,0,0,1050,260,3271,0,438,1068
2024-02-01,RRK,NHS ENGLAND MIDLANDS ,UNIVERSITY HOSPITALS BIRMINGHAM NHS FOUNDATION TRUST,32208,0,1329,84,0,183,14800,0,25,45,0,0,2771,1792,10656,0,0,5582
2024-02-01,RTD,NHS ENGLAND NORTH EAST AND YORKSHIRE ,THE NEWCASTLE UPON TYNE HOSPITALS NHS FOUNDATION TRUST,12216,1563,5254,0,0,839,4895,97,0,0,0,0,461,12,3280,19,0,2766
2024-02-01,RTP,NHS ENGLAND SOUTH EAST ,SURREY AND SUSSEX HEALTHCARE NHS TRUST,9974,0,0,0,0,0,3262,0,0,0,0,0,606,503,2943,0,0,884
2024-02-01,RTQ,NHS ENGLAND SOUTH WEST ,GLOUCESTERSHIRE HEALTH AND CARE NHS FOUNDATION TRUST,0,0,5871,0,0,0,0,0,21,0,0,0,0,0,0,0,0,18
2024-02-01,RTR,NHS ENGLAND NORTH EAST AND YORKSHIRE ,SOUTH TEES HOSPITALS NHS FOUNDATION TRUST,9875,0,4704,0,0,343,4520,0,278,0,0,11,589,62,2591,0,138,2199
2024-02-01,RV9,NHS ENGLAND NORTH EAST AND YORKSHIRE ,HUMBER TEACHING NHS FOUNDATION TRUST,0,0,1021,0,0,31,0,0,2,0,0,0,0,0,0,0,0,0
2024-02-01,RVW,NHS ENGLAND NORTH EAST AND YORKSHIRE ,NORTH TEES AND HARTLEPOOL NHS FOUNDATION TRUST,4626,0,11325,0,0,0,2145,0,89,0,0,0,176,8,1646,0,509,2057
2024-02-01,RXG,NHS ENGLAND NORTH EAST AND YORKSHIRE ,SOUTH WEST YORKSHIRE PARTNERSHIP NHS FOUNDATION TRUST,0,0,0,0,0,0,0,0,0,0,0,0,0,0,0,0,0,107
2024-02-01,RXR,NHS ENGLAND NORTH WEST ,EAST LANCASHIRE HOSPITALS NHS TRUST,11941,0,8495,0,0,0,4107,0,667,0,0,0,438,1085,3345,0,100,1730
2024-02-01,RY4,NHS ENGLAND EAST OF ENGLAND ,HERTFORDSHIRE COMMUNITY NHS TRUST,0,0,908,0,0,0,0,0,5,0,0,0,0,0,0,0,0,0
2024-02-01,RY5,NHS ENGLAND MIDLANDS ,LINCOLNSHIRE COMMUNITY HEALTH SERVICES NHS TRUST,0,0,6366,0,0,0,0,0,229,0,0,0,0,0,0,0,0,0
2024-02-01,NTPAD,NHS ENGLAND SOUTH EAST ,PRACTICE PLUS GROUP SURGICAL CENTRE - ST MARYS PORTSMOUTH,0,0,5461,0,0,205,0,0,332,0,0,12,0,0,0,0,0,0
2024-02-01,R0B,NHS ENGLAND NORTH EAST AND YORKSHIRE ,SOUTH TYNESIDE AND SUNDERLAND NHS FOUNDATION TRUST,11821,1315,5865,421,0,1249,6182,28,334,229,0,71,922,3,4260,17,0,1228
2024-02-01,R0D,NHS ENGLAND SOUTH WEST ,UNIVERSITY HOSPITALS DORSET NHS FOUNDATION TRUST,12680,0,3546,0,0,0,5871,0,0,0,0,0,925,187,3733,1,0,2251
2024-02-01,RA7,NHS ENGLAND SOUTH WEST ,UNIVERSITY HOSPITALS BRISTOL AND WESTON NHS FOUNDATION TRUST,14860,2252,0,0,0,0,6125,130,0,0,0,0,1260,255,4996,13,0,1654
2024-02-01,RAE,NHS ENGLAND NORTH EAST AND YORKSHIRE ,BRADFORD TEACHING HOSPITALS NHS FOUNDATION TRUST,8991,0,2953,0,0,0,2160,0,0,0,0,0,669,29,2242,0,115,1529
2024-02-01,RAJ,NHS ENGLAND EAST OF ENGLAND ,MID AND SOUTH ESSEX NHS FOUNDATION TRUST,28969,0,3015,498,0,104,10197,0,65,143,0,1,2671,38,8240,0,150,1261
2024-02-01,RBQ,NHS ENGLAND NORTH WEST ,LIVERPOOL HEART AND CHEST HOSPITAL NHS FOUNDATION TRUST,0,0,0,0,0,0,0,0,0,0,0,0,0,0,0,0,0,200
2024-02-01,RBS,NHS ENGLAND NORTH WEST ,ALDER HEY CHILDREN'S NHS FOUNDATION TRUST,6262,0,0,0,0,0,1341,0,0,0,0,0,0,0,942,0,0,379
2024-02-01,RCB,NHS ENGLAND NORTH EAST AND YORKSHIRE ,YORK AND SCARBOROUGH TEACHING HOSPITALS NHS FOUNDATION TRUST,10202,350,7952,0,0,769,5687,0,308,0,0,0,849,794,4255,4,0,1626
2024-02-01,RFS,NHS ENGLAND MIDLANDS ,CHESTERFIELD ROYAL HOSPITAL NHS FOUNDATION TRUST,6808,0,1432,222,0,106,3076,0,328,80,0,26,876,141,2451,0,258,642
2024-02-01,RK5,NHS ENGLAND MIDLANDS ,SHERWOOD FOREST HOSPITALS NHS FOUNDATION TRUST,10187,0,5417,23,0,148,4979,0,756,9,0,6,824,143,3317,0,0,411
2024-02-01,RLQ,NHS ENGLAND MIDLANDS ,WYE VALLEY NHS TRUST,5559,0,0,171,0,0,2532,0,0,51,0,0,377,306,1869,0,0,595
2024-02-01,RNA,NHS ENGLAND MIDLANDS ,THE DUDLEY GROUP NHS FOUNDATION TRUST,9252,0,4378,151,0,669,3636,0,130,20,0,0,2127,57,3463,0,0,1940
2024-02-01,RNN,NHS ENGLAND NORTH EAST AND YORKSHIRE ,NORTH CUMBRIA INTEGRATED CARE NHS FOUNDATION TRUST,8277,0,1599,318,0,31,3554,0,16,85,0,1,665,625,2136,0,0,776
2024-02-01,RQW,NHS ENGLAND EAST OF ENGLAND ,THE PRINCESS ALEXANDRA HOSPITAL NHS TRUST,7745,0,2197,0,0,824,4319,0,0,0,0,0,611,167,2082,0,0,362
2024-02-01,RR8,NHS ENGLAND NORTH EAST AND YORKSHIRE ,LEEDS TEACHING HOSPITALS NHS TRUST,16971,0,11725,45,0,52,7655,0,82,7,0,0,1367,782,3573,0,0,1246
2024-02-01,RRV,NHS ENGLAND LONDON,UNIVERSITY COLLEGE LONDON HOSPITALS NHS FOUNDATION TRUST,12067,0,0,492,0,0,4307,0,0,0,0,0,393,87,1351,0,0,260
2024-02-01,RTE,NHS ENGLAND SOUTH WEST ,GLOUCESTERSHIRE HOSPITALS NHS FOUNDATION TRUST,11814,0,0,226,0,0,5162,0,0,88,0,0,369,934,2764,0,0,1708
2024-02-01,RTK,NHS ENGLAND SOUTH EAST ,ASHFORD AND ST PETER'S HOSPITALS NHS FOUNDATION TRUST,9479,0,0,0,0,0,3625,0,0,0,0,0,694,269,2850,0,0,450
2024-02-01,RW4,NHS ENGLAND NORTH WEST ,MERSEY CARE NHS FOUNDATION TRUST,0,0,11668,0,0,0,0,0,1441,0,0,0,0,0,0,0,0,76
2024-02-01,RWA,NHS ENGLAND NORTH EAST AND YORKSHIRE ,HULL UNIVERSITY TEACHING HOSPITALS NHS TRUST,10023,0,2826,0,0,0,5191,0,22,0,0,0,1015,383,3247,0,0,1789
2024-02-01,RWJ,NHS ENGLAND NORTH WEST ,STOCKPORT NHS FOUNDATION TRUST,8443,0,0,553,0,0,3781,0,0,208,0,0,722,516,2402,0,0,713
2024-02-01,RXC,NHS ENGLAND SOUTH EAST ,EAST SUSSEX HEALTHCARE NHS TRUST,8961,0,2349,952,0,815,3614,0,37,0,0,0,244,1,3486,0,0,529
2024-02-01,RXP,NHS ENGLAND NORTH EAST AND YORKSHIRE ,COUNTY DURHAM AND DARLINGTON NHS FOUNDATION TRUST,12878,0,4077,0,0,6529,6752,0,0,0,0,0,2116,9,4432,0,0,745
2024-02-01,RXW,NHS ENGLAND MIDLANDS ,THE SHREWSBURY AND TELFORD HOSPITAL NHS TRUST,9787,0,1970,65,0,428,5838,0,269,29,0,5,414,860,2760,0,43,2241
2024-02-01,RYG,NHS ENGLAND MIDLANDS ,COVENTRY AND WARWICKSHIRE PARTNERSHIP NHS TRUST,0,0,0,0,0,0,0,0,0,0,0,0,0,0,0,0,4,67
2024-02-01,Y02147,NHS ENGLAND LONDON,URGENT CARE CENTRE (QMS),0,0,7241,0,0,550,0,0,296,0,0,8,0,0,0,0,0,0
2024-02-01,NNF09,NHS ENGLAND NORTH EAST AND YORKSHIRE ,BRANSHOLME HEALTH CENTRE,0,0,3847,0,0,0,0,0,649,0,0,0,0,0,0,0,0,0
2024-02-01,NNF76,NHS ENGLAND NORTH EAST AND YORKSHIRE ,THE WILBERFORCE HEALTH CENTRE,0,0,411,0,0,0,0,0,0,0,0,0,0,0,0,0,0,0
2024-02-01,NNF94,NHS ENGLAND NORTH EAST AND YORKSHIRE ,EAST RIDING COMMUNITY HOSPITAL,0,0,2430,0,0,0,0,0,330,0,0,0,0,0,0,0,0,0
2024-02-01,NNFA7,NHS ENGLAND NORTH EAST AND YORKSHIRE ,GOOLE & DISTRICT HOSPITAL,0,0,1329,0,0,0,0,0,20,0,0,0,0,0,0,0,0,0
2024-02-01,R1H,NHS ENGLAND LONDON,BARTS HEALTH NHS TRUST,23473,889,16606,0,0,0,10962,23,3452,0,0,0,1018,674,4974,0,0,1199
2024-02-01,RAS,NHS ENGLAND LONDON,THE HILLINGDON HOSPITALS NHS FOUNDATION TRUST,5387,0,6144,0,0,0,2938,0,115,0,0,0,507,20,2199,0,0,191
2024-02-01,RBK,NHS ENGLAND MIDLANDS ,WALSALL HEALTHCARE NHS TRUST,8341,0,3888,373,0,141,2863,0,147,73,0,0,1128,40,3730,0,0,793
2024-02-01,RBT,NHS ENGLAND NORTH WEST ,MID CHESHIRE HOSPITALS NHS FOUNDATION TRUST,6934,0,2561,109,0,59,3602,0,47,22,0,0,608,369,2314,0,0,1103
2024-02-01,RCF,NHS ENGLAND NORTH EAST AND YORKSHIRE ,AIREDALE NHS FOUNDATION TRUST,5220,241,14,480,0,0,2584,0,0,0,0,0,340,113,1619,0,0,560
2024-02-01,RCU,NHS ENGLAND NORTH EAST AND YORKSHIRE ,SHEFFIELD CHILDREN'S NHS FOUNDATION TRUST,4531,0,290,275,0,20,434,0,0,24,0,0,8,0,944,0,0,89
2024-02-01,RD1,NHS ENGLAND SOUTH WEST ,ROYAL UNITED HOSPITALS BATH NHS FOUNDATION TRUST,7961,0,0,0,0,0,3147,0,0,0,0,0,668,24,2375,0,4,1571
2024-02-01,RDE,NHS ENGLAND EAST OF ENGLAND ,EAST SUFFOLK AND NORTH ESSEX NHS FOUNDATION TRUST,13792,0,12717,637,0,266,7243,0,382,0,0,0,1236,504,5504,0,375,1135
2024-02-01,RDR,NHS ENGLAND SOUTH EAST ,SUSSEX COMMUNITY NHS FOUNDATION TRUST,0,0,11336,0,0,0,0,0,126,0,0,0,0,0,0,0,0,0
2024-02-01,REP,NHS ENGLAND NORTH WEST ,LIVERPOOL WOMEN'S NHS FOUNDATION TRUST,0,1289,0,0,144,0,0,222,0,0,0,0,0,0,0,107,0,16
2024-02-01,RF4,NHS ENGLAND LONDON,"BARKING, HAVERING AND REDBRIDGE UNIVERSITY HOSPITALS NHS TRUST",12499,2403,13269,0,0,0,5924,680,417,0,0,0,687,604,7225,0,0,379
2024-02-01,RHM,NHS ENGLAND SOUTH EAST ,UNIVERSITY HOSPITAL SOUTHAMPTON NHS FOUNDATION TRUST,10933,1230,0,154,0,0,3918,115,0,48,0,0,374,9,3247,10,0,1449
2024-02-01,RHQ,NHS ENGLAND NORTH EAST AND YORKSHIRE ,SHEFFIELD TEACHING HOSPITALS NHS FOUNDATION TRUST,8623,1100,6757,419,4,1082,4408,0,284,202,0,16,1116,8,3577,0,0,2645
2024-02-01,RJ1,NHS ENGLAND LONDON,GUY'S AND ST THOMAS' NHS FOUNDATION TRUST,10446,788,6178,0,0,0,4716,0,410,0,0,0,180,59,1918,0,0,246
2024-02-01,RJZ,NHS ENGLAND LONDON,KING'S COLLEGE HOSPITAL NHS FOUNDATION TRUST,14703,0,8469,56,0,1214,7527,0,656,16,0,133,1628,674,3521,0,0,498
2024-02-01,RKB,NHS ENGLAND MIDLANDS ,UNIVERSITY HOSPITALS COVENTRY AND WARWICKSHIRE NHS TRUST,11247,1817,7288,47,0,140,5263,170,255,21,0,0,274,100,2797,80,103,1400
2024-02-01,RL1,NHS ENGLAND MIDLANDS ,THE ROBERT JONES AND AGNES HUNT ORTHOPAEDIC HOSPITAL NHS FOUNDATION TRUST,0,0,0,0,0,0,0,0,0,0,0,0,0,0,0,0,0,19
2024-02-01,RL4,NHS ENGLAND MIDLANDS ,THE ROYAL WOLVERHAMPTON NHS TRUST,12311,0,6511,166,0,759,4302,0,479,0,0,0,601,216,5731,0,0,918
2024-02-01,RN5,NHS ENGLAND SOUTH EAST ,HAMPSHIRE HOSPITALS NHS FOUNDATION TRUST,11468,0,374,0,0,157,4840,0,0,0,0,0,901,77,3877,0,0,1240
2024-02-01,RN7,NHS ENGLAND SOUTH EAST ,DARTFORD AND GRAVESHAM NHS TRUST,11076,0,3339,0,0,0,4303,0,50,0,0,0,1096,69,2836,0,0,400
2024-02-01,RNQ,NHS ENGLAND MIDLANDS ,KETTERING GENERAL HOSPITAL NHS FOUNDATION TRUST,9086,0,0,420,0,0,3981,0,0,0,0,0,1278,0,2000,0,0,199
2024-02-01,RNZ,NHS ENGLAND SOUTH WEST ,SALISBURY NHS FOUNDATION TRUST,3977,355,1657,280,0,0,1708,0,0,131,0,0,461,3,1186,0,0,800
2024-02-01,RP6,NHS ENGLAND LONDON,MOORFIELDS EYE HOSPITAL NHS FOUNDATION TRUST,0,5708,0,0,0,0,0,60,0,0,0,0,0,0,0,1,0,186
2024-02-01,RQM,NHS ENGLAND LONDON,CHELSEA AND WESTMINSTER HOSPITAL NHS FOUNDATION TRUST,18567,0,5514,582,0,0,4359,0,135,0,0,0,1031,51,2576,0,0,336
2024-02-01,RRF,NHS ENGLAND NORTH WEST ,"WRIGHTINGTON, WIGAN AND LEIGH NHS FOUNDATION TRUST",7090,0,5315,0,0,0,3753,0,49,0,0,0,1089,428,2034,0,0,825
2024-02-01,RTG,NHS ENGLAND MIDLANDS ,UNIVERSITY HOSPITALS OF DERBY AND BURTON NHS FOUNDATION TRUST,19933,0,9901,347,0,59,8656,0,38,145,0,2,1007,692,3897,0,7,2280
2024-02-01,RTH,NHS ENGLAND SOUTH EAST ,OXFORD UNIVERSITY HOSPITALS NHS FOUNDATION TRUST,11327,1765,423,1424,0,114,4805,0,5,464,0,1,991,1,3975,124,12,4207
2024-02-01,RTX,NHS ENGLAND NORTH WEST ,UNIVERSITY HOSPITALS OF MORECAMBE BAY NHS FOUNDATION TRUST,7635,0,4029,82,0,650,3275,0,162,47,0,48,664,651,2846,0,35,915
2024-02-01,RVJ,NHS ENGLAND SOUTH WEST ,NORTH BRISTOL NHS TRUST,8577,0,0,22,0,0,3009,0,0,12,0,0,679,168,2639,0,0,2014
2024-02-01,RWG,NHS ENGLAND EAST OF ENGLAND ,WEST HERTFORDSHIRE TEACHING HOSPITALS NHS TRUST,7476,0,7501,0,0,665,3909,0,652,0,0,0,1323,38,3439,0,0,533
2024-02-01,RWP,NHS ENGLAND MIDLANDS ,WORCESTERSHIRE ACUTE HOSPITALS NHS TRUST,11829,0,5215,127,0,0,6637,0,23,48,0,0,980,302,3338,0,0,1512
2024-02-01,RWW,NHS ENGLAND NORTH WEST ,WARRINGTON AND HALTON TEACHING HOSPITALS NHS FOUNDATION TRUST,6669,0,3103,229,0,58,3735,0,295,95,0,3,591,811,1765,0,0,218
2024-02-01,RXF,NHS ENGLAND NORTH EAST AND YORKSHIRE ,MID YORKSHIRE TEACHING NHS TRUST,15953,0,5828,116,0,60,6246,0,502,16,0,1,2149,143,3274,0,140,961
2024-02-01,RXN,NHS ENGLAND NORTH WEST ,LANCASHIRE TEACHING HOSPITALS NHS FOUNDATION TRUST,11585,0,3904,205,0,99,4855,0,158,51,0,1,1140,385,2985,0,177,1352
2024-02-01,RY2,NHS ENGLAND NORTH WEST ,BRIDGEWATER COMMUNITY HEALTHCARE NHS FOUNDATION TRUST,0,0,3437,0,0,173,0,0,217,0,0,6,0,0,0,0,0,0
2024-02-01,RYX,NHS ENGLAND LONDON,CENTRAL LONDON COMMUNITY HEALTHCARE NHS TRUST,0,0,9769,0,0,488,0,0,280,0,0,10,0,0,0,0,0,0
2024-02-01,Y03571,NHS ENGLAND MIDLANDS ,CORBY URGENT CARE CENTRE,0,0,8366,0,0,612,0,0,90,0,0,0,0,0,0,0,0,0
2024-02-01,NR3,NHS ENGLAND MIDLANDS ,NOTTINGHAM CITYCARE PARTNERSHIP,0,0,5270,0,0,251,0,0,1023,0,0,1,0,0,0,0,0,0
2024-02-01,R1F,NHS ENGLAND SOUTH EAST ,ISLE OF WIGHT NHS TRUST,3804,0,1666,20,0,29,1756,0,0,10,0,0,222,86,973,0,0,271
2024-02-01,RAP,NHS ENGLAND LONDON,NORTH MIDDLESEX UNIVERSITY HOSPITAL NHS TRUST,8011,415,6973,86,0,148,4613,2,1275,44,0,27,263,788,1568,0,0,135
2024-02-01,RAX,NHS ENGLAND LONDON,KINGSTON HOSPITAL NHS FOUNDATION TRUST,6980,0,7530,0,0,0,3545,0,231,0,0,0,323,388,1830,0,105,655
2024-02-01,RCX,NHS ENGLAND EAST OF ENGLAND ,"THE QUEEN ELIZABETH HOSPITAL, KING'S LYNN, NHS FOUNDATION TRUST",6130,0,1068,26,0,0,2785,0,0,11,0,0,371,125,2698,0,0,546
2024-02-01,RFR,NHS ENGLAND NORTH EAST AND YORKSHIRE ,THE ROTHERHAM NHS FOUNDATION TRUST,7952,0,0,0,0,0,3401,0,0,0,0,0,863,4,2678,0,0,560
2024-02-01,RGP,NHS ENGLAND EAST OF ENGLAND ,JAMES PAGET UNIVERSITY HOSPITALS NHS FOUNDATION TRUST,6228,0,1499,118,0,0,2941,0,0,48,0,0,620,262,1638,0,0,470
2024-02-01,RGT,NHS ENGLAND EAST OF ENGLAND ,CAMBRIDGE UNIVERSITY HOSPITALS NHS FOUNDATION TRUST,9810,0,5807,621,0,522,5672,0,111,304,0,33,716,711,2628,0,19,462
2024-02-01,RJC,NHS ENGLAND MIDLANDS ,SOUTH WARWICKSHIRE UNIVERSITY NHS FOUNDATION TRUST,7744,0,340,15,0,0,1858,0,0,0,0,0,290,18,2085,0,0,736
2024-02-01,RLT,NHS ENGLAND MIDLANDS ,GEORGE ELIOT HOSPITAL NHS TRUST,6577,0,1543,0,0,0,2281,0,28,0,0,0,587,267,958,0,0,22
2024-02-01,RM1,NHS ENGLAND EAST OF ENGLAND ,NORFOLK AND NORWICH UNIVERSITY HOSPITALS NHS FOUNDATION TRUST,10898,0,8870,372,0,1,4029,0,2,85,0,0,776,325,2324,0,0,1744
2024-02-01,RTF,NHS ENGLAND NORTH EAST AND YORKSHIRE ,NORTHUMBRIA HEALTHCARE NHS FOUNDATION TRUST,9494,0,11096,0,0,0,2918,0,9,0,0,0,41,0,4622,0,57,1514
2024-02-01,RWD,NHS ENGLAND MIDLANDS ,UNITED LINCOLNSHIRE HOSPITALS NHS TRUST,9846,0,9097,3,0,0,6873,0,1736,2,0,0,877,1120,4121,0,0,1087
2024-02-01,RWH,NHS ENGLAND EAST OF ENGLAND ,EAST AND NORTH HERTFORDSHIRE NHS TRUST,8896,0,6436,0,0,361,4872,0,13,0,0,0,180,108,2821,0,59,276
2024-02-01,RWX,NHS ENGLAND SOUTH EAST ,BERKSHIRE HEALTHCARE NHS FOUNDATION TRUST,0,0,1347,0,0,0,0,0,8,0,0,0,0,0,0,0,29,0
2024-02-01,RYJ,NHS ENGLAND LONDON,IMPERIAL COLLEGE HEALTHCARE NHS TRUST,11485,3651,6655,0,0,342,4660,24,486,0,0,0,517,77,3685,0,0,1112
2024-02-01,RBV,NHS ENGLAND NORTH WEST ,THE CHRISTIE NHS FOUNDATION TRUST,0,0,0,0,0,0,0,0,0,0,0,0,0,0,0,0,0,682
2024-02-01,RET,NHS ENGLAND NORTH WEST ,THE WALTON CENTRE NHS FOUNDATION TRUST,0,0,0,0,0,0,0,0,0,0,0,0,0,0,0,0,0,163
2024-02-01,RMP,NHS ENGLAND NORTH WEST ,TAMESIDE AND GLOSSOP INTEGRATED CARE NHS FOUNDATION TRUST,7626,0,2808,393,0,211,4102,0,0,0,0,0,505,214,2521,0,0,571
2024-02-01,RN3,NHS ENGLAND SOUTH WEST ,GREAT WESTERN HOSPITALS NHS FOUNDATION TRUST,5275,0,5423,0,0,182,2603,0,536,0,0,6,467,69,2423,0,0,1659
2024-02-01,RM3,NHS ENGLAND NORTH WEST ,NORTHERN CARE ALLIANCE NHS FOUNDATION TRUST,23660,0,7005,0,0,0,11185,0,310,0,0,0,1199,1050,6704,0,351,1461
2024-02-01,RX1,NHS ENGLAND MIDLANDS ,NOTTINGHAM UNIVERSITY HOSPITALS NHS TRUST,14754,1889,304,527,0,0,8481,312,16,323,0,0,689,588,3604,0,0,3816
2024-02-01,AAH,NHS ENGLAND SOUTH WEST ,TETBURY HOSPITAL TRUST LTD,0,0,455,0,0,0,0,0,2,0,0,0,0,0,0,0,0,0
2024-02-01,NQT51,NHS ENGLAND SOUTH EAST ,STATION PLAZA HEALTH CENTRE,0,0,1288,0,0,0,0,0,0,0,0,0,0,0,0,0,0,0
2024-02-01,RBL,NHS ENGLAND NORTH WEST ,WIRRAL UNIVERSITY TEACHING HOSPITAL NHS FOUNDATION TRUST,7285,0,2980,99,0,169,3724,0,132,33,0,9,574,741,2015,0,0,1690
2024-02-01,RMC,NHS ENGLAND NORTH WEST ,BOLTON NHS FOUNDATION TRUST,7619,0,3036,27,0,17,4493,0,656,21,0,2,416,701,2033,0,149,668
2024-02-01,RVV,NHS ENGLAND SOUTH EAST ,EAST KENT HOSPITALS UNIVERSITY NHS FOUNDATION TRUST,12580,0,11935,0,0,0,6902,0,259,0,0,0,492,1111,3336,0,460,1015
2024-02-01,RBN,NHS ENGLAND NORTH WEST ,MERSEY AND WEST LANCASHIRE TEACHING HOSPITALS NHS TRUST,17234,0,7189,382,0,0,7534,0,634,75,0,0,435,431,7110,0,0,586
2024-02-01,RH5,NHS ENGLAND SOUTH WEST ,SOMERSET NHS FOUNDATION TRUST,12203,0,8789,0,0,0,4983,0,430,0,0,0,467,38,3089,0,0,2015
2024-02-01,RHW,NHS ENGLAND SOUTH EAST ,ROYAL BERKSHIRE NHS FOUNDATION TRUST,11277,2302,0,837,0,0,4609,28,0,0,0,0,694,9,2461,2,0,735
2024-02-01,Y00751,NHS ENGLAND SOUTH EAST ,EAST BERKS PRIMARY CARE OOH(WAM),0,0,0,0,0,0,0,0,0,0,0,0,0,0,0,0,0,0
2024-02-01,RJ2,NHS ENGLAND LONDON,LEWISHAM AND GREENWICH NHS TRUST,13330,0,11407,33,0,0,7699,0,1961,11,0,0,1004,860,3375,0,0,1280
2024-02-01,RJ7,NHS ENGLAND LONDON,ST GEORGE'S UNIVERSITY HOSPITALS NHS FOUNDATION TRUST,8184,0,2994,801,0,0,2626,0,0,93,0,0,530,680,2355,0,0,757
2024-02-01,AD913,NHS ENGLAND LONDON,BECKENHAM BEACON UCC,0,0,3571,0,0,175,0,0,18,0,0,0,0,0,0,0,0,0
2024-02-01,RAL,NHS ENGLAND LONDON,ROYAL FREE LONDON NHS FOUNDATION TRUST,17814,0,7872,0,0,0,8179,0,241,0,0,0,968,749,3707,0,0,548
2024-02-01,RDU,NHS ENGLAND SOUTH EAST ,FRIMLEY HEALTH NHS FOUNDATION TRUST,21684,639,8386,0,0,0,9591,0,107,0,0,0,2188,166,6169,0,0,300
2024-02-01,RPA,NHS ENGLAND SOUTH EAST ,MEDWAY NHS FOUNDATION TRUST,7888,0,6352,313,0,1187,2921,0,1317,75,0,0,326,797,2139,0,0,1088
2024-02-01,NLX,NHS ENGLAND SOUTH WEST ,SIRONA CARE & HEALTH,0,0,7368,0,0,226,0,0,389,0,0,43,0,0,0,0,0,0
2024-02-01,RVR,NHS ENGLAND LONDON,EPSOM AND ST HELIER UNIVERSITY HOSPITALS NHS TRUST,12035,314,0,354,0,0,3140,0,0,45,0,0,252,694,1969,2,0,107
2024-02-01,RA9,NHS ENGLAND SOUTH WEST ,TORBAY AND SOUTH DEVON NHS FOUNDATION TRUST,5782,0,2615,338,0,5,3073,0,20,154,0,0,321,101,1946,0,0,1210
2024-02-01,G0Q0L,NHS ENGLAND LONDON,BARKING HOSPITAL UTC,0,0,2551,0,0,0,0,0,35,0,0,0,0,0,0,0,0,0
2024-02-01,K6K0R,NHS ENGLAND LONDON,HAROLD WOOD POLYCLINIC UTC,0,0,2719,0,0,0,0,0,53,0,0,0,0,0,0,0,0,0
2024-01-01,NQT5H,NHS ENGLAND SOUTH WEST ,PAULTON MEMORIAL HOSPITAL,0,0,816,0,0,0,0,0,11,0,0,0,0,0,0,0,0,0
2024-01-01,AAH,NHS ENGLAND SOUTH WEST ,TETBURY HOSPITAL TRUST LTD,0,0,452,0,0,0,0,0,0,0,0,0,0,0,0,0,0,0
2024-01-01,AJN,NHS ENGLAND NORTH EAST AND YORKSHIRE ,WORKINGTON HEALTH LIMITED,0,0,369,0,0,0,0,0,0,0,0,0,0,0,0,0,0,0
2024-01-01,AQN04,NHS ENGLAND SOUTH EAST ,PHL LYMINGTON UTC,0,0,2574,0,0,7,0,0,21,0,0,0,0,0,0,0,0,0
2024-01-01,C82038,NHS ENGLAND MIDLANDS ,LATHAM HOUSE MEDICAL PRACTICE,0,0,270,0,0,0,0,0,0,0,0,0,0,0,0,0,0,0
2024-01-01,NQT5F,NHS ENGLAND NORTH WEST ,SKELMERSDALE WALK IN CENTRE,0,0,2057,0,0,0,0,0,69,0,0,0,0,0,0,0,0,0
2024-01-01,NQTE4,NHS ENGLAND MIDLANDS ,SUMMERFIELD URGENT CARE CENTRE,0,0,3413,0,0,0,0,0,0,0,0,0,0,0,0,0,0,0
2024-01-01,RJ8,NHS ENGLAND SOUTH WEST ,CORNWALL PARTNERSHIP NHS FOUNDATION TRUST,0,0,0,0,0,0,0,0,0,0,0,0,0,0,0,0,16,59
2024-01-01,RXL,NHS ENGLAND NORTH WEST ,BLACKPOOL TEACHING HOSPITALS NHS FOUNDATION TRUST,8134,0,10516,195,0,154,3636,0,57,61,0,0,211,395,2513,0,0,1559
2024-01-01,RYY,NHS ENGLAND SOUTH EAST ,KENT COMMUNITY HEALTH NHS FOUNDATION TRUST,0,0,10055,0,0,0,0,0,43,0,0,0,0,0,0,0,0,0
2024-01-01,Y00751,NHS ENGLAND SOUTH EAST ,EAST BERKS PRIMARY CARE OOH(WAM),0,0,0,0,0,0,0,0,0,0,0,0,0,0,0,0,0,0
2024-01-01,Y02532,NHS ENGLAND NORTH WEST ,MIRIAM MINOR EMERGENCY,0,0,1717,0,0,0,0,0,0,0,0,0,0,0,0,0,0,0
2024-01-01,Y02615,NHS ENGLAND MIDLANDS ,SOUTH BIRMINGHAM GP WALK IN CENTRE,0,0,7050,0,0,0,0,0,0,0,0,0,0,0,0,0,0,0
2024-01-01,8J094,NHS ENGLAND MIDLANDS ,BADGER LTD,0,0,0,0,0,2179,0,0,0,0,0,0,0,0,0,0,0,0
2024-01-01,ACH01,NHS ENGLAND SOUTH EAST ,WHITSTABLE MEDICAL PRACTICE,0,0,4424,0,0,0,0,0,0,0,0,0,0,0,0,0,0,0
2024-01-01,NL7,NHS ENGLAND MIDLANDS ,ASSURA VERTIS URGENT CARE CENTRES (BIRMINGHAM),0,0,4325,0,0,0,0,0,0,0,0,0,0,0,0,0,0,0
2024-01-01,NNJ,NHS ENGLAND MIDLANDS ,DHU HEALTH CARE C.I.C,0,0,2093,0,0,0,0,0,0,0,0,0,0,0,0,0,0,0
2024-01-01,NTV0B,NHS ENGLAND SOUTH EAST ,ASHFORD WALK-IN-CENTRE,0,0,2351,0,0,0,0,0,179,0,0,0,0,0,0,0,0,0
2024-01-01,NTV0W,NHS ENGLAND SOUTH EAST ,WOKING WALK IN CENTRE,0,0,2604,0,0,0,0,0,95,0,0,0,0,0,0,0,0,0
2024-01-01,R0B,NHS ENGLAND NORTH EAST AND YORKSHIRE ,SOUTH TYNESIDE AND SUNDERLAND NHS FOUNDATION TRUST,12200,1213,5939,475,0,1281,6213,15,262,241,0,68,979,44,4570,14,0,1353
2024-01-01,RBQ,NHS ENGLAND NORTH WEST ,LIVERPOOL HEART AND CHEST HOSPITAL NHS FOUNDATION TRUST,0,0,0,0,0,0,0,0,0,0,0,0,0,0,0,0,0,220
2024-01-01,RGT,NHS ENGLAND EAST OF ENGLAND ,CAMBRIDGE UNIVERSITY HOSPITALS NHS FOUNDATION TRUST,10028,0,5201,784,0,487,5793,0,122,367,0,30,726,700,2915,0,22,506
2024-01-01,RRV,NHS ENGLAND LONDON,UNIVERSITY COLLEGE LONDON HOSPITALS NHS FOUNDATION TRUST,12263,0,0,567,0,0,3614,0,0,0,0,0,378,136,1356,0,0,287
2024-01-01,RXF,NHS ENGLAND NORTH EAST AND YORKSHIRE ,MID YORKSHIRE TEACHING NHS TRUST,16613,0,5953,124,0,82,7190,0,511,10,0,2,2403,660,3438,0,156,967
2024-01-01,RXQ,NHS ENGLAND SOUTH EAST ,BUCKINGHAMSHIRE HEALTHCARE NHS TRUST,10053,1207,3366,2,0,0,4315,0,145,1,0,0,255,538,4173,831,0,1125
2024-01-01,RY5,NHS ENGLAND MIDLANDS ,LINCOLNSHIRE COMMUNITY HEALTH SERVICES NHS TRUST,0,0,8230,0,0,0,0,0,281,0,0,0,0,0,0,0,0,0
2024-01-01,Y02676,NHS ENGLAND SOUTH EAST ,BRIGHTON STATION HEALTH CENTRE,0,0,1812,0,0,0,0,0,0,0,0,0,0,0,0,0,0,0
2024-01-01,Y03007,NHS ENGLAND MIDLANDS ,ERDINGTON GP HEALTH & WELLBEING WIC,0,0,0,0,0,2208,0,0,0,0,0,0,0,0,0,0,0,0
2024-01-01,C83023,NHS ENGLAND MIDLANDS ,SLEAFORD MEDICAL GROUP,0,0,584,0,0,0,0,0,0,0,0,0,0,0,0,0,0,0
2024-01-01,RBV,NHS ENGLAND NORTH WEST ,THE CHRISTIE NHS FOUNDATION TRUST,0,0,0,0,0,0,0,0,0,0,0,0,0,0,0,0,0,724
2024-01-01,RGP,NHS ENGLAND EAST OF ENGLAND ,JAMES PAGET UNIVERSITY HOSPITALS NHS FOUNDATION TRUST,6299,0,1541,108,0,0,2764,0,0,38,0,0,657,358,1696,0,0,516
2024-01-01,RLQ,NHS ENGLAND MIDLANDS ,WYE VALLEY NHS TRUST,5485,0,0,179,0,0,2633,0,0,49,0,0,371,299,1936,0,0,603
2024-01-01,RQX,NHS ENGLAND LONDON,HOMERTON HEALTHCARE NHS FOUNDATION TRUST,10728,0,0,20,0,0,1719,0,0,0,0,0,186,42,1756,0,0,365
2024-01-01,RR7,NHS ENGLAND NORTH EAST AND YORKSHIRE ,GATESHEAD HEALTH NHS FOUNDATION TRUST,6010,0,3767,42,0,21,3029,0,45,17,0,0,1109,1,1695,0,0,743
2024-01-01,RVW,NHS ENGLAND NORTH EAST AND YORKSHIRE ,NORTH TEES AND HARTLEPOOL NHS FOUNDATION TRUST,4715,0,12156,0,0,0,2516,0,64,0,0,0,326,18,1758,0,566,2338
2024-01-01,RXK,NHS ENGLAND MIDLANDS ,SANDWELL AND WEST BIRMINGHAM HOSPITALS NHS TRUST,14028,1145,9960,991,0,0,7397,128,728,250,0,0,1704,451,2806,0,0,519
2024-01-01,Y03218,NHS ENGLAND LONDON,THE PINN UNREGISTERED WIC,0,0,1000,0,0,0,0,0,0,0,0,0,0,0,0,0,0,0
2024-01-01,ARN03,NHS ENGLAND NORTH EAST AND YORKSHIRE ,LOCAL CARE DIRECT,0,0,2352,0,0,278,0,0,0,0,0,0,0,0,0,0,0,0
2024-01-01,RJZ,NHS ENGLAND LONDON,KING'S COLLEGE HOSPITAL NHS FOUNDATION TRUST,15566,0,8442,81,0,1325,8454,0,913,23,0,174,1694,991,3589,0,0,516
2024-01-01,RWE,NHS ENGLAND MIDLANDS ,UNIVERSITY HOSPITALS OF LEICESTER NHS TRUST,20840,1771,0,0,0,0,9699,80,0,0,0,0,1319,1625,5709,1,0,3650
2024-01-01,AD913,NHS ENGLAND LONDON,BECKENHAM BEACON UCC,0,0,3743,0,0,258,0,0,44,0,0,0,0,0,0,0,0,0
2024-01-01,NTPAD,NHS ENGLAND SOUTH EAST ,PRACTICE PLUS GROUP SURGICAL CENTRE - ST MARYS PORTSMOUTH,0,0,5645,0,0,289,0,0,241,0,0,9,0,0,0,0,0,0
2024-01-01,NV693,NHS ENGLAND NORTH WEST ,ROSSENDALE MIU & OOH,0,0,905,0,0,0,0,0,0,0,0,0,0,0,0,0,0,0
2024-01-01,R0D,NHS ENGLAND SOUTH WEST ,UNIVERSITY HOSPITALS DORSET NHS FOUNDATION TRUST,13579,0,3563,0,0,0,6538,0,0,0,0,0,1341,460,3924,1,0,2438
2024-01-01,RJN,NHS ENGLAND NORTH WEST ,EAST CHESHIRE NHS TRUST,4255,0,0,40,0,53,2144,0,0,0,0,0,195,566,915,0,0,221
2024-01-01,RYR,NHS ENGLAND SOUTH EAST ,UNIVERSITY HOSPITALS SUSSEX NHS FOUNDATION TRUST,21793,1494,4920,1269,0,1055,9623,7,529,377,0,30,1730,1386,7691,32,44,1415
2024-01-01,NDJ,NHS ENGLAND SOUTH EAST ,FIRST COMMUNITY HEALTH AND CARE CIC,0,0,2140,0,0,0,0,0,0,0,0,0,0,0,0,0,0,0
2024-01-01,RAN,NHS ENGLAND LONDON,ROYAL NATIONAL ORTHOPAEDIC HOSPITAL NHS TRUST,0,0,0,0,0,0,0,0,0,0,0,0,0,0,0,0,0,35
2024-01-01,RAX,NHS ENGLAND LONDON,KINGSTON HOSPITAL NHS FOUNDATION TRUST,7187,0,8091,0,0,0,3563,0,347,0,0,0,241,592,2083,0,150,601
2024-01-01,RDY,NHS ENGLAND SOUTH WEST ,DORSET HEALTHCARE UNIVERSITY NHS FOUNDATION TRUST,0,0,0,0,0,0,0,0,0,0,0,0,0,0,0,0,3,3
2024-01-01,REF,NHS ENGLAND SOUTH WEST ,ROYAL CORNWALL HOSPITALS NHS TRUST,6010,0,10528,0,0,0,3524,0,554,0,0,0,445,804,2203,0,30,1073
2024-01-01,RNQ,NHS ENGLAND MIDLANDS ,KETTERING GENERAL HOSPITAL NHS FOUNDATION TRUST,9301,0,0,425,0,0,4476,0,0,0,0,0,1397,0,2060,0,0,186
2024-01-01,RNS,NHS ENGLAND MIDLANDS ,NORTHAMPTON GENERAL HOSPITAL NHS TRUST,8700,574,2059,130,0,30,4230,15,78,28,0,1,175,1087,1855,0,0,1389
2024-01-01,RPC,NHS ENGLAND SOUTH EAST ,QUEEN VICTORIA HOSPITAL NHS FOUNDATION TRUST,0,0,1334,0,0,0,0,0,3,0,0,0,0,0,0,0,1,479
2024-01-01,RTP,NHS ENGLAND SOUTH EAST ,SURREY AND SUSSEX HEALTHCARE NHS TRUST,10231,0,0,0,0,0,3373,0,0,0,0,0,541,566,3095,0,0,898
2024-01-01,RW1,NHS ENGLAND SOUTH EAST ,SOUTHERN HEALTH NHS FOUNDATION TRUST,0,0,2759,0,0,0,0,0,44,0,0,0,0,0,0,0,0,176
2024-01-01,RW4,NHS ENGLAND NORTH WEST ,MERSEY CARE NHS FOUNDATION TRUST,0,0,12134,0,0,0,0,0,1714,0,0,0,0,0,0,0,0,78
2024-01-01,RWP,NHS ENGLAND MIDLANDS ,WORCESTERSHIRE ACUTE HOSPITALS NHS TRUST,12354,0,5173,109,0,0,6908,0,13,52,0,0,1136,316,3643,0,0,1639
2024-01-01,RWY,NHS ENGLAND NORTH EAST AND YORKSHIRE ,CALDERDALE AND HUDDERSFIELD NHS FOUNDATION TRUST,15054,0,0,0,0,0,5038,0,0,0,0,0,1514,1,3075,0,0,884
2024-01-01,RY8,NHS ENGLAND MIDLANDS ,DERBYSHIRE COMMUNITY HEALTH SERVICES NHS FOUNDATION TRUST,0,0,6042,0,0,1830,0,0,3,0,0,0,0,0,0,0,0,0
2024-01-01,RYF,NHS ENGLAND SOUTH WEST ,SOUTH WESTERN AMBULANCE SERVICE NHS FOUNDATION TRUST,0,0,1595,0,0,0,0,0,75,0,0,0,0,0,0,0,0,0
2024-01-01,Y02428,NHS ENGLAND EAST OF ENGLAND ,PUTNOE WALK IN CENTRE,0,0,3026,0,0,0,0,0,0,0,0,0,0,0,0,0,0,0
2024-01-01,C82009,NHS ENGLAND MIDLANDS ,MARKET HARBOROUGH MED.CTR,0,0,254,0,0,0,0,0,0,0,0,0,0,0,0,0,0,0
2024-01-01,L83087,NHS ENGLAND SOUTH WEST ,OKEHAMPTON MEDICAL CENTRE,0,0,68,0,0,0,0,0,0,0,0,0,0,0,0,0,0,0
2024-01-01,NNJ07,NHS ENGLAND MIDLANDS ,LOUGHBOROUGH URGENT CARE CENTRE,0,0,5132,0,0,823,0,0,8,0,0,0,0,0,0,0,0,0
2024-01-01,NNJ0H,NHS ENGLAND MIDLANDS ,LLR EA - THE MERLYN VAZ HEALTH & SOCIAL CARE CENTRE,0,0,259,0,0,2271,0,0,0,0,0,1,0,0,0,0,0,0
2024-01-01,NNJ12,NHS ENGLAND MIDLANDS ,MARKET HARBOROUGH,0,0,98,0,0,392,0,0,0,0,0,0,0,0,0,0,0,0
2024-01-01,NNJ13,NHS ENGLAND MIDLANDS ,MELTON MOWBRAY,0,0,44,0,0,338,0,0,0,0,0,0,0,0,0,0,0,0
2024-01-01,NNJ14,NHS ENGLAND MIDLANDS ,OADBY,0,0,1390,0,0,2577,0,0,0,0,0,1,0,0,0,0,0,0
2024-01-01,NNJ15,NHS ENGLAND MIDLANDS ,OAKHAM,0,0,81,0,0,407,0,0,0,0,0,0,0,0,0,0,0,0
2024-01-01,R1H,NHS ENGLAND LONDON,BARTS HEALTH NHS TRUST,24262,922,17124,0,0,0,11196,30,2917,0,0,0,986,717,5256,0,0,1232
2024-01-01,RAT,NHS ENGLAND LONDON,NORTH EAST LONDON NHS FOUNDATION TRUST,0,0,1233,0,0,0,0,0,11,0,0,0,0,0,0,0,0,0
2024-01-01,RBK,NHS ENGLAND MIDLANDS ,WALSALL HEALTHCARE NHS TRUST,8394,0,4015,466,0,151,3411,0,184,95,0,0,1278,139,3664,0,0,799
2024-01-01,RC9,NHS ENGLAND EAST OF ENGLAND ,BEDFORDSHIRE HOSPITALS NHS FOUNDATION TRUST,15677,0,7769,0,0,1167,6863,0,0,0,0,0,82,15,4897,0,0,2366
2024-01-01,RD8,NHS ENGLAND EAST OF ENGLAND ,MILTON KEYNES UNIVERSITY HOSPITAL NHS FOUNDATION TRUST,7909,0,5108,589,0,130,2925,0,189,217,0,0,941,0,2155,0,0,463
2024-01-01,RDU,NHS ENGLAND SOUTH EAST ,FRIMLEY HEALTH NHS FOUNDATION TRUST,22368,0,4563,0,0,0,10176,0,22,0,0,0,2658,312,6518,0,0,271
2024-01-01,RGR,NHS ENGLAND EAST OF ENGLAND ,WEST SUFFOLK NHS FOUNDATION TRUST,7108,0,684,78,0,0,3143,0,0,0,0,0,342,740,1937,0,0,689
2024-01-01,RH8,NHS ENGLAND SOUTH WEST ,ROYAL DEVON UNIVERSITY HEALTHCARE NHS FOUNDATION TRUST,11174,0,3387,1144,0,58,5132,0,45,420,0,3,938,148,3774,0,0,2358
2024-01-01,RHM,NHS ENGLAND SOUTH EAST ,UNIVERSITY HOSPITAL SOUTHAMPTON NHS FOUNDATION TRUST,11485,1233,0,106,0,0,4182,139,0,26,0,0,704,18,3334,12,0,1590
2024-01-01,RHQ,NHS ENGLAND NORTH EAST AND YORKSHIRE ,SHEFFIELD TEACHING HOSPITALS NHS FOUNDATION TRUST,8948,1123,7000,438,0,1148,4418,0,355,186,0,24,1269,18,3832,0,0,2775
2024-01-01,RHW,NHS ENGLAND SOUTH EAST ,ROYAL BERKSHIRE NHS FOUNDATION TRUST,11657,2142,0,775,0,0,4480,14,0,0,0,0,810,0,2668,0,0,811
2024-01-01,RJ2,NHS ENGLAND LONDON,LEWISHAM AND GREENWICH NHS TRUST,13771,0,12471,54,0,0,8126,0,1802,20,0,0,1202,993,3593,0,0,1299
2024-01-01,RNU,NHS ENGLAND SOUTH EAST ,OXFORD HEALTH NHS FOUNDATION TRUST,0,0,3472,0,0,0,0,0,370,0,0,0,0,0,0,0,0,0
2024-01-01,RP6,NHS ENGLAND LONDON,MOORFIELDS EYE HOSPITAL NHS FOUNDATION TRUST,0,5345,0,0,0,0,0,16,0,0,0,0,0,0,0,4,0,171
2024-01-01,RQM,NHS ENGLAND LONDON,CHELSEA AND WESTMINSTER HOSPITAL NHS FOUNDATION TRUST,19383,0,5876,577,0,0,4705,0,260,0,0,0,1108,24,2603,0,0,354
2024-01-01,RTD,NHS ENGLAND NORTH EAST AND YORKSHIRE ,THE NEWCASTLE UPON TYNE HOSPITALS NHS FOUNDATION TRUST,11981,1564,5627,0,0,781,5042,82,0,0,0,0,556,102,3512,8,0,3022
2024-01-01,RTK,NHS ENGLAND SOUTH EAST ,ASHFORD AND ST PETER'S HOSPITALS NHS FOUNDATION TRUST,9823,0,0,0,0,0,4353,0,0,0,0,0,844,215,2579,0,0,436
2024-01-01,RTQ,NHS ENGLAND SOUTH WEST ,GLOUCESTERSHIRE HEALTH AND CARE NHS FOUNDATION TRUST,0,0,6001,0,0,0,0,0,11,0,0,0,0,0,0,0,0,19
2024-01-01,RWD,NHS ENGLAND MIDLANDS ,UNITED LINCOLNSHIRE HOSPITALS NHS TRUST,9783,0,9568,1,0,0,6616,0,1535,1,0,0,768,1342,4349,0,0,1239
2024-01-01,RWW,NHS ENGLAND NORTH WEST ,WARRINGTON AND HALTON TEACHING HOSPITALS NHS FOUNDATION TRUST,7182,0,3203,210,0,89,3754,0,182,69,0,5,623,904,1841,0,0,248
2024-01-01,RXG,NHS ENGLAND NORTH EAST AND YORKSHIRE ,SOUTH WEST YORKSHIRE PARTNERSHIP NHS FOUNDATION TRUST,0,0,0,0,0,0,0,0,0,0,0,0,0,0,0,0,0,131
2024-01-01,RY7,NHS ENGLAND NORTH WEST ,WIRRAL COMMUNITY HEALTH AND CARE NHS FOUNDATION TRUST,0,0,4400,0,0,0,0,0,228,0,0,0,0,0,0,0,0,0
2024-01-01,Y03571,NHS ENGLAND MIDLANDS ,CORBY URGENT CARE CENTRE,0,0,8537,0,0,626,0,0,166,0,0,0,0,0,0,0,0,0
2024-01-01,AXG,NHS ENGLAND SOUTH WEST ,WILTSHIRE HEALTH & CARE,0,0,2182,0,0,39,0,0,22,0,0,0,0,0,0,0,0,0
2024-01-01,NNF09,NHS ENGLAND NORTH EAST AND YORKSHIRE ,BRANSHOLME HEALTH CENTRE,0,0,4103,0,0,0,0,0,543,0,0,0,0,0,0,0,0,0
2024-01-01,NNF76,NHS ENGLAND NORTH EAST AND YORKSHIRE ,THE WILBERFORCE HEALTH CENTRE,0,0,3309,0,0,0,0,0,0,0,0,0,0,0,0,0,0,0
2024-01-01,NNF94,NHS ENGLAND NORTH EAST AND YORKSHIRE ,EAST RIDING COMMUNITY HOSPITAL,0,0,2514,0,0,0,0,0,244,0,0,0,0,0,0,0,0,0
2024-01-01,NNFA7,NHS ENGLAND NORTH EAST AND YORKSHIRE ,GOOLE & DISTRICT HOSPITAL,0,0,1365,0,0,0,0,0,7,0,0,0,0,0,0,0,0,0
2024-01-01,RA2,NHS ENGLAND SOUTH EAST ,ROYAL SURREY COUNTY HOSPITAL NHS FOUNDATION TRUST,6393,0,1336,632,0,11,2817,0,0,187,0,0,487,78,2256,0,0,1116
2024-01-01,RA7,NHS ENGLAND SOUTH WEST ,UNIVERSITY HOSPITALS BRISTOL AND WESTON NHS FOUNDATION TRUST,15559,2243,0,0,0,0,6216,77,0,0,0,0,1308,327,5454,7,0,1694
2024-01-01,RBT,NHS ENGLAND NORTH WEST ,MID CHESHIRE HOSPITALS NHS FOUNDATION TRUST,7233,0,2453,97,0,19,3850,0,43,21,0,0,670,655,2546,0,0,1176
2024-01-01,RCF,NHS ENGLAND NORTH EAST AND YORKSHIRE ,AIREDALE NHS FOUNDATION TRUST,5592,247,18,521,0,0,3142,0,0,0,0,0,527,220,1550,0,0,584
2024-01-01,RCX,NHS ENGLAND EAST OF ENGLAND ,"THE QUEEN ELIZABETH HOSPITAL, KING'S LYNN, NHS FOUNDATION TRUST",6366,0,1014,34,0,0,3310,0,0,13,0,0,313,183,2259,0,0,619
2024-01-01,RDR,NHS ENGLAND SOUTH EAST ,SUSSEX COMMUNITY NHS FOUNDATION TRUST,0,0,11743,0,0,0,0,0,141,0,0,0,0,0,0,0,0,0
2024-01-01,REM,NHS ENGLAND NORTH WEST ,LIVERPOOL UNIVERSITY HOSPITALS NHS FOUNDATION TRUST,17237,262,8327,431,0,0,7739,0,1018,94,0,0,2233,1427,5262,0,0,2497
2024-01-01,REP,NHS ENGLAND NORTH WEST ,LIVERPOOL WOMEN'S NHS FOUNDATION TRUST,0,1343,0,0,157,0,0,199,0,0,0,0,0,0,0,99,0,18
2024-01-01,RGN,NHS ENGLAND EAST OF ENGLAND ,NORTH WEST ANGLIA NHS FOUNDATION TRUST,12930,0,4464,88,0,414,6522,0,573,32,0,39,569,816,3244,0,127,1684
2024-01-01,RJE,NHS ENGLAND MIDLANDS ,UNIVERSITY HOSPITALS OF NORTH MIDLANDS NHS TRUST,12986,479,7829,575,0,408,7429,0,226,310,0,16,800,1209,6153,0,0,3118
2024-01-01,RJR,NHS ENGLAND NORTH WEST ,COUNTESS OF CHESTER HOSPITAL NHS FOUNDATION TRUST,6378,0,539,0,0,0,3373,0,94,0,0,0,292,652,1636,0,0,1362
2024-01-01,RK9,NHS ENGLAND SOUTH WEST ,UNIVERSITY HOSPITALS PLYMOUTH NHS TRUST,8690,117,4174,0,0,0,5586,0,379,0,0,0,666,746,2629,0,0,1177
2024-01-01,RKE,NHS ENGLAND LONDON,WHITTINGTON HEALTH NHS TRUST,8704,0,0,0,0,0,3202,0,0,0,0,0,211,440,1013,0,0,49
2024-01-01,RL1,NHS ENGLAND MIDLANDS ,THE ROBERT JONES AND AGNES HUNT ORTHOPAEDIC HOSPITAL NHS FOUNDATION TRUST,0,0,0,0,0,0,0,0,0,0,0,0,0,0,0,0,0,20
2024-01-01,RL4,NHS ENGLAND MIDLANDS ,THE ROYAL WOLVERHAMPTON NHS TRUST,12977,0,6308,167,0,869,4520,0,418,0,0,0,644,541,6126,0,0,954
2024-01-01,RNN,NHS ENGLAND NORTH EAST AND YORKSHIRE ,NORTH CUMBRIA INTEGRATED CARE NHS FOUNDATION TRUST,8478,0,1642,360,0,46,3870,0,18,102,0,0,651,732,2297,0,0,866
2024-01-01,RRK,NHS ENGLAND MIDLANDS ,UNIVERSITY HOSPITALS BIRMINGHAM NHS FOUNDATION TRUST,33224,0,1386,93,0,199,16268,0,12,34,0,0,2408,2453,10470,0,0,7741
2024-01-01,RTG,NHS ENGLAND MIDLANDS ,UNIVERSITY HOSPITALS OF DERBY AND BURTON NHS FOUNDATION TRUST,20504,0,9829,289,0,75,9186,0,55,125,0,3,1079,866,4315,0,7,2351
2024-01-01,RTR,NHS ENGLAND NORTH EAST AND YORKSHIRE ,SOUTH TEES HOSPITALS NHS FOUNDATION TRUST,10307,0,4795,0,0,371,4556,0,368,0,0,12,691,70,2708,0,148,2322
2024-01-01,RV9,NHS ENGLAND NORTH EAST AND YORKSHIRE ,HUMBER TEACHING NHS FOUNDATION TRUST,0,0,1015,0,0,31,0,0,1,0,0,0,0,0,0,0,0,0
2024-01-01,RWJ,NHS ENGLAND NORTH WEST ,STOCKPORT NHS FOUNDATION TRUST,8798,0,0,684,0,0,3866,0,0,222,0,0,805,603,2632,0,0,772
2024-01-01,RXN,NHS ENGLAND NORTH WEST ,LANCASHIRE TEACHING HOSPITALS NHS FOUNDATION TRUST,12090,0,3997,191,0,123,5247,0,185,41,0,7,1249,505,3127,0,179,1448
2024-01-01,RXP,NHS ENGLAND NORTH EAST AND YORKSHIRE ,COUNTY DURHAM AND DARLINGTON NHS FOUNDATION TRUST,13117,0,4210,0,0,7378,6872,0,0,0,0,0,2302,14,4682,0,0,841
2024-01-01,RY4,NHS ENGLAND EAST OF ENGLAND ,HERTFORDSHIRE COMMUNITY NHS TRUST,0,0,932,0,0,0,0,0,17,0,0,0,0,0,0,0,0,0
2024-01-01,RYG,NHS ENGLAND MIDLANDS ,COVENTRY AND WARWICKSHIRE PARTNERSHIP NHS TRUST,0,0,0,0,0,0,0,0,0,0,0,0,0,0,0,0,6,67
2024-01-01,RBD,NHS ENGLAND SOUTH WEST ,DORSET COUNTY HOSPITAL NHS FOUNDATION TRUST,4319,0,0,291,0,3445,1325,0,0,53,0,11,178,50,2060,0,0,543
2024-01-01,RBS,NHS ENGLAND NORTH WEST ,ALDER HEY CHILDREN'S NHS FOUNDATION TRUST,6405,0,0,0,0,0,1152,0,0,0,0,0,0,0,920,0,0,385
2024-01-01,RCD,NHS ENGLAND NORTH EAST AND YORKSHIRE ,HARROGATE AND DISTRICT NHS FOUNDATION TRUST,4978,0,750,203,0,24,1659,0,0,39,0,0,443,124,1336,0,0,431
2024-01-01,RCU,NHS ENGLAND NORTH EAST AND YORKSHIRE ,SHEFFIELD CHILDREN'S NHS FOUNDATION TRUST,4327,0,451,270,0,30,505,0,0,37,0,1,7,0,966,0,0,93
2024-01-01,RDE,NHS ENGLAND EAST OF ENGLAND ,EAST SUFFOLK AND NORTH ESSEX NHS FOUNDATION TRUST,14252,0,12617,310,0,269,7261,0,357,0,0,0,1252,516,5971,0,344,1040
2024-01-01,RF4,NHS ENGLAND LONDON,"BARKING, HAVERING AND REDBRIDGE UNIVERSITY HOSPITALS NHS TRUST",12768,2424,13676,0,0,0,6303,476,705,0,0,0,731,528,7503,0,0,348
2024-01-01,RFF,NHS ENGLAND NORTH EAST AND YORKSHIRE ,BARNSLEY HOSPITAL NHS FOUNDATION TRUST,8327,0,0,481,0,0,3924,0,0,0,0,0,705,1,2926,0,0,538
2024-01-01,RFR,NHS ENGLAND NORTH EAST AND YORKSHIRE ,THE ROTHERHAM NHS FOUNDATION TRUST,8317,0,0,0,0,0,3712,0,0,0,0,0,935,30,2773,0,0,512
2024-01-01,RFS,NHS ENGLAND MIDLANDS ,CHESTERFIELD ROYAL HOSPITAL NHS FOUNDATION TRUST,6907,0,1539,199,0,120,3006,0,298,58,0,19,895,141,2520,0,312,727
2024-01-01,RJ1,NHS ENGLAND LONDON,GUY'S AND ST THOMAS' NHS FOUNDATION TRUST,10317,776,6382,0,0,0,3915,0,217,0,0,0,181,34,1977,0,0,252
2024-01-01,RJC,NHS ENGLAND MIDLANDS ,SOUTH WARWICKSHIRE UNIVERSITY NHS FOUNDATION TRUST,7873,0,380,16,0,0,2474,0,0,0,0,0,374,10,2295,0,0,757
2024-01-01,RJL,NHS ENGLAND NORTH EAST AND YORKSHIRE ,NORTHERN LINCOLNSHIRE AND GOOLE NHS FOUNDATION TRUST,15096,0,0,0,0,0,5984,0,0,0,0,0,632,1000,4716,0,0,566
2024-01-01,RK5,NHS ENGLAND MIDLANDS ,SHERWOOD FOREST HOSPITALS NHS FOUNDATION TRUST,10653,0,5295,19,0,135,4980,0,492,10,0,9,831,244,3578,0,1,384
2024-01-01,RKB,NHS ENGLAND MIDLANDS ,UNIVERSITY HOSPITALS COVENTRY AND WARWICKSHIRE NHS TRUST,11496,1825,7436,45,0,135,5822,131,319,26,0,0,333,100,3063,69,94,1716
2024-01-01,RLT,NHS ENGLAND MIDLANDS ,GEORGE ELIOT HOSPITAL NHS TRUST,6696,0,1723,0,0,0,2346,0,41,0,0,0,693,279,998,0,0,24
2024-01-01,RM1,NHS ENGLAND EAST OF ENGLAND ,NORFOLK AND NORWICH UNIVERSITY HOSPITALS NHS FOUNDATION TRUST,11230,0,8968,381,0,0,4555,0,14,99,0,0,849,200,2700,0,0,1685
2024-01-01,RMP,NHS ENGLAND NORTH WEST ,TAMESIDE AND GLOSSOP INTEGRATED CARE NHS FOUNDATION TRUST,8468,0,3249,411,0,197,5128,0,0,0,0,0,680,376,2710,0,0,585
2024-01-01,RN5,NHS ENGLAND SOUTH EAST ,HAMPSHIRE HOSPITALS NHS FOUNDATION TRUST,12022,0,420,0,0,143,4915,0,1,0,0,0,953,131,4186,0,0,1119
2024-01-01,RNZ,NHS ENGLAND SOUTH WEST ,SALISBURY NHS FOUNDATION TRUST,4050,319,1860,320,0,0,1769,0,0,131,0,0,505,6,1280,0,0,819
2024-01-01,RQW,NHS ENGLAND EAST OF ENGLAND ,THE PRINCESS ALEXANDRA HOSPITAL NHS TRUST,8258,0,2055,0,0,915,4633,0,0,0,0,0,654,212,2255,0,0,393
2024-01-01,RR8,NHS ENGLAND NORTH EAST AND YORKSHIRE ,LEEDS TEACHING HOSPITALS NHS TRUST,17277,0,12254,102,0,52,7062,0,37,28,0,0,1626,473,3848,0,0,1238
2024-01-01,RRF,NHS ENGLAND NORTH WEST ,"WRIGHTINGTON, WIGAN AND LEIGH NHS FOUNDATION TRUST",7464,0,5248,0,0,0,4322,0,84,0,0,0,1156,512,2030,0,0,804
2024-01-01,RTE,NHS ENGLAND SOUTH WEST ,GLOUCESTERSHIRE HOSPITALS NHS FOUNDATION TRUST,11962,0,0,258,0,0,5257,0,0,83,0,0,391,974,2788,0,0,1802
2024-01-01,RVJ,NHS ENGLAND SOUTH WEST ,NORTH BRISTOL NHS TRUST,8995,0,0,34,0,0,3305,0,0,9,0,0,838,318,2910,0,0,2034
2024-01-01,RVV,NHS ENGLAND SOUTH EAST ,EAST KENT HOSPITALS UNIVERSITY NHS FOUNDATION TRUST,13343,0,12161,0,0,0,7620,0,346,0,0,0,521,1368,3682,0,488,990
2024-01-01,RWA,NHS ENGLAND NORTH EAST AND YORKSHIRE ,HULL UNIVERSITY TEACHING HOSPITALS NHS TRUST,11274,0,0,0,0,0,6189,0,0,0,0,0,1018,493,3654,0,0,1830
2024-01-01,RWG,NHS ENGLAND EAST OF ENGLAND ,WEST HERTFORDSHIRE TEACHING HOSPITALS NHS TRUST,7892,0,8441,0,0,259,4632,0,426,0,0,0,1761,63,3474,0,0,570
2024-01-01,RWH,NHS ENGLAND EAST OF ENGLAND ,EAST AND NORTH HERTFORDSHIRE NHS TRUST,9395,0,5883,2,0,402,5321,0,10,2,0,0,178,73,2979,0,36,275
2024-01-01,RWX,NHS ENGLAND SOUTH EAST ,BERKSHIRE HEALTHCARE NHS FOUNDATION TRUST,0,0,1390,0,0,0,0,0,8,0,0,0,0,0,0,0,40,52
2024-01-01,RXR,NHS ENGLAND NORTH WEST ,EAST LANCASHIRE HOSPITALS NHS TRUST,12335,0,8903,0,0,0,4647,0,920,0,0,0,310,1215,3332,0,82,1757
2024-01-01,RXW,NHS ENGLAND MIDLANDS ,THE SHREWSBURY AND TELFORD HOSPITAL NHS TRUST,10020,0,2036,109,0,495,5946,0,270,55,0,10,393,957,2719,0,52,2535
2024-01-01,RYJ,NHS ENGLAND LONDON,IMPERIAL COLLEGE HEALTHCARE NHS TRUST,11940,3733,6547,0,0,343,5278,38,432,0,0,0,674,164,3618,1,0,1024
2024-01-01,NR3,NHS ENGLAND MIDLANDS ,NOTTINGHAM CITYCARE PARTNERSHIP,0,0,5427,0,0,279,0,0,1094,0,0,0,0,0,0,0,0,0
2024-01-01,R1D,NHS ENGLAND MIDLANDS ,SHROPSHIRE COMMUNITY HEALTH NHS TRUST,0,0,2847,0,0,0,0,0,6,0,0,0,0,0,0,0,0,5
2024-01-01,R1F,NHS ENGLAND SOUTH EAST ,ISLE OF WIGHT NHS TRUST,3752,0,1668,37,0,29,1890,0,0,15,0,0,316,220,1103,0,0,304
2024-01-01,RAE,NHS ENGLAND NORTH EAST AND YORKSHIRE ,BRADFORD TEACHING HOSPITALS NHS FOUNDATION TRUST,9500,0,3298,0,0,0,2306,0,0,0,0,0,658,31,2399,0,141,1522
2024-01-01,RAJ,NHS ENGLAND EAST OF ENGLAND ,MID AND SOUTH ESSEX NHS FOUNDATION TRUST,31336,0,1844,544,0,14,10747,0,144,129,0,1,3319,66,8879,0,185,1210
2024-01-01,RAP,NHS ENGLAND LONDON,NORTH MIDDLESEX UNIVERSITY HOSPITAL NHS TRUST,8712,507,7033,80,1,95,5140,4,1420,58,0,14,254,900,1589,0,0,191
2024-01-01,RAS,NHS ENGLAND LONDON,THE HILLINGDON HOSPITALS NHS FOUNDATION TRUST,5900,0,6092,0,0,0,3694,0,134,0,0,0,587,60,2062,0,0,176
2024-01-01,RCB,NHS ENGLAND NORTH EAST AND YORKSHIRE ,YORK AND SCARBOROUGH TEACHING HOSPITALS NHS FOUNDATION TRUST,10691,355,8078,0,0,818,6240,0,285,0,0,0,974,1100,4617,0,0,1667
2024-01-01,RH5,NHS ENGLAND SOUTH WEST ,SOMERSET NHS FOUNDATION TRUST,12542,0,8730,0,0,1,5506,0,347,0,0,0,839,124,3155,0,0,2104
2024-01-01,RN7,NHS ENGLAND SOUTH EAST ,DARTFORD AND GRAVESHAM NHS TRUST,11721,0,3556,0,0,0,4292,0,26,0,0,0,1270,43,3052,0,0,388
2024-01-01,RWF,NHS ENGLAND SOUTH EAST ,MAIDSTONE AND TUNBRIDGE WELLS NHS TRUST,18780,0,2069,753,0,148,3589,0,9,80,0,3,1081,47,5405,0,0,1002
2024-01-01,RYX,NHS ENGLAND LONDON,CENTRAL LONDON COMMUNITY HEALTHCARE NHS TRUST,0,0,10356,0,0,414,0,0,110,0,0,1,0,0,0,0,0,0
2024-01-01,RTX,NHS ENGLAND NORTH WEST ,UNIVERSITY HOSPITALS OF MORECAMBE BAY NHS FOUNDATION TRUST,8096,0,3916,156,0,560,3252,0,185,32,0,40,671,509,3098,0,45,970
2024-01-01,RBN,NHS ENGLAND NORTH WEST ,MERSEY AND WEST LANCASHIRE TEACHING HOSPITALS NHS TRUST,17886,0,7799,447,0,0,7912,0,396,84,0,0,504,436,7414,0,0,640
2024-01-01,DT301,NHS ENGLAND EAST OF ENGLAND ,HERTS URGENT CARE (ASCOTS LANE),0,0,2256,0,0,0,0,0,7,0,0,0,0,0,0,0,0,0
2024-01-01,NQT51,NHS ENGLAND SOUTH EAST ,STATION PLAZA HEALTH CENTRE,0,0,1098,0,0,0,0,0,0,0,0,0,0,0,0,0,0,0
2024-01-01,NTP11,NHS ENGLAND SOUTH EAST ,PRACTICE PLUS GROUP HOSPITAL - SOUTHAMPTON,0,0,5349,0,0,0,0,0,383,0,0,0,0,0,0,0,0,0
2024-01-01,RNA,NHS ENGLAND MIDLANDS ,THE DUDLEY GROUP NHS FOUNDATION TRUST,9490,0,4474,155,0,742,4021,0,128,30,0,0,2757,211,3678,0,0,1917
2024-01-01,RQ3,NHS ENGLAND MIDLANDS ,BIRMINGHAM WOMEN'S AND CHILDREN'S NHS FOUNDATION TRUST,5243,0,0,0,0,0,1319,0,0,0,0,0,0,8,921,0,0,215
2024-01-01,RY2,NHS ENGLAND NORTH WEST ,BRIDGEWATER COMMUNITY HEALTHCARE NHS FOUNDATION TRUST,0,0,3421,0,0,172,0,0,476,0,0,12,0,0,0,0,0,0
2024-01-01,RD1,NHS ENGLAND SOUTH WEST ,ROYAL UNITED HOSPITALS BATH NHS FOUNDATION TRUST,8434,0,0,0,0,0,3529,0,0,0,0,0,777,21,2556,0,6,1687
2024-01-01,RJ7,NHS ENGLAND LONDON,ST GEORGE'S UNIVERSITY HOSPITALS NHS FOUNDATION TRUST,8682,0,3098,867,0,0,3728,0,0,177,0,0,588,626,2616,0,0,753
2024-01-01,RN3,NHS ENGLAND SOUTH WEST ,GREAT WESTERN HOSPITALS NHS FOUNDATION TRUST,5402,0,5511,0,0,247,2639,0,320,0,0,2,479,102,2419,0,0,1522
2024-01-01,RP5,NHS ENGLAND NORTH EAST AND YORKSHIRE ,DONCASTER AND BASSETLAW TEACHING HOSPITALS NHS FOUNDATION TRUST,13313,0,3651,0,0,0,6491,0,0,0,0,0,1253,383,3470,0,451,1151
2024-01-01,RPA,NHS ENGLAND SOUTH EAST ,MEDWAY NHS FOUNDATION TRUST,8279,0,7001,318,0,1201,3429,0,1428,89,0,0,293,953,2201,0,0,1155
2024-01-01,RTH,NHS ENGLAND SOUTH EAST ,OXFORD UNIVERSITY HOSPITALS NHS FOUNDATION TRUST,11721,1839,465,1448,0,126,5158,0,9,489,0,0,1086,0,4299,152,21,4502
2024-01-01,Y02147,NHS ENGLAND LONDON,URGENT CARE CENTRE (QMS),0,0,8087,0,0,439,0,0,152,0,0,3,0,0,0,0,0,0
2024-01-01,Y04538,NHS ENGLAND SOUTH EAST ,BRACKNELL URGENT CARE CENTRE WIC,0,0,2338,0,0,0,0,0,43,0,0,0,0,0,0,0,0,0
2024-01-01,R0A,NHS ENGLAND NORTH WEST ,MANCHESTER UNIVERSITY NHS FOUNDATION TRUST,24536,3187,11847,3235,475,889,12407,108,1149,1519,10,177,3890,710,5662,166,159,426
2024-01-01,R1K,NHS ENGLAND LONDON,LONDON NORTH WEST UNIVERSITY HEALTHCARE NHS TRUST,13197,0,14655,0,0,0,6939,0,274,0,0,0,886,657,6866,0,0,646
2024-01-01,RAL,NHS ENGLAND LONDON,ROYAL FREE LONDON NHS FOUNDATION TRUST,17338,0,9177,0,0,0,8391,0,586,0,0,0,1112,1038,4118,0,0,561
2024-01-01,RJ6,NHS ENGLAND LONDON,CROYDON HEALTH SERVICES NHS TRUST,13012,0,5222,4,0,0,5076,0,0,2,0,0,398,746,1406,0,0,133
2024-01-01,RM3,NHS ENGLAND NORTH WEST ,NORTHERN CARE ALLIANCE NHS FOUNDATION TRUST,24625,0,7423,0,0,0,12569,0,394,0,0,0,1418,862,6892,0,457,1798
2024-01-01,RMC,NHS ENGLAND NORTH WEST ,BOLTON NHS FOUNDATION TRUST,7849,0,3321,25,0,23,4365,0,651,14,0,6,366,757,2058,0,128,705
2024-01-01,RBL,NHS ENGLAND NORTH WEST ,WIRRAL UNIVERSITY TEACHING HOSPITAL NHS FOUNDATION TRUST,7892,0,2922,146,0,195,4209,0,50,66,0,1,405,915,2085,0,0,1736
2024-01-01,RHU,NHS ENGLAND SOUTH EAST ,PORTSMOUTH HOSPITALS UNIVERSITY NATIONAL HEALTH SERVICE TRUST,9616,767,2631,1214,0,796,5325,6,58,615,0,12,1757,89,3536,0,0,2335
2024-01-01,RX1,NHS ENGLAND MIDLANDS ,NOTTINGHAM UNIVERSITY HOSPITALS NHS TRUST,14774,1769,235,486,0,0,8296,160,7,280,0,0,684,902,3838,0,0,3958
2024-01-01,NLX,NHS ENGLAND SOUTH WEST ,SIRONA CARE & HEALTH,0,0,7636,0,0,203,0,0,313,0,0,49,0,0,0,0,0,0
2024-01-01,RVR,NHS ENGLAND LONDON,EPSOM AND ST HELIER UNIVERSITY HOSPITALS NHS TRUST,12672,277,0,326,0,0,3072,1,0,35,0,0,213,811,1949,2,0,125
2024-01-01,RXC,NHS ENGLAND SOUTH EAST ,EAST SUSSEX HEALTHCARE NHS TRUST,9286,0,2360,815,0,1152,3849,0,48,0,0,0,327,1,3762,0,0,559
2024-01-01,RTF,NHS ENGLAND NORTH EAST AND YORKSHIRE ,NORTHUMBRIA HEALTHCARE NHS FOUNDATION TRUST,10131,0,11264,0,0,0,2889,0,3,0,0,0,95,6,4908,0,64,1671
2024-01-01,RA9,NHS ENGLAND SOUTH WEST ,TORBAY AND SOUTH DEVON NHS FOUNDATION TRUST,6015,0,2746,354,0,5,3048,0,10,158,0,0,422,126,2103,0,0,1210
2024-01-01,G0Q0L,NHS ENGLAND LONDON,BARKING HOSPITAL UTC,0,0,2737,0,0,0,0,0,66,0,0,0,0,0,0,0,0,0
2024-01-01,K6K0R,NHS ENGLAND LONDON,HAROLD WOOD POLYCLINIC UTC,0,0,2829,0,0,0,0,0,70,0,0,0,0,0,0,0,0,0
2023-07-01,RJ8,NHS ENGLAND SOUTH WEST ,CORNWALL PARTNERSHIP NHS FOUNDATION TRUST,0,0,0,0,0,0,0,0,0,0,0,0,0,0,0,0,9,51
2023-07-01,Y00751,NHS ENGLAND SOUTH EAST ,EAST BERKS PRIMARY CARE OOH(WAM),0,0,0,0,0,0,0,0,0,0,0,0,0,0,0,0,0,0
2023-07-01,Y02532,NHS ENGLAND NORTH WEST ,MIRIAM MINOR EMERGENCY,0,0,1687,0,0,0,0,0,1,0,0,0,0,0,0,0,0,0
2023-07-01,AQN04,NHS ENGLAND SOUTH EAST ,PHL LYMINGTON UTC,0,0,3047,0,0,25,0,0,37,0,0,0,0,0,0,0,0,0
2023-07-01,C82038,NHS ENGLAND MIDLANDS ,LATHAM HOUSE MEDICAL PRACTICE,0,0,340,0,0,0,0,0,0,0,0,0,0,0,0,0,0,0
2023-07-01,L83087,NHS ENGLAND SOUTH WEST ,OKEHAMPTON MEDICAL CENTRE,0,0,111,0,0,0,0,0,0,0,0,0,0,0,0,0,0,0
2023-07-01,NQT51,NHS ENGLAND SOUTH EAST ,STATION PLAZA HEALTH CENTRE,0,0,1768,0,0,0,0,0,0,0,0,0,0,0,0,0,0,0
2023-07-01,NQT5F,NHS ENGLAND NORTH WEST ,SKELMERSDALE WALK IN CENTRE,0,0,1906,0,0,0,0,0,6,0,0,0,0,0,0,0,0,0
2023-07-01,NQT5H,NHS ENGLAND SOUTH WEST ,PAULTON MEMORIAL HOSPITAL,0,0,858,0,0,0,0,0,10,0,0,0,0,0,0,0,0,0
2023-07-01,NQTE4,NHS ENGLAND MIDLANDS ,SUMMERFIELD URGENT CARE CENTRE,0,0,3995,0,0,0,0,0,0,0,0,0,0,0,0,0,0,0
2023-07-01,RGP,NHS ENGLAND EAST OF ENGLAND ,JAMES PAGET UNIVERSITY HOSPITALS NHS FOUNDATION TRUST,7224,0,1153,144,0,0,2513,0,0,40,0,0,448,95,1607,0,0,487
2023-07-01,RPC,NHS ENGLAND SOUTH EAST ,QUEEN VICTORIA HOSPITAL NHS FOUNDATION TRUST,0,0,1691,0,0,0,0,0,9,0,0,0,0,0,0,0,4,540
2023-07-01,RXF,NHS ENGLAND NORTH EAST AND YORKSHIRE ,MID YORKSHIRE TEACHING NHS TRUST,17003,0,6115,124,0,19,6240,0,570,23,0,0,1391,9,3976,0,185,862
2023-07-01,AAH,NHS ENGLAND SOUTH WEST ,TETBURY HOSPITAL TRUST LTD,0,0,416,0,0,0,0,0,0,0,0,0,0,0,0,0,0,0
2023-07-01,NL7,NHS ENGLAND MIDLANDS ,ASSURA VERTIS URGENT CARE CENTRES (BIRMINGHAM),0,0,4822,0,0,0,0,0,0,0,0,0,0,0,0,0,0,0
2023-07-01,RFF,NHS ENGLAND NORTH EAST AND YORKSHIRE ,BARNSLEY HOSPITAL NHS FOUNDATION TRUST,8473,0,0,397,0,0,2901,0,0,0,0,0,404,0,2556,0,0,472
2023-07-01,RR7,NHS ENGLAND NORTH EAST AND YORKSHIRE ,GATESHEAD HEALTH NHS FOUNDATION TRUST,6160,0,3510,17,0,33,2701,0,31,6,0,1,877,11,1626,0,0,776
2023-07-01,RWY,NHS ENGLAND NORTH EAST AND YORKSHIRE ,CALDERDALE AND HUDDERSFIELD NHS FOUNDATION TRUST,14907,0,0,0,0,0,4380,0,0,0,0,0,1006,0,2943,0,0,923
2023-07-01,RY4,NHS ENGLAND EAST OF ENGLAND ,HERTFORDSHIRE COMMUNITY NHS TRUST,0,0,1114,0,0,0,0,0,84,0,0,0,0,0,0,0,0,0
2023-07-01,NTPAD,NHS ENGLAND SOUTH EAST ,PRACTICE PLUS GROUP SURGICAL CENTRE - ST MARYS PORTSMOUTH,0,0,5278,0,0,324,0,0,65,0,0,3,0,0,0,0,0,0
2023-07-01,NTV0B,NHS ENGLAND SOUTH EAST ,ASHFORD WALK-IN-CENTRE,0,0,2610,0,0,0,0,0,96,0,0,0,0,0,0,0,0,0
2023-07-01,NTV0W,NHS ENGLAND SOUTH EAST ,WOKING WALK IN CENTRE,0,0,2910,0,0,0,0,0,93,0,0,0,0,0,0,0,0,0
2023-07-01,RF4,NHS ENGLAND LONDON,"BARKING, HAVERING AND REDBRIDGE UNIVERSITY HOSPITALS NHS TRUST",11606,2580,11948,0,0,0,5658,485,3480,0,0,0,558,310,6828,0,0,396
2023-07-01,RJN,NHS ENGLAND NORTH WEST ,EAST CHESHIRE NHS TRUST,4325,0,0,54,0,20,1563,0,0,0,0,0,219,44,949,0,0,183
2023-07-01,RQX,NHS ENGLAND LONDON,HOMERTON HEALTHCARE NHS FOUNDATION TRUST,10368,0,0,34,0,0,2287,0,0,0,0,0,182,23,1681,0,0,181
2023-07-01,RW4,NHS ENGLAND NORTH WEST ,MERSEY CARE NHS FOUNDATION TRUST,0,0,11600,0,0,0,0,0,213,0,0,0,0,0,0,0,0,82
2023-07-01,Y02676,NHS ENGLAND SOUTH EAST ,BRIGHTON STATION HEALTH CENTRE,0,0,1668,0,0,0,0,0,1,0,0,0,0,0,0,0,0,0
2023-07-01,ACH01,NHS ENGLAND SOUTH EAST ,WHITSTABLE MEDICAL PRACTICE,0,0,4855,0,0,0,0,0,0,0,0,0,0,0,0,0,0,0
2023-07-01,AD913,NHS ENGLAND LONDON,BECKENHAM BEACON UCC,0,0,3390,0,0,277,0,0,51,0,0,0,0,0,0,0,0,0
2023-07-01,AJN,NHS ENGLAND NORTH EAST AND YORKSHIRE ,WORKINGTON HEALTH LIMITED,0,0,460,0,0,0,0,0,0,0,0,0,0,0,0,0,0,0
2023-07-01,NTP11,NHS ENGLAND SOUTH EAST ,PRACTICE PLUS GROUP HOSPITAL - SOUTHAMPTON,0,0,5414,0,0,0,0,0,72,0,0,0,0,0,0,0,0,0
2023-07-01,RAE,NHS ENGLAND NORTH EAST AND YORKSHIRE ,BRADFORD TEACHING HOSPITALS NHS FOUNDATION TRUST,9239,0,2928,0,0,0,2886,0,0,0,0,0,784,5,2848,0,128,1462
2023-07-01,RK5,NHS ENGLAND MIDLANDS ,SHERWOOD FOREST HOSPITALS NHS FOUNDATION TRUST,10548,0,5235,31,0,107,3383,0,270,8,0,3,433,32,3285,0,0,397
2023-07-01,RWE,NHS ENGLAND MIDLANDS ,UNIVERSITY HOSPITALS OF LEICESTER NHS TRUST,19384,1855,0,0,0,0,8185,82,0,0,0,0,1394,654,5130,6,0,3293
2023-07-01,Y02428,NHS ENGLAND EAST OF ENGLAND ,PUTNOE WALK IN CENTRE,0,0,2358,0,0,0,0,0,0,0,0,0,0,0,0,0,0,0
2023-07-01,RJC,NHS ENGLAND MIDLANDS ,SOUTH WARWICKSHIRE UNIVERSITY NHS FOUNDATION TRUST,7358,0,361,16,0,0,1838,0,0,0,0,0,189,0,2118,0,0,603
2023-07-01,RY5,NHS ENGLAND MIDLANDS ,LINCOLNSHIRE COMMUNITY HEALTH SERVICES NHS TRUST,0,0,9203,0,0,0,0,0,380,0,0,0,0,0,0,0,0,0
2023-07-01,RYF,NHS ENGLAND SOUTH WEST ,SOUTH WESTERN AMBULANCE SERVICE NHS FOUNDATION TRUST,0,0,1795,0,0,0,0,0,178,0,0,0,0,0,0,0,0,0
2023-07-01,RYY,NHS ENGLAND SOUTH EAST ,KENT COMMUNITY HEALTH NHS FOUNDATION TRUST,0,0,9583,0,0,0,0,0,96,0,0,0,0,0,0,0,0,0
2023-07-01,Y02147,NHS ENGLAND LONDON,URGENT CARE CENTRE (QMS),0,0,7406,0,0,494,0,0,204,0,0,1,0,0,0,0,0,0
2023-07-01,NDA57,NHS ENGLAND SOUTH EAST ,HASLEMERE MINOR INJURIES UNIT,0,0,1554,0,0,14,0,0,0,0,0,0,0,0,0,0,0,0
2023-07-01,NR3,NHS ENGLAND MIDLANDS ,NOTTINGHAM CITYCARE PARTNERSHIP,0,0,4979,0,0,256,0,0,364,0,0,1,0,0,0,0,0,0
2023-07-01,RA2,NHS ENGLAND SOUTH EAST ,ROYAL SURREY COUNTY HOSPITAL NHS FOUNDATION TRUST,6345,0,0,467,0,0,2052,0,0,103,0,0,229,3,2288,0,0,1006
2023-07-01,RBD,NHS ENGLAND SOUTH WEST ,DORSET COUNTY HOSPITAL NHS FOUNDATION TRUST,4670,0,0,296,0,3857,1740,0,0,84,0,4,145,18,1532,0,0,430
2023-07-01,RCF,NHS ENGLAND NORTH EAST AND YORKSHIRE ,AIREDALE NHS FOUNDATION TRUST,5756,328,12,424,0,0,2335,0,0,0,0,0,168,0,1457,0,0,608
2023-07-01,RCU,NHS ENGLAND NORTH EAST AND YORKSHIRE ,SHEFFIELD CHILDREN'S NHS FOUNDATION TRUST,4224,0,214,267,0,23,261,0,0,13,0,0,3,0,835,0,0,98
2023-07-01,REM,NHS ENGLAND NORTH WEST ,LIVERPOOL UNIVERSITY HOSPITALS NHS FOUNDATION TRUST,17012,223,8224,356,0,0,7622,0,321,68,0,0,2053,1254,5216,0,0,1982
2023-07-01,RJ1,NHS ENGLAND LONDON,GUY'S AND ST THOMAS' NHS FOUNDATION TRUST,12749,882,2508,0,0,1992,4213,0,8,0,0,0,23,44,3508,0,0,911
2023-07-01,RJZ,NHS ENGLAND LONDON,KING'S COLLEGE HOSPITAL NHS FOUNDATION TRUST,14846,0,8269,86,0,1289,6777,0,793,27,0,273,1566,286,3938,0,0,498
2023-07-01,RL4,NHS ENGLAND MIDLANDS ,THE ROYAL WOLVERHAMPTON NHS TRUST,12881,0,6456,0,0,856,4014,0,235,0,0,0,722,21,6061,0,0,863
2023-07-01,RNZ,NHS ENGLAND SOUTH WEST ,SALISBURY NHS FOUNDATION TRUST,4219,313,1747,248,0,0,1210,0,0,75,0,0,304,1,1301,0,0,772
2023-07-01,RP6,NHS ENGLAND LONDON,MOORFIELDS EYE HOSPITAL NHS FOUNDATION TRUST,0,6144,0,0,0,0,0,51,0,0,0,0,0,0,0,6,0,219
2023-07-01,RTP,NHS ENGLAND SOUTH EAST ,SURREY AND SUSSEX HEALTHCARE NHS TRUST,10243,0,0,0,0,0,2764,0,0,0,0,0,723,139,3053,0,0,801
2023-07-01,RWA,NHS ENGLAND NORTH EAST AND YORKSHIRE ,HULL UNIVERSITY TEACHING HOSPITALS NHS TRUST,11137,0,0,0,0,0,5158,0,0,0,0,0,803,127,3306,0,0,1839
2023-07-01,RXL,NHS ENGLAND NORTH WEST ,BLACKPOOL TEACHING HOSPITALS NHS FOUNDATION TRUST,8808,0,11249,220,0,211,4109,0,24,46,0,0,555,856,2513,0,0,1473
2023-07-01,RXQ,NHS ENGLAND SOUTH EAST ,BUCKINGHAMSHIRE HEALTHCARE NHS TRUST,9026,1176,3365,0,0,0,3555,0,139,0,0,0,358,123,3853,791,0,1140
2023-07-01,Y02615,NHS ENGLAND MIDLANDS ,SOUTH BIRMINGHAM GP WALK IN CENTRE,0,0,7199,0,0,0,0,0,0,0,0,0,0,0,0,0,0,0
2023-07-01,Y04538,NHS ENGLAND SOUTH EAST ,BRACKNELL URGENT CARE CENTRE WIC,0,0,2815,0,0,0,0,0,67,0,0,0,0,0,0,0,0,0
2023-07-01,AXG,NHS ENGLAND SOUTH WEST ,WILTSHIRE HEALTH & CARE,0,0,2373,0,0,53,0,0,74,0,0,1,0,0,0,0,0,0
2023-07-01,C83023,NHS ENGLAND MIDLANDS ,SLEAFORD MEDICAL GROUP,0,0,558,0,0,0,0,0,0,0,0,0,0,0,0,0,0,11
2023-07-01,NNF09,NHS ENGLAND NORTH EAST AND YORKSHIRE ,BRANSHOLME HEALTH CENTRE,0,0,3843,0,0,0,0,0,775,0,0,0,0,0,0,0,0,0
2023-07-01,NNF76,NHS ENGLAND NORTH EAST AND YORKSHIRE ,THE WILBERFORCE HEALTH CENTRE,0,0,2783,0,0,0,0,0,0,0,0,0,0,0,0,0,0,0
2023-07-01,NNF94,NHS ENGLAND NORTH EAST AND YORKSHIRE ,EAST RIDING COMMUNITY HOSPITAL,0,0,2978,0,0,0,0,0,409,0,0,0,0,0,0,0,0,0
2023-07-01,NNFA7,NHS ENGLAND NORTH EAST AND YORKSHIRE ,GOOLE & DISTRICT HOSPITAL,0,0,1547,0,0,0,0,0,16,0,0,0,0,0,0,0,0,0
2023-07-01,NNJ07,NHS ENGLAND MIDLANDS ,LOUGHBOROUGH URGENT CARE CENTRE,0,0,4983,0,0,494,0,0,17,0,0,0,0,0,0,0,0,0
2023-07-01,NNJ0H,NHS ENGLAND MIDLANDS ,LLR EA - THE MERLYN VAZ HEALTH & SOCIAL CARE CENTRE,0,0,176,0,0,1454,0,0,0,0,0,0,0,0,0,0,0,0
2023-07-01,NNJ12,NHS ENGLAND MIDLANDS ,MARKET HARBOROUGH,0,0,108,0,0,336,0,0,0,0,0,0,0,0,0,0,0,0
2023-07-01,NNJ13,NHS ENGLAND MIDLANDS ,MELTON MOWBRAY,0,0,59,0,0,384,0,0,0,0,0,0,0,0,0,0,0,0
2023-07-01,NNJ14,NHS ENGLAND MIDLANDS ,OADBY,0,0,852,0,0,1492,0,0,0,0,0,0,0,0,0,0,0,0
2023-07-01,NNJ15,NHS ENGLAND MIDLANDS ,OAKHAM,0,0,59,0,0,315,0,0,0,0,0,0,0,0,0,0,0,0
2023-07-01,NNJ,NHS ENGLAND MIDLANDS ,DHU HEALTH CARE C.I.C,0,0,1962,0,0,0,0,0,1,0,0,0,0,0,0,0,0,0
2023-07-01,R0A,NHS ENGLAND NORTH WEST ,MANCHESTER UNIVERSITY NHS FOUNDATION TRUST,21357,3395,14496,2062,427,1193,8899,148,1672,710,9,335,2851,91,5558,184,330,505
2023-07-01,R1D,NHS ENGLAND MIDLANDS ,SHROPSHIRE COMMUNITY HEALTH NHS TRUST,0,0,3581,0,0,0,0,0,8,0,0,0,0,0,0,0,0,3
2023-07-01,RAN,NHS ENGLAND LONDON,ROYAL NATIONAL ORTHOPAEDIC HOSPITAL NHS TRUST,0,0,0,0,0,0,0,0,0,0,0,0,0,0,0,0,0,31
2023-07-01,RAX,NHS ENGLAND LONDON,KINGSTON HOSPITAL NHS FOUNDATION TRUST,6820,0,2894,0,0,0,2889,0,132,0,0,0,307,88,1845,0,136,527
2023-07-01,RBK,NHS ENGLAND MIDLANDS ,WALSALL HEALTHCARE NHS TRUST,7904,0,4007,296,0,135,2933,0,46,59,0,0,618,47,3147,0,0,741
2023-07-01,RBV,NHS ENGLAND NORTH WEST ,THE CHRISTIE NHS FOUNDATION TRUST,0,0,0,0,0,0,0,0,0,0,0,0,0,0,0,0,0,642
2023-07-01,RCB,NHS ENGLAND NORTH EAST AND YORKSHIRE ,YORK AND SCARBOROUGH TEACHING HOSPITALS NHS FOUNDATION TRUST,10221,375,8838,0,0,416,5519,0,382,0,0,10,894,255,4212,6,0,1437
2023-07-01,RDU,NHS ENGLAND SOUTH EAST ,FRIMLEY HEALTH NHS FOUNDATION TRUST,21913,0,0,0,0,0,8055,0,0,0,0,0,1351,0,5867,0,0,313
2023-07-01,RFR,NHS ENGLAND NORTH EAST AND YORKSHIRE ,THE ROTHERHAM NHS FOUNDATION TRUST,8025,0,0,0,0,0,2905,0,0,0,0,0,387,0,2886,0,0,655
2023-07-01,RGN,NHS ENGLAND EAST OF ENGLAND ,NORTH WEST ANGLIA NHS FOUNDATION TRUST,12740,0,4535,41,0,401,5061,0,485,14,0,22,558,530,3099,0,107,1315
2023-07-01,RGR,NHS ENGLAND EAST OF ENGLAND ,WEST SUFFOLK NHS FOUNDATION TRUST,7033,0,658,240,0,0,2286,0,0,0,0,0,425,115,1907,0,0,583
2023-07-01,RH5,NHS ENGLAND SOUTH WEST ,SOMERSET NHS FOUNDATION TRUST,12677,0,9085,0,0,0,4244,0,279,0,0,0,308,3,3287,0,0,1470
2023-07-01,RH8,NHS ENGLAND SOUTH WEST ,ROYAL DEVON UNIVERSITY HEALTHCARE NHS FOUNDATION TRUST,12107,0,3093,1089,0,45,5526,0,51,409,0,3,669,28,3743,0,0,2164
2023-07-01,RJR,NHS ENGLAND NORTH WEST ,COUNTESS OF CHESTER HOSPITAL NHS FOUNDATION TRUST,6692,0,431,0,0,0,2953,0,7,0,0,0,496,594,1568,0,0,966
2023-07-01,RL1,NHS ENGLAND MIDLANDS ,THE ROBERT JONES AND AGNES HUNT ORTHOPAEDIC HOSPITAL NHS FOUNDATION TRUST,0,0,0,0,0,0,0,0,0,0,0,0,0,0,0,0,0,27
2023-07-01,RLQ,NHS ENGLAND MIDLANDS ,WYE VALLEY NHS TRUST,5753,0,0,183,0,0,2527,0,0,67,0,0,145,178,1605,0,0,554
2023-07-01,RN7,NHS ENGLAND SOUTH EAST ,DARTFORD AND GRAVESHAM NHS TRUST,11017,0,3597,0,0,0,3134,0,59,0,0,0,653,1,2776,0,0,390
2023-07-01,RP5,NHS ENGLAND NORTH EAST AND YORKSHIRE ,DONCASTER AND BASSETLAW TEACHING HOSPITALS NHS FOUNDATION TRUST,13323,0,3922,0,0,0,5486,0,1,0,0,0,989,38,3654,0,441,1156
2023-07-01,RQW,NHS ENGLAND EAST OF ENGLAND ,THE PRINCESS ALEXANDRA HOSPITAL NHS TRUST,9331,0,0,1097,0,0,4642,0,0,0,0,0,568,92,2066,0,0,387
2023-07-01,RRV,NHS ENGLAND LONDON,UNIVERSITY COLLEGE LONDON HOSPITALS NHS FOUNDATION TRUST,12120,0,0,554,0,0,3360,0,0,0,0,0,191,34,1417,0,0,285
2023-07-01,RTD,NHS ENGLAND NORTH EAST AND YORKSHIRE ,THE NEWCASTLE UPON TYNE HOSPITALS NHS FOUNDATION TRUST,11839,1562,5413,0,0,681,4086,80,0,0,0,0,296,8,3299,14,0,2845
2023-07-01,RVW,NHS ENGLAND NORTH EAST AND YORKSHIRE ,NORTH TEES AND HARTLEPOOL NHS FOUNDATION TRUST,4368,0,11195,0,0,0,2201,0,150,0,0,0,93,1,1515,0,469,2101
2023-07-01,RW1,NHS ENGLAND SOUTH EAST ,SOUTHERN HEALTH NHS FOUNDATION TRUST,0,0,2885,0,0,0,0,0,31,0,0,0,0,0,0,0,8,139
2023-07-01,RWP,NHS ENGLAND MIDLANDS ,WORCESTERSHIRE ACUTE HOSPITALS NHS TRUST,12466,0,6100,169,0,0,6052,0,25,59,0,0,816,295,3320,0,0,1334
2023-07-01,RWW,NHS ENGLAND NORTH WEST ,WARRINGTON AND HALTON TEACHING HOSPITALS NHS FOUNDATION TRUST,7292,0,2930,260,0,124,3265,0,99,74,0,3,1028,406,2312,0,0,222
2023-07-01,RXG,NHS ENGLAND NORTH EAST AND YORKSHIRE ,SOUTH WEST YORKSHIRE PARTNERSHIP NHS FOUNDATION TRUST,0,0,0,0,0,0,0,0,0,0,0,0,0,0,0,0,0,123
2023-07-01,RY7,NHS ENGLAND NORTH WEST ,WIRRAL COMMUNITY HEALTH AND CARE NHS FOUNDATION TRUST,0,0,4549,0,0,0,0,0,186,0,0,0,0,0,0,0,0,0
2023-07-01,RYX,NHS ENGLAND LONDON,CENTRAL LONDON COMMUNITY HEALTHCARE NHS TRUST,0,0,9260,0,0,0,0,0,217,0,0,0,0,0,0,0,0,0
2023-07-01,NDJ,NHS ENGLAND SOUTH EAST ,FIRST COMMUNITY HEALTH AND CARE CIC,0,0,2504,0,0,0,0,0,0,0,0,0,0,0,0,0,0,0
2023-07-01,R1K,NHS ENGLAND LONDON,LONDON NORTH WEST UNIVERSITY HEALTHCARE NHS TRUST,12727,0,13780,214,0,0,5659,0,166,93,0,0,406,96,6703,0,0,1330
2023-07-01,RA7,NHS ENGLAND SOUTH WEST ,UNIVERSITY HOSPITALS BRISTOL AND WESTON NHS FOUNDATION TRUST,13943,2232,0,0,0,0,3871,117,0,0,0,0,572,34,4594,10,0,1328
2023-07-01,RA9,NHS ENGLAND SOUTH WEST ,TORBAY AND SOUTH DEVON NHS FOUNDATION TRUST,6856,0,3440,103,0,0,3669,0,90,47,0,0,617,56,2147,0,0,1188
2023-07-01,RAP,NHS ENGLAND LONDON,NORTH MIDDLESEX UNIVERSITY HOSPITAL NHS TRUST,8538,498,6049,397,0,0,3908,3,606,105,0,0,471,545,1554,0,0,139
2023-07-01,RBQ,NHS ENGLAND NORTH WEST ,LIVERPOOL HEART AND CHEST HOSPITAL NHS FOUNDATION TRUST,0,0,0,0,0,0,0,0,0,0,0,0,0,0,0,0,0,180
2023-07-01,RDR,NHS ENGLAND SOUTH EAST ,SUSSEX COMMUNITY NHS FOUNDATION TRUST,0,0,12505,0,0,0,0,0,92,0,0,0,0,0,0,0,0,0
2023-07-01,REF,NHS ENGLAND SOUTH WEST ,ROYAL CORNWALL HOSPITALS NHS TRUST,6862,0,12765,0,0,0,3605,0,519,0,0,0,569,435,2254,0,35,1187
2023-07-01,RQ3,NHS ENGLAND MIDLANDS ,BIRMINGHAM WOMEN'S AND CHILDREN'S NHS FOUNDATION TRUST,4625,0,0,0,0,0,413,0,0,0,0,0,0,0,885,0,0,215
2023-07-01,RQM,NHS ENGLAND LONDON,CHELSEA AND WESTMINSTER HOSPITAL NHS FOUNDATION TRUST,19016,0,9115,453,0,0,5331,0,174,0,0,0,463,35,2513,0,0,346
2023-07-01,RRK,NHS ENGLAND MIDLANDS ,UNIVERSITY HOSPITALS BIRMINGHAM NHS FOUNDATION TRUST,32888,0,1621,0,0,0,16169,0,38,0,0,0,3828,1097,11075,0,1,4891
2023-07-01,RTG,NHS ENGLAND MIDLANDS ,UNIVERSITY HOSPITALS OF DERBY AND BURTON NHS FOUNDATION TRUST,15247,0,14339,244,0,96,7677,0,685,83,0,3,860,168,4099,0,199,2249
2023-07-01,RTQ,NHS ENGLAND SOUTH WEST ,GLOUCESTERSHIRE HEALTH AND CARE NHS FOUNDATION TRUST,0,0,6679,0,0,0,0,0,10,0,0,0,0,0,0,0,0,24
2023-07-01,RVV,NHS ENGLAND SOUTH EAST ,EAST KENT HOSPITALS UNIVERSITY NHS FOUNDATION TRUST,11944,0,11653,92,0,0,5791,0,268,36,0,0,653,769,4379,0,506,1647
2023-07-01,RWD,NHS ENGLAND MIDLANDS ,UNITED LINCOLNSHIRE HOSPITALS NHS TRUST,12602,0,5824,2,0,0,7230,0,689,1,0,0,1150,697,4123,0,0,1011
2023-07-01,RXC,NHS ENGLAND SOUTH EAST ,EAST SUSSEX HEALTHCARE NHS TRUST,9363,0,2283,865,0,977,3436,0,46,0,0,0,93,0,3447,0,0,536
2023-07-01,RXK,NHS ENGLAND MIDLANDS ,SANDWELL AND WEST BIRMINGHAM HOSPITALS NHS TRUST,14711,1365,9230,766,0,0,7029,206,272,199,0,0,1404,73,2909,0,0,388
2023-07-01,RXW,NHS ENGLAND MIDLANDS ,THE SHREWSBURY AND TELFORD HOSPITAL NHS TRUST,10753,0,2099,80,0,341,6153,0,210,23,0,4,479,859,2668,0,54,2090
2023-07-01,RYR,NHS ENGLAND SOUTH EAST ,UNIVERSITY HOSPITALS SUSSEX NHS FOUNDATION TRUST,24184,1482,2768,1452,0,556,9134,14,197,415,0,15,1067,516,8263,30,41,1269
2023-07-01,ARN03,NHS ENGLAND NORTH EAST AND YORKSHIRE ,LOCAL CARE DIRECT,0,0,2334,0,0,209,0,0,0,0,0,0,0,0,0,0,0,0
2023-07-01,C82009,NHS ENGLAND MIDLANDS ,MARKET HARBOROUGH MED.CTR,0,0,296,0,0,0,0,0,0,0,0,0,0,0,0,0,0,0
2023-07-01,R1H,NHS ENGLAND LONDON,BARTS HEALTH NHS TRUST,24175,803,17883,0,0,0,9604,9,3085,0,0,0,1423,268,5376,0,0,1132
2023-07-01,RAJ,NHS ENGLAND EAST OF ENGLAND ,MID AND SOUTH ESSEX NHS FOUNDATION TRUST,30584,0,1608,898,0,108,9202,0,79,196,0,6,2644,11,8324,0,260,1288
2023-07-01,RAS,NHS ENGLAND LONDON,THE HILLINGDON HOSPITALS NHS FOUNDATION TRUST,5596,0,6039,1,0,0,3143,0,48,1,0,0,519,35,1674,0,0,412
2023-07-01,RAT,NHS ENGLAND LONDON,NORTH EAST LONDON NHS FOUNDATION TRUST,0,0,2305,0,0,0,0,0,67,0,0,0,0,0,0,0,0,0
2023-07-01,RBT,NHS ENGLAND NORTH WEST ,MID CHESHIRE HOSPITALS NHS FOUNDATION TRUST,6996,0,2608,82,0,15,3382,0,12,17,0,1,760,210,2417,0,0,1028
2023-07-01,RC9,NHS ENGLAND EAST OF ENGLAND ,BEDFORDSHIRE HOSPITALS NHS FOUNDATION TRUST,15825,0,6525,0,0,1095,5614,0,0,0,0,0,80,0,4523,0,0,2130
2023-07-01,RCD,NHS ENGLAND NORTH EAST AND YORKSHIRE ,HARROGATE AND DISTRICT NHS FOUNDATION TRUST,4859,0,937,101,0,42,1057,0,0,24,0,0,69,1,1250,0,0,421
2023-07-01,RD8,NHS ENGLAND EAST OF ENGLAND ,MILTON KEYNES UNIVERSITY HOSPITAL NHS FOUNDATION TRUST,7961,0,4911,470,0,123,3007,0,148,168,0,0,693,0,1951,0,0,323
2023-07-01,RDY,NHS ENGLAND SOUTH WEST ,DORSET HEALTHCARE UNIVERSITY NHS FOUNDATION TRUST,0,0,0,0,0,0,0,0,0,0,0,0,0,0,0,0,2,2
2023-07-01,REP,NHS ENGLAND NORTH WEST ,LIVERPOOL WOMEN'S NHS FOUNDATION TRUST,0,1209,0,0,132,0,0,112,0,0,0,0,0,0,0,79,0,12
2023-07-01,RGT,NHS ENGLAND EAST OF ENGLAND ,CAMBRIDGE UNIVERSITY HOSPITALS NHS FOUNDATION TRUST,10187,0,6339,116,0,54,4923,0,69,50,0,0,562,99,2870,0,23,461
2023-07-01,RHM,NHS ENGLAND SOUTH EAST ,UNIVERSITY HOSPITAL SOUTHAMPTON NHS FOUNDATION TRUST,11227,1348,0,99,0,0,4011,75,0,32,0,0,157,8,3235,13,3248,1369
2023-07-01,RHQ,NHS ENGLAND NORTH EAST AND YORKSHIRE ,SHEFFIELD TEACHING HOSPITALS NHS FOUNDATION TRUST,8991,1204,7036,375,0,719,4198,0,373,175,0,13,948,10,3303,0,0,2998
2023-07-01,RHU,NHS ENGLAND SOUTH EAST ,PORTSMOUTH HOSPITALS UNIVERSITY NATIONAL HEALTH SERVICE TRUST,9450,725,2823,1261,0,709,4944,7,29,613,0,8,1674,24,3681,0,0,2376
2023-07-01,RJ2,NHS ENGLAND LONDON,LEWISHAM AND GREENWICH NHS TRUST,12782,0,11800,53,0,0,6161,0,1293,8,0,0,894,324,3540,0,0,1221
2023-07-01,RJ6,NHS ENGLAND LONDON,CROYDON HEALTH SERVICES NHS TRUST,12644,0,4363,0,0,0,4323,0,0,0,0,0,545,233,1439,0,0,122
2023-07-01,RKB,NHS ENGLAND MIDLANDS ,UNIVERSITY HOSPITALS COVENTRY AND WARWICKSHIRE NHS TRUST,11364,1764,7044,46,0,117,5009,138,136,21,0,2,252,2,2656,88,72,1522
2023-07-01,RKE,NHS ENGLAND LONDON,WHITTINGTON HEALTH NHS TRUST,8609,0,0,0,0,0,2842,0,0,0,0,0,234,281,975,0,0,41
2023-07-01,RLT,NHS ENGLAND MIDLANDS ,GEORGE ELIOT HOSPITAL NHS TRUST,6070,0,1560,149,0,155,1928,0,18,0,0,0,529,0,966,0,0,22
2023-07-01,RM1,NHS ENGLAND EAST OF ENGLAND ,NORFOLK AND NORWICH UNIVERSITY HOSPITALS NHS FOUNDATION TRUST,10951,0,8010,551,0,1,4045,0,1,128,0,0,908,357,2367,0,0,1576
2023-07-01,RMP,NHS ENGLAND NORTH WEST ,TAMESIDE AND GLOSSOP INTEGRATED CARE NHS FOUNDATION TRUST,7960,0,2335,338,0,112,3143,0,0,0,0,0,374,15,2376,0,0,148
2023-07-01,RN5,NHS ENGLAND SOUTH EAST ,HAMPSHIRE HOSPITALS NHS FOUNDATION TRUST,12379,0,349,0,0,212,3635,0,1,0,0,0,489,6,4028,0,0,1086
2023-07-01,RNA,NHS ENGLAND MIDLANDS ,THE DUDLEY GROUP NHS FOUNDATION TRUST,9399,0,4947,149,0,641,3779,0,37,43,0,0,928,69,3385,0,0,1748
2023-07-01,RNN,NHS ENGLAND NORTH EAST AND YORKSHIRE ,NORTH CUMBRIA INTEGRATED CARE NHS FOUNDATION TRUST,9042,0,2101,270,0,2,3475,0,4,72,0,0,631,216,2333,0,0,714
2023-07-01,RNS,NHS ENGLAND MIDLANDS ,NORTHAMPTON GENERAL HOSPITAL NHS TRUST,8646,588,1895,236,0,86,3717,11,96,56,0,1,553,410,1895,0,0,1364
2023-07-01,RNU,NHS ENGLAND SOUTH EAST ,OXFORD HEALTH NHS FOUNDATION TRUST,0,0,3994,0,0,0,0,0,226,0,0,0,0,0,0,0,0,0
2023-07-01,RPA,NHS ENGLAND SOUTH EAST ,MEDWAY NHS FOUNDATION TRUST,8380,0,6548,287,0,1433,3114,0,1166,96,0,0,672,343,2187,0,0,927
2023-07-01,RR8,NHS ENGLAND NORTH EAST AND YORKSHIRE ,LEEDS TEACHING HOSPITALS NHS TRUST,16784,0,10975,94,0,17,7099,0,22,25,0,0,1529,62,3734,0,0,1118
2023-07-01,RTE,NHS ENGLAND SOUTH WEST ,GLOUCESTERSHIRE HOSPITALS NHS FOUNDATION TRUST,12571,0,0,166,0,0,4728,0,0,49,0,0,585,712,2590,0,0,1441
2023-07-01,RTF,NHS ENGLAND NORTH EAST AND YORKSHIRE ,NORTHUMBRIA HEALTHCARE NHS FOUNDATION TRUST,9375,0,11316,0,0,0,1192,0,9,0,0,0,20,0,4967,0,48,1434
2023-07-01,RV9,NHS ENGLAND NORTH EAST AND YORKSHIRE ,HUMBER TEACHING NHS FOUNDATION TRUST,0,0,1101,0,0,50,0,0,2,0,0,0,0,0,0,0,0,0
2023-07-01,RVJ,NHS ENGLAND SOUTH WEST ,NORTH BRISTOL NHS TRUST,8823,0,0,89,0,0,2524,0,0,17,0,0,535,12,2964,0,0,1764
2023-07-01,RWJ,NHS ENGLAND NORTH WEST ,STOCKPORT NHS FOUNDATION TRUST,8909,0,0,691,0,0,3082,0,0,192,0,0,850,101,2881,0,0,660
2023-07-01,RXN,NHS ENGLAND NORTH WEST ,LANCASHIRE TEACHING HOSPITALS NHS FOUNDATION TRUST,11831,0,3911,174,0,65,3997,0,78,33,0,2,1154,152,2969,0,185,1445
2023-07-01,RY2,NHS ENGLAND NORTH WEST ,BRIDGEWATER COMMUNITY HEALTHCARE NHS FOUNDATION TRUST,0,0,3148,0,0,141,0,0,86,0,0,7,0,0,0,0,0,0
2023-07-01,RYG,NHS ENGLAND MIDLANDS ,COVENTRY AND WARWICKSHIRE PARTNERSHIP NHS TRUST,0,0,0,0,0,0,0,0,0,0,0,0,0,0,0,0,5,60
2023-07-01,Y03571,NHS ENGLAND MIDLANDS ,CORBY URGENT CARE CENTRE,0,0,8094,0,0,613,0,0,53,0,0,0,0,0,0,0,0,0
2023-07-01,R1F,NHS ENGLAND SOUTH EAST ,ISLE OF WIGHT NHS TRUST,3928,0,2444,24,0,26,1946,0,48,14,0,0,385,474,1094,0,0,239
2023-07-01,RBS,NHS ENGLAND NORTH WEST ,ALDER HEY CHILDREN'S NHS FOUNDATION TRUST,5051,0,0,0,0,0,462,0,0,0,0,0,0,0,941,0,0,187
2023-07-01,RCX,NHS ENGLAND EAST OF ENGLAND ,"THE QUEEN ELIZABETH HOSPITAL, KING'S LYNN, NHS FOUNDATION TRUST",6565,0,824,119,0,0,2393,0,0,22,0,0,634,283,2072,0,0,591
2023-07-01,RD1,NHS ENGLAND SOUTH WEST ,ROYAL UNITED HOSPITALS BATH NHS FOUNDATION TRUST,7895,0,0,0,0,0,3369,0,0,0,0,0,452,5,2432,0,2,1414
2023-07-01,RHW,NHS ENGLAND SOUTH EAST ,ROYAL BERKSHIRE NHS FOUNDATION TRUST,11958,2418,0,488,0,0,3575,17,0,0,0,0,264,0,2386,1,0,801
2023-07-01,RNQ,NHS ENGLAND MIDLANDS ,KETTERING GENERAL HOSPITAL NHS FOUNDATION TRUST,9196,0,0,311,0,0,4301,0,0,0,0,0,1156,0,1928,0,0,147
2023-07-01,RRF,NHS ENGLAND NORTH WEST ,"WRIGHTINGTON, WIGAN AND LEIGH NHS FOUNDATION TRUST",7236,0,5084,0,0,0,3692,0,52,0,0,0,1126,298,2206,0,0,908
2023-07-01,RTX,NHS ENGLAND NORTH WEST ,UNIVERSITY HOSPITALS OF MORECAMBE BAY NHS FOUNDATION TRUST,8042,0,4143,150,0,481,2685,0,154,40,0,4,514,275,2902,0,19,863
2023-07-01,RWG,NHS ENGLAND EAST OF ENGLAND ,WEST HERTFORDSHIRE TEACHING HOSPITALS NHS TRUST,7634,0,7093,0,0,1172,4365,0,165,0,0,33,1197,0,3100,0,0,740
2023-07-01,RWH,NHS ENGLAND EAST OF ENGLAND ,EAST AND NORTH HERTFORDSHIRE NHS TRUST,9473,0,5235,12,0,375,5250,0,2,6,0,1,145,3,2732,0,0,272
2023-07-01,RY9,NHS ENGLAND LONDON,HOUNSLOW AND RICHMOND COMMUNITY HEALTHCARE NHS TRUST,0,0,5037,0,0,0,0,0,2,0,0,0,0,0,0,0,0,0
2023-07-01,RYJ,NHS ENGLAND LONDON,IMPERIAL COLLEGE HEALTHCARE NHS TRUST,12464,4109,7081,0,0,0,5028,25,131,0,0,0,629,50,3200,0,0,1197
2023-07-01,RJL,NHS ENGLAND NORTH EAST AND YORKSHIRE ,NORTHERN LINCOLNSHIRE AND GOOLE NHS FOUNDATION TRUST,14605,0,0,0,0,0,5355,0,0,0,0,0,882,542,4370,0,0,534
2023-07-01,RTK,NHS ENGLAND SOUTH EAST ,ASHFORD AND ST PETER'S HOSPITALS NHS FOUNDATION TRUST,9314,0,0,0,0,0,3439,0,0,0,0,0,542,3,2832,0,0,474
2023-07-01,RXP,NHS ENGLAND NORTH EAST AND YORKSHIRE ,COUNTY DURHAM AND DARLINGTON NHS FOUNDATION TRUST,13057,0,4216,0,0,6316,6488,0,0,0,0,0,1666,1,4131,0,0,733
2023-07-01,RWF,NHS ENGLAND SOUTH EAST ,MAIDSTONE AND TUNBRIDGE WELLS NHS TRUST,18183,0,2485,0,0,0,2730,0,16,0,0,0,690,2,5813,0,0,1062
2023-07-01,DD401,NHS ENGLAND SOUTH WEST ,EXMOUTH MINOR INJURY UNIT,0,0,1406,0,0,0,0,0,0,0,0,0,0,0,0,0,0,0
2023-07-01,DT301,NHS ENGLAND EAST OF ENGLAND ,HERTS URGENT CARE (ASCOTS LANE),0,0,2498,0,0,0,0,0,16,0,0,0,0,0,0,0,0,0
2023-07-01,R0B,NHS ENGLAND NORTH EAST AND YORKSHIRE ,SOUTH TYNESIDE AND SUNDERLAND NHS FOUNDATION TRUST,11421,1535,5909,372,0,1078,4546,13,171,156,0,18,557,2,4343,26,0,1147
2023-07-01,RET,NHS ENGLAND NORTH WEST ,THE WALTON CENTRE NHS FOUNDATION TRUST,0,0,0,0,0,0,0,0,0,0,0,0,0,0,0,0,0,155
2023-07-01,RJE,NHS ENGLAND MIDLANDS ,UNIVERSITY HOSPITALS OF NORTH MIDLANDS NHS TRUST,13217,514,7778,586,0,317,6425,0,152,231,0,2,1051,692,5935,0,0,2774
2023-07-01,RY8,NHS ENGLAND MIDLANDS ,DERBYSHIRE COMMUNITY HEALTH SERVICES NHS FOUNDATION TRUST,0,0,7840,0,0,1427,0,0,2,0,0,1,0,0,0,0,0,0
2023-07-01,RJ7,NHS ENGLAND LONDON,ST GEORGE'S UNIVERSITY HOSPITALS NHS FOUNDATION TRUST,8127,0,3389,843,0,0,2601,0,0,118,0,0,437,376,2564,0,0,756
2023-07-01,RK9,NHS ENGLAND SOUTH WEST ,UNIVERSITY HOSPITALS PLYMOUTH NHS TRUST,8969,273,4428,0,0,1,5423,1,440,0,0,0,591,185,2917,0,0,1159
2023-07-01,RM3,NHS ENGLAND NORTH WEST ,NORTHERN CARE ALLIANCE NHS FOUNDATION TRUST,24962,0,6971,0,0,0,10220,0,246,0,0,0,1413,360,6793,0,372,1737
2023-07-01,RAL,NHS ENGLAND LONDON,ROYAL FREE LONDON NHS FOUNDATION TRUST,15073,0,9896,0,0,0,6028,0,870,0,0,0,954,218,4484,0,0,537
2023-07-01,RBL,NHS ENGLAND NORTH WEST ,WIRRAL UNIVERSITY TEACHING HOSPITAL NHS FOUNDATION TRUST,7958,0,2691,146,0,215,3960,0,50,51,0,2,761,243,2108,0,0,1516
2023-07-01,RWX,NHS ENGLAND SOUTH EAST ,BERKSHIRE HEALTHCARE NHS FOUNDATION TRUST,0,0,1365,0,0,0,0,0,9,0,0,0,0,0,0,0,43,0
2023-07-01,Y03218,NHS ENGLAND LONDON,THE PINN UNREGISTERED WIC,0,0,842,0,0,0,0,0,0,0,0,0,0,0,0,0,0,0
2023-07-01,8J094,NHS ENGLAND MIDLANDS ,BADGER LTD,0,0,0,0,0,2158,0,0,0,0,0,0,0,0,0,0,0,0
2023-07-01,NV693,NHS ENGLAND NORTH WEST ,ROSSENDALE MIU & OOH,0,0,972,0,0,0,0,0,0,0,0,0,0,0,0,0,0,0
2023-07-01,RN3,NHS ENGLAND SOUTH WEST ,GREAT WESTERN HOSPITALS NHS FOUNDATION TRUST,5347,0,4951,0,0,301,2356,0,204,0,0,5,402,81,2245,0,0,1537
2023-07-01,RTH,NHS ENGLAND SOUTH EAST ,OXFORD UNIVERSITY HOSPITALS NHS FOUNDATION TRUST,11491,1884,467,1195,0,97,4373,0,9,380,0,1,456,0,3739,121,11,4018
2023-07-01,RXR,NHS ENGLAND NORTH WEST ,EAST LANCASHIRE HOSPITALS NHS TRUST,11809,0,7738,0,0,0,4297,0,665,0,0,0,380,1071,3121,0,70,1752
2023-07-01,Y03007,NHS ENGLAND MIDLANDS ,ERDINGTON GP HEALTH & WELLBEING WIC,0,0,0,0,0,2379,0,0,0,0,0,0,0,0,0,0,0,0
2023-07-01,R0D,NHS ENGLAND SOUTH WEST ,UNIVERSITY HOSPITALS DORSET NHS FOUNDATION TRUST,13691,0,3828,22,0,0,6994,0,0,7,0,0,119,4,3993,3,0,2229
2023-07-01,RMC,NHS ENGLAND NORTH WEST ,BOLTON NHS FOUNDATION TRUST,9723,0,1537,53,0,18,3604,0,258,15,0,0,516,539,2077,0,89,665
2023-07-01,RTR,NHS ENGLAND NORTH EAST AND YORKSHIRE ,SOUTH TEES HOSPITALS NHS FOUNDATION TRUST,10439,0,5121,0,0,398,4066,0,292,0,0,20,932,15,2468,0,135,1950
2023-07-01,RVR,NHS ENGLAND LONDON,EPSOM AND ST HELIER UNIVERSITY HOSPITALS NHS TRUST,12652,310,0,165,0,0,2960,0,0,21,0,0,461,480,1867,5,0,124
2023-07-01,RBN,NHS ENGLAND NORTH WEST ,MERSEY AND WEST LANCASHIRE TEACHING HOSPITALS NHS TRUST,16870,0,7274,347,0,0,6744,0,296,60,0,0,750,197,7226,0,0,553
2023-07-01,RX1,NHS ENGLAND MIDLANDS ,NOTTINGHAM UNIVERSITY HOSPITALS NHS TRUST,15465,1860,311,433,0,0,8540,246,17,235,0,0,870,779,3961,0,0,3376
2023-07-01,NLX,NHS ENGLAND SOUTH WEST ,SIRONA CARE & HEALTH,0,0,7675,0,0,225,0,0,221,0,0,35,0,0,0,0,0,0
2023-07-01,RDE,NHS ENGLAND EAST OF ENGLAND ,EAST SUFFOLK AND NORTH ESSEX NHS FOUNDATION TRUST,14398,0,11279,128,0,158,6112,0,63,0,0,8,535,5,4770,0,264,870
2023-07-01,RFS,NHS ENGLAND MIDLANDS ,CHESTERFIELD ROYAL HOSPITAL NHS FOUNDATION TRUST,7288,0,1114,285,0,71,2396,0,76,71,0,4,354,13,2602,0,218,594
2023-07-01,G0Q0L,NHS ENGLAND LONDON,BARKING HOSPITAL UTC,0,0,2373,0,0,0,0,0,156,0,0,0,0,0,0,0,0,0
2023-07-01,K6K0R,NHS ENGLAND LONDON,HAROLD WOOD POLYCLINIC UTC,0,0,2238,0,0,0,0,0,191,0,0,0,0,0,0,0,0,0
2023-06-01,ACH01,NHS ENGLAND SOUTH EAST ,WHITSTABLE MEDICAL PRACTICE,0,0,4666,0,0,0,0,0,0,0,0,0,0,0,0,0,0,0
2023-06-01,RWY,NHS ENGLAND NORTH EAST AND YORKSHIRE ,CALDERDALE AND HUDDERSFIELD NHS FOUNDATION TRUST,15048,0,0,0,0,0,4214,0,0,0,0,0,964,1,2899,0,0,920
2023-06-01,C82038,NHS ENGLAND MIDLANDS ,LATHAM HOUSE MEDICAL PRACTICE,0,0,441,0,0,0,0,0,0,0,0,0,0,0,0,0,0,0
2023-06-01,NL7,NHS ENGLAND MIDLANDS ,ASSURA VERTIS URGENT CARE CENTRES (BIRMINGHAM),0,0,4813,0,0,0,0,0,0,0,0,0,0,0,0,0,0,0
2023-06-01,NQT5F,NHS ENGLAND NORTH WEST ,SKELMERSDALE WALK IN CENTRE,0,0,1903,0,0,0,0,0,7,0,0,0,0,0,0,0,0,0
2023-06-01,NQT5H,NHS ENGLAND SOUTH WEST ,PAULTON MEMORIAL HOSPITAL,0,0,1045,0,0,0,0,0,15,0,0,0,0,0,0,0,0,0
2023-06-01,NQTE4,NHS ENGLAND MIDLANDS ,SUMMERFIELD URGENT CARE CENTRE,0,0,3872,0,0,0,0,0,0,0,0,0,0,0,0,0,0,0
2023-06-01,NTP11,NHS ENGLAND SOUTH EAST ,PRACTICE PLUS GROUP HOSPITAL - SOUTHAMPTON,0,0,5526,0,0,0,0,0,261,0,0,0,0,0,0,0,0,0
2023-06-01,RFF,NHS ENGLAND NORTH EAST AND YORKSHIRE ,BARNSLEY HOSPITAL NHS FOUNDATION TRUST,8377,0,0,369,0,0,2692,0,0,0,0,0,235,0,2504,0,0,572
2023-06-01,RJ8,NHS ENGLAND SOUTH WEST ,CORNWALL PARTNERSHIP NHS FOUNDATION TRUST,0,0,0,0,0,0,0,0,0,0,0,0,0,0,0,0,15,51
2023-06-01,RW1,NHS ENGLAND SOUTH EAST ,SOUTHERN HEALTH NHS FOUNDATION TRUST,0,0,2954,0,0,0,0,0,22,0,0,0,0,0,0,0,6,155
2023-06-01,RXG,NHS ENGLAND NORTH EAST AND YORKSHIRE ,SOUTH WEST YORKSHIRE PARTNERSHIP NHS FOUNDATION TRUST,0,0,0,0,0,0,0,0,0,0,0,0,0,0,0,0,0,137
2023-06-01,Y02428,NHS ENGLAND EAST OF ENGLAND ,PUTNOE WALK IN CENTRE,0,0,2249,0,0,0,0,0,0,0,0,0,0,0,0,0,0,0
2023-06-01,Y02615,NHS ENGLAND MIDLANDS ,SOUTH BIRMINGHAM GP WALK IN CENTRE,0,0,7819,0,0,0,0,0,0,0,0,0,0,0,0,0,0,0
2023-06-01,Y04538,NHS ENGLAND SOUTH EAST ,BRACKNELL URGENT CARE CENTRE WIC,0,0,2811,0,0,0,0,0,155,0,0,0,0,0,0,0,0,0
2023-06-01,AD913,NHS ENGLAND LONDON,BECKENHAM BEACON UCC,0,0,3558,0,0,249,0,0,41,0,0,0,0,0,0,0,0,0
2023-06-01,L83087,NHS ENGLAND SOUTH WEST ,OKEHAMPTON MEDICAL CENTRE,0,0,147,0,0,0,0,0,0,0,0,0,0,0,0,0,0,0
2023-06-01,RDY,NHS ENGLAND SOUTH WEST ,DORSET HEALTHCARE UNIVERSITY NHS FOUNDATION TRUST,0,0,0,0,0,0,0,0,0,0,0,0,0,0,0,0,4,2
2023-06-01,RLQ,NHS ENGLAND MIDLANDS ,WYE VALLEY NHS TRUST,5905,0,0,122,0,0,2430,0,0,24,0,0,177,259,1601,0,0,549
2023-06-01,RV9,NHS ENGLAND NORTH EAST AND YORKSHIRE ,HUMBER TEACHING NHS FOUNDATION TRUST,0,0,1033,0,0,37,0,0,4,0,0,0,0,0,0,0,0,0
2023-06-01,RWA,NHS ENGLAND NORTH EAST AND YORKSHIRE ,HULL UNIVERSITY TEACHING HOSPITALS NHS TRUST,10801,0,0,0,0,0,5209,0,0,0,0,0,1003,240,3307,0,0,1696
2023-06-01,RXK,NHS ENGLAND MIDLANDS ,SANDWELL AND WEST BIRMINGHAM HOSPITALS NHS TRUST,14690,1432,9310,821,0,0,6906,232,288,191,0,0,1163,32,2956,0,0,540
2023-06-01,RXL,NHS ENGLAND NORTH WEST ,BLACKPOOL TEACHING HOSPITALS NHS FOUNDATION TRUST,8775,0,11219,213,0,205,3893,0,18,58,0,0,653,804,2552,0,0,1523
2023-06-01,RY5,NHS ENGLAND MIDLANDS ,LINCOLNSHIRE COMMUNITY HEALTH SERVICES NHS TRUST,0,0,8694,0,0,0,0,0,394,0,0,0,0,0,0,0,0,0
2023-06-01,RY7,NHS ENGLAND NORTH WEST ,WIRRAL COMMUNITY HEALTH AND CARE NHS FOUNDATION TRUST,0,0,4654,0,0,0,0,0,258,0,0,0,0,0,0,0,0,0
2023-06-01,Y00751,NHS ENGLAND SOUTH EAST ,EAST BERKS PRIMARY CARE OOH(WAM),0,0,0,0,0,0,0,0,0,0,0,0,0,0,0,0,0,0
2023-06-01,Y02676,NHS ENGLAND SOUTH EAST ,BRIGHTON STATION HEALTH CENTRE,0,0,1698,0,0,0,0,0,0,0,0,0,0,0,0,0,0,0
2023-06-01,8J094,NHS ENGLAND MIDLANDS ,BADGER LTD,0,0,0,0,0,1537,0,0,0,0,0,0,0,0,0,0,0,0
2023-06-01,AQN04,NHS ENGLAND SOUTH EAST ,PHL LYMINGTON UTC,0,0,3033,0,0,9,0,0,72,0,0,0,0,0,0,0,0,0
2023-06-01,C82009,NHS ENGLAND MIDLANDS ,MARKET HARBOROUGH MED.CTR,0,0,422,0,0,0,0,0,0,0,0,0,0,0,0,0,0,0
2023-06-01,DD401,NHS ENGLAND SOUTH WEST ,EXMOUTH MINOR INJURY UNIT,0,0,1358,0,0,0,0,0,0,0,0,0,0,0,0,0,0,0
2023-06-01,RA9,NHS ENGLAND SOUTH WEST ,TORBAY AND SOUTH DEVON NHS FOUNDATION TRUST,6361,0,3585,46,0,0,3470,0,39,25,0,0,623,129,1643,0,0,1032
2023-06-01,RBQ,NHS ENGLAND NORTH WEST ,LIVERPOOL HEART AND CHEST HOSPITAL NHS FOUNDATION TRUST,0,0,0,0,0,0,0,0,0,0,0,0,0,0,0,0,0,152
2023-06-01,RDU,NHS ENGLAND SOUTH EAST ,FRIMLEY HEALTH NHS FOUNDATION TRUST,21302,0,0,791,0,0,9302,0,0,283,0,0,1728,0,5784,0,0,302
2023-06-01,RHU,NHS ENGLAND SOUTH EAST ,PORTSMOUTH HOSPITALS UNIVERSITY NATIONAL HEALTH SERVICE TRUST,9261,780,3126,1303,0,747,4644,9,82,560,0,26,1402,0,3565,0,0,2424
2023-06-01,RJN,NHS ENGLAND NORTH WEST ,EAST CHESHIRE NHS TRUST,4344,0,0,55,0,40,1943,0,0,0,0,0,239,263,880,0,0,176
2023-06-01,RQW,NHS ENGLAND EAST OF ENGLAND ,THE PRINCESS ALEXANDRA HOSPITAL NHS TRUST,9327,0,0,1145,0,0,4851,0,0,0,0,0,425,77,2076,0,0,409
2023-06-01,RTD,NHS ENGLAND NORTH EAST AND YORKSHIRE ,THE NEWCASTLE UPON TYNE HOSPITALS NHS FOUNDATION TRUST,11768,1589,5358,0,0,724,3901,93,0,0,0,0,277,4,3192,22,0,2779
2023-06-01,RVW,NHS ENGLAND NORTH EAST AND YORKSHIRE ,NORTH TEES AND HARTLEPOOL NHS FOUNDATION TRUST,4272,0,11132,0,0,0,2533,0,87,0,0,0,78,1,1528,0,486,2115
2023-06-01,RW4,NHS ENGLAND NORTH WEST ,MERSEY CARE NHS FOUNDATION TRUST,0,0,11847,0,0,0,0,0,274,0,0,0,0,0,0,0,0,74
2023-06-01,RXQ,NHS ENGLAND SOUTH EAST ,BUCKINGHAMSHIRE HEALTHCARE NHS TRUST,9525,1155,3438,0,0,0,4448,0,282,0,0,0,364,346,3651,779,0,1145
2023-06-01,RY4,NHS ENGLAND EAST OF ENGLAND ,HERTFORDSHIRE COMMUNITY NHS TRUST,0,0,1415,0,0,0,0,0,67,0,0,0,0,0,0,0,0,0
2023-06-01,RYF,NHS ENGLAND SOUTH WEST ,SOUTH WESTERN AMBULANCE SERVICE NHS FOUNDATION TRUST,0,0,1901,0,0,0,0,0,117,0,0,0,0,0,0,0,0,0
2023-06-01,Y03007,NHS ENGLAND MIDLANDS ,ERDINGTON GP HEALTH & WELLBEING WIC,0,0,0,0,0,1694,0,0,0,0,0,0,0,0,0,0,0,0
2023-06-01,DT301,NHS ENGLAND EAST OF ENGLAND ,HERTS URGENT CARE (ASCOTS LANE),0,0,2628,0,0,0,0,0,100,0,0,0,0,0,0,0,0,0
2023-06-01,R0D,NHS ENGLAND SOUTH WEST ,UNIVERSITY HOSPITALS DORSET NHS FOUNDATION TRUST,13318,0,3732,136,0,0,6538,0,0,62,0,0,417,14,4218,7,0,2132
2023-06-01,REP,NHS ENGLAND NORTH WEST ,LIVERPOOL WOMEN'S NHS FOUNDATION TRUST,0,1223,0,0,96,0,0,63,0,0,0,0,0,0,0,92,0,23
2023-06-01,RLT,NHS ENGLAND MIDLANDS ,GEORGE ELIOT HOSPITAL NHS TRUST,6254,0,1523,270,0,337,1861,0,31,0,0,0,580,0,964,0,0,20
2023-06-01,RR7,NHS ENGLAND NORTH EAST AND YORKSHIRE ,GATESHEAD HEALTH NHS FOUNDATION TRUST,5970,0,3788,28,0,42,2456,0,54,11,0,0,901,0,1650,0,0,758
2023-06-01,RVY,NHS ENGLAND NORTH WEST ,SOUTHPORT AND ORMSKIRK HOSPITAL NHS TRUST,7526,0,2955,123,0,0,2367,0,0,25,0,0,480,236,1964,0,0,102
2023-06-01,RWE,NHS ENGLAND MIDLANDS ,UNIVERSITY HOSPITALS OF LEICESTER NHS TRUST,20875,1832,0,0,0,0,9063,102,0,0,0,0,1380,910,4958,7,0,3219
2023-06-01,RYR,NHS ENGLAND SOUTH EAST ,UNIVERSITY HOSPITALS SUSSEX NHS FOUNDATION TRUST,24080,1528,2571,1459,0,589,9372,9,166,415,0,13,1410,591,7820,32,57,1374
2023-06-01,Y02532,NHS ENGLAND NORTH WEST ,MIRIAM MINOR EMERGENCY,0,0,1699,0,0,0,0,0,3,0,0,0,0,0,0,0,0,0
2023-06-01,Y03571,NHS ENGLAND MIDLANDS ,CORBY URGENT CARE CENTRE,0,0,8178,0,0,612,0,0,83,0,0,0,0,0,0,0,0,0
2023-06-01,ARN03,NHS ENGLAND NORTH EAST AND YORKSHIRE ,LOCAL CARE DIRECT,0,0,2255,0,0,198,0,0,0,0,0,0,0,0,0,0,0,0
2023-06-01,NDJ,NHS ENGLAND SOUTH EAST ,FIRST COMMUNITY HEALTH AND CARE CIC,0,0,2568,0,0,0,0,0,0,0,0,0,0,0,0,0,0,0
2023-06-01,NNJ07,NHS ENGLAND MIDLANDS ,LOUGHBOROUGH URGENT CARE CENTRE,0,0,5470,0,0,478,0,0,65,0,0,0,0,0,0,0,0,0
2023-06-01,NNJ0H,NHS ENGLAND MIDLANDS ,LLR EA - THE MERLYN VAZ HEALTH & SOCIAL CARE CENTRE,0,0,149,0,0,1490,0,0,0,0,0,3,0,0,0,0,0,0
2023-06-01,NNJ12,NHS ENGLAND MIDLANDS ,MARKET HARBOROUGH,0,0,129,0,0,320,0,0,0,0,0,0,0,0,0,0,0,0
2023-06-01,NNJ13,NHS ENGLAND MIDLANDS ,MELTON MOWBRAY,0,0,57,0,0,342,0,0,0,0,0,0,0,0,0,0,0,0
2023-06-01,NNJ14,NHS ENGLAND MIDLANDS ,OADBY,0,0,901,0,0,1473,0,0,0,0,0,0,0,0,0,0,0,0
2023-06-01,NNJ15,NHS ENGLAND MIDLANDS ,OAKHAM,0,0,47,0,0,336,0,0,0,0,0,0,0,0,0,0,0,0
2023-06-01,NNJ,NHS ENGLAND MIDLANDS ,DHU HEALTH CARE C.I.C,0,0,1798,0,0,0,0,0,1,0,0,0,0,0,0,0,0,0
2023-06-01,NR3,NHS ENGLAND MIDLANDS ,NOTTINGHAM CITYCARE PARTNERSHIP,0,0,4795,0,0,240,0,0,177,0,0,0,0,0,0,0,0,0
2023-06-01,RBS,NHS ENGLAND NORTH WEST ,ALDER HEY CHILDREN'S NHS FOUNDATION TRUST,5664,0,0,0,0,0,814,0,0,0,0,0,0,0,932,0,0,253
2023-06-01,RC9,NHS ENGLAND EAST OF ENGLAND ,BEDFORDSHIRE HOSPITALS NHS FOUNDATION TRUST,18783,0,6951,0,0,1043,6280,0,0,0,0,0,1,0,4460,0,0,2233
2023-06-01,RXF,NHS ENGLAND NORTH EAST AND YORKSHIRE ,MID YORKSHIRE TEACHING NHS TRUST,17067,0,6398,120,0,25,6162,0,290,16,0,3,1688,8,3797,0,181,969
2023-06-01,RYX,NHS ENGLAND LONDON,CENTRAL LONDON COMMUNITY HEALTHCARE NHS TRUST,0,0,9914,0,0,0,0,0,340,0,0,0,0,0,0,0,0,0
2023-06-01,RYY,NHS ENGLAND SOUTH EAST ,KENT COMMUNITY HEALTH NHS FOUNDATION TRUST,0,0,9855,0,0,0,0,0,112,0,0,0,0,0,0,0,0,0
2023-06-01,Y02147,NHS ENGLAND LONDON,URGENT CARE CENTRE (QMS),0,0,7480,0,0,502,0,0,292,0,0,4,0,0,0,0,0,0
2023-06-01,AAH,NHS ENGLAND SOUTH WEST ,TETBURY HOSPITAL TRUST LTD,0,0,505,0,0,0,0,0,1,0,0,0,0,0,0,0,0,0
2023-06-01,C83023,NHS ENGLAND MIDLANDS ,SLEAFORD MEDICAL GROUP,0,0,518,0,0,0,0,0,0,0,0,0,0,0,0,0,0,10
2023-06-01,NTPAD,NHS ENGLAND SOUTH EAST ,PRACTICE PLUS GROUP SURGICAL CENTRE - ST MARYS PORTSMOUTH,0,0,5363,0,0,242,0,0,203,0,0,26,0,0,0,0,0,0
2023-06-01,R1F,NHS ENGLAND SOUTH EAST ,ISLE OF WIGHT NHS TRUST,3686,0,2300,17,0,34,1571,0,27,6,0,0,360,223,1117,0,0,246
2023-06-01,RAE,NHS ENGLAND NORTH EAST AND YORKSHIRE ,BRADFORD TEACHING HOSPITALS NHS FOUNDATION TRUST,9039,0,2786,0,0,0,2611,0,1,0,0,0,771,10,2632,0,91,1455
2023-06-01,RAN,NHS ENGLAND LONDON,ROYAL NATIONAL ORTHOPAEDIC HOSPITAL NHS TRUST,0,0,0,0,0,0,0,0,0,0,0,0,0,0,0,0,0,36
2023-06-01,RGN,NHS ENGLAND EAST OF ENGLAND ,NORTH WEST ANGLIA NHS FOUNDATION TRUST,12370,0,4844,70,0,524,5382,0,703,20,0,45,584,616,2990,0,114,1323
2023-06-01,RK5,NHS ENGLAND MIDLANDS ,SHERWOOD FOREST HOSPITALS NHS FOUNDATION TRUST,10341,0,5250,28,0,101,3980,0,155,8,0,93,717,78,3242,0,0,344
2023-06-01,RL4,NHS ENGLAND MIDLANDS ,THE ROYAL WOLVERHAMPTON NHS TRUST,13333,0,6632,0,0,658,4414,0,416,0,0,0,673,23,6076,0,0,878
2023-06-01,RNZ,NHS ENGLAND SOUTH WEST ,SALISBURY NHS FOUNDATION TRUST,4365,318,1671,235,0,0,1529,0,0,85,0,0,329,1,1244,0,0,776
2023-06-01,RY8,NHS ENGLAND MIDLANDS ,DERBYSHIRE COMMUNITY HEALTH SERVICES NHS FOUNDATION TRUST,0,0,8295,0,0,1383,0,0,2,0,0,0,0,0,0,0,0,0
2023-06-01,AJN,NHS ENGLAND NORTH EAST AND YORKSHIRE ,WORKINGTON HEALTH LIMITED,0,0,555,0,0,0,0,0,0,0,0,0,0,0,0,0,555,0
2023-06-01,NDA57,NHS ENGLAND SOUTH EAST ,HASLEMERE MINOR INJURIES UNIT,0,0,1583,0,0,8,0,0,0,0,0,0,0,0,0,0,0,0
2023-06-01,NNF09,NHS ENGLAND NORTH EAST AND YORKSHIRE ,BRANSHOLME HEALTH CENTRE,0,0,3931,0,0,0,0,0,778,0,0,0,0,0,0,0,0,0
2023-06-01,NNF76,NHS ENGLAND NORTH EAST AND YORKSHIRE ,THE WILBERFORCE HEALTH CENTRE,0,0,2672,0,0,0,0,0,0,0,0,0,0,0,0,0,0,0
2023-06-01,NNF94,NHS ENGLAND NORTH EAST AND YORKSHIRE ,EAST RIDING COMMUNITY HOSPITAL,0,0,2792,0,0,0,0,0,514,0,0,0,0,0,0,0,0,0
2023-06-01,NNFA7,NHS ENGLAND NORTH EAST AND YORKSHIRE ,GOOLE & DISTRICT HOSPITAL,0,0,1676,0,0,0,0,0,28,0,0,0,0,0,0,0,0,0
2023-06-01,R0B,NHS ENGLAND NORTH EAST AND YORKSHIRE ,SOUTH TYNESIDE AND SUNDERLAND NHS FOUNDATION TRUST,11456,1461,6157,388,0,1003,4738,17,239,185,0,47,563,3,4290,22,0,1249
2023-06-01,RA2,NHS ENGLAND SOUTH EAST ,ROYAL SURREY COUNTY HOSPITAL NHS FOUNDATION TRUST,6341,0,0,494,0,0,2030,0,0,120,0,0,248,4,2179,0,0,971
2023-06-01,RA7,NHS ENGLAND SOUTH WEST ,UNIVERSITY HOSPITALS BRISTOL AND WESTON NHS FOUNDATION TRUST,14528,2314,0,0,0,0,4608,96,0,0,0,0,933,214,4427,14,0,1337
2023-06-01,RAS,NHS ENGLAND LONDON,THE HILLINGDON HOSPITALS NHS FOUNDATION TRUST,5725,0,6340,0,0,0,3028,0,220,0,0,0,558,17,1714,0,0,447
2023-06-01,RAX,NHS ENGLAND LONDON,KINGSTON HOSPITAL NHS FOUNDATION TRUST,7254,0,3120,0,0,0,3409,0,253,0,0,0,432,274,1755,0,136,577
2023-06-01,RBK,NHS ENGLAND MIDLANDS ,WALSALL HEALTHCARE NHS TRUST,7919,0,4192,302,0,141,2890,0,109,56,0,0,748,25,3129,0,0,661
2023-06-01,RCD,NHS ENGLAND NORTH EAST AND YORKSHIRE ,HARROGATE AND DISTRICT NHS FOUNDATION TRUST,4939,0,945,93,0,43,1157,0,0,19,0,0,139,1,1250,0,0,491
2023-06-01,RF4,NHS ENGLAND LONDON,"BARKING, HAVERING AND REDBRIDGE UNIVERSITY HOSPITALS NHS TRUST",11154,2464,13178,0,0,0,5927,638,4470,0,0,0,672,611,6185,0,0,454
2023-06-01,RJ2,NHS ENGLAND LONDON,LEWISHAM AND GREENWICH NHS TRUST,12840,0,12215,101,0,58,6413,0,1221,19,0,0,1137,465,3498,0,0,1249
2023-06-01,RL1,NHS ENGLAND MIDLANDS ,THE ROBERT JONES AND AGNES HUNT ORTHOPAEDIC HOSPITAL NHS FOUNDATION TRUST,0,0,0,0,0,0,0,0,0,0,0,0,0,0,0,0,0,35
2023-06-01,RPC,NHS ENGLAND SOUTH EAST ,QUEEN VICTORIA HOSPITAL NHS FOUNDATION TRUST,0,0,1801,0,0,0,0,0,11,0,0,0,0,0,0,0,1,597
2023-06-01,RQ3,NHS ENGLAND MIDLANDS ,BIRMINGHAM WOMEN'S AND CHILDREN'S NHS FOUNDATION TRUST,5044,0,0,0,0,0,866,0,0,0,0,0,0,0,876,0,0,224
2023-06-01,RQM,NHS ENGLAND LONDON,CHELSEA AND WESTMINSTER HOSPITAL NHS FOUNDATION TRUST,19736,0,9721,458,0,0,5998,0,269,0,0,0,578,37,2488,0,0,404
2023-06-01,RRK,NHS ENGLAND MIDLANDS ,UNIVERSITY HOSPITALS BIRMINGHAM NHS FOUNDATION TRUST,33734,0,118,0,0,0,15898,0,2,0,0,0,3545,1143,10350,0,1,5175
2023-06-01,RRV,NHS ENGLAND LONDON,UNIVERSITY COLLEGE LONDON HOSPITALS NHS FOUNDATION TRUST,12176,0,0,613,0,0,3872,0,0,0,0,0,309,41,1380,0,0,313
2023-06-01,RTG,NHS ENGLAND MIDLANDS ,UNIVERSITY HOSPITALS OF DERBY AND BURTON NHS FOUNDATION TRUST,15871,0,14098,128,0,72,8638,0,1060,50,0,5,1092,176,4056,0,179,2141
2023-06-01,RTP,NHS ENGLAND SOUTH EAST ,SURREY AND SUSSEX HEALTHCARE NHS TRUST,9915,0,0,0,0,0,2974,0,0,0,0,0,787,204,2984,0,0,798
2023-06-01,RWP,NHS ENGLAND MIDLANDS ,WORCESTERSHIRE ACUTE HOSPITALS NHS TRUST,12352,0,6639,186,0,0,6203,0,29,76,0,0,842,286,3203,0,0,1265
2023-06-01,AXG,NHS ENGLAND SOUTH WEST ,WILTSHIRE HEALTH & CARE,0,0,2684,0,0,16,0,0,229,0,0,0,0,0,0,0,0,0
2023-06-01,NTV0B,NHS ENGLAND SOUTH EAST ,ASHFORD WALK-IN-CENTRE,0,0,2596,0,0,0,0,0,160,0,0,0,0,0,0,0,0,0
2023-06-01,NTV0W,NHS ENGLAND SOUTH EAST ,WOKING WALK IN CENTRE,0,0,2770,0,0,0,0,0,347,0,0,0,0,0,0,0,0,0
2023-06-01,NV693,NHS ENGLAND NORTH WEST ,ROSSENDALE MIU & OOH,0,0,1173,0,0,0,0,0,2,0,0,0,0,0,0,0,0,0
2023-06-01,R1K,NHS ENGLAND LONDON,LONDON NORTH WEST UNIVERSITY HEALTHCARE NHS TRUST,12613,0,14786,229,0,0,5836,0,141,100,0,0,623,178,6530,0,0,1295
2023-06-01,RCB,NHS ENGLAND NORTH EAST AND YORKSHIRE ,YORK AND SCARBOROUGH TEACHING HOSPITALS NHS FOUNDATION TRUST,9761,342,9097,0,0,425,5422,0,609,0,0,18,844,495,3989,0,0,1516
2023-06-01,RCX,NHS ENGLAND EAST OF ENGLAND ,"THE QUEEN ELIZABETH HOSPITAL, KING'S LYNN, NHS FOUNDATION TRUST",6571,0,904,77,0,0,2599,0,0,17,0,0,699,410,2236,0,0,592
2023-06-01,RH8,NHS ENGLAND SOUTH WEST ,ROYAL DEVON UNIVERSITY HEALTHCARE NHS FOUNDATION TRUST,11837,0,3222,1112,0,72,5452,0,36,447,0,2,785,68,3475,0,0,2157
2023-06-01,RHQ,NHS ENGLAND NORTH EAST AND YORKSHIRE ,SHEFFIELD TEACHING HOSPITALS NHS FOUNDATION TRUST,8935,1160,7231,360,0,722,3987,0,260,174,0,10,910,4,3247,0,0,3099
2023-06-01,RK9,NHS ENGLAND SOUTH WEST ,UNIVERSITY HOSPITALS PLYMOUTH NHS TRUST,8970,253,4453,0,0,18,5941,0,638,0,0,0,702,355,2742,0,0,1051
2023-06-01,RN7,NHS ENGLAND SOUTH EAST ,DARTFORD AND GRAVESHAM NHS TRUST,11050,0,3547,0,0,0,2881,0,42,0,0,0,730,0,2703,0,0,357
2023-06-01,RNA,NHS ENGLAND MIDLANDS ,THE DUDLEY GROUP NHS FOUNDATION TRUST,9586,0,4925,125,0,1027,4048,0,165,27,0,0,709,31,3501,0,0,1787
2023-06-01,RRF,NHS ENGLAND NORTH WEST ,"WRIGHTINGTON, WIGAN AND LEIGH NHS FOUNDATION TRUST",7513,0,4487,0,0,0,3829,0,56,0,0,0,1101,249,2228,0,0,783
2023-06-01,RTQ,NHS ENGLAND SOUTH WEST ,GLOUCESTERSHIRE HEALTH AND CARE NHS FOUNDATION TRUST,0,0,6959,0,0,0,0,0,40,0,0,0,0,0,0,0,0,38
2023-06-01,RTR,NHS ENGLAND NORTH EAST AND YORKSHIRE ,SOUTH TEES HOSPITALS NHS FOUNDATION TRUST,10325,0,5219,0,0,321,4497,0,301,0,0,10,1033,40,2388,0,105,2023
2023-06-01,RTX,NHS ENGLAND NORTH WEST ,UNIVERSITY HOSPITALS OF MORECAMBE BAY NHS FOUNDATION TRUST,7961,0,4433,166,0,492,2864,0,136,39,0,1,487,388,2686,0,26,890
2023-06-01,RVJ,NHS ENGLAND SOUTH WEST ,NORTH BRISTOL NHS TRUST,8708,0,0,113,0,0,2175,0,0,17,0,0,550,10,3065,0,0,1921
2023-06-01,RWJ,NHS ENGLAND NORTH WEST ,STOCKPORT NHS FOUNDATION TRUST,8818,0,0,602,0,0,2624,0,0,136,0,0,802,55,2854,0,0,739
2023-06-01,RXR,NHS ENGLAND NORTH WEST ,EAST LANCASHIRE HOSPITALS NHS TRUST,11054,0,7912,0,0,0,4365,0,1004,0,0,0,505,797,3028,0,18,696
2023-06-01,RY9,NHS ENGLAND LONDON,HOUNSLOW AND RICHMOND COMMUNITY HEALTHCARE NHS TRUST,0,0,5192,0,0,0,0,0,31,0,0,0,0,0,0,0,0,0
2023-06-01,RYG,NHS ENGLAND MIDLANDS ,COVENTRY AND WARWICKSHIRE PARTNERSHIP NHS TRUST,0,0,0,0,0,0,0,0,0,0,0,0,0,0,0,0,9,58
2023-06-01,RAJ,NHS ENGLAND EAST OF ENGLAND ,MID AND SOUTH ESSEX NHS FOUNDATION TRUST,30845,0,1899,821,0,115,10509,0,95,241,0,9,2433,7,8352,0,251,1308
2023-06-01,RAP,NHS ENGLAND LONDON,NORTH MIDDLESEX UNIVERSITY HOSPITAL NHS TRUST,8294,568,6654,528,0,0,3755,2,1137,124,0,0,387,606,1551,0,0,195
2023-06-01,RBD,NHS ENGLAND SOUTH WEST ,DORSET COUNTY HOSPITAL NHS FOUNDATION TRUST,4445,0,0,321,0,3924,1586,0,0,77,0,5,204,27,1519,0,0,480
2023-06-01,RBT,NHS ENGLAND NORTH WEST ,MID CHESHIRE HOSPITALS NHS FOUNDATION TRUST,7189,0,2796,110,0,25,3266,0,19,17,0,2,710,292,2494,0,0,1040
2023-06-01,RCU,NHS ENGLAND NORTH EAST AND YORKSHIRE ,SHEFFIELD CHILDREN'S NHS FOUNDATION TRUST,4818,0,248,246,0,8,364,0,0,16,0,0,3,0,917,0,0,120
2023-06-01,RDE,NHS ENGLAND EAST OF ENGLAND ,EAST SUFFOLK AND NORTH ESSEX NHS FOUNDATION TRUST,13805,0,11404,173,0,110,6801,0,96,0,0,12,1140,95,4421,0,251,955
2023-06-01,REF,NHS ENGLAND SOUTH WEST ,ROYAL CORNWALL HOSPITALS NHS TRUST,6507,0,12956,0,0,0,3446,0,558,0,0,0,564,407,2169,0,22,1097
2023-06-01,REM,NHS ENGLAND NORTH WEST ,LIVERPOOL UNIVERSITY HOSPITALS NHS FOUNDATION TRUST,16943,251,8802,461,0,0,6882,0,427,68,0,0,1945,1218,5213,0,0,2096
2023-06-01,RFR,NHS ENGLAND NORTH EAST AND YORKSHIRE ,THE ROTHERHAM NHS FOUNDATION TRUST,7878,0,0,0,0,0,3312,0,0,0,0,0,488,0,2858,0,0,605
2023-06-01,RHM,NHS ENGLAND SOUTH EAST ,UNIVERSITY HOSPITAL SOUTHAMPTON NHS FOUNDATION TRUST,11217,1391,0,8,0,0,4086,56,0,4,0,0,240,18,3283,13,0,1425
2023-06-01,RJC,NHS ENGLAND MIDLANDS ,SOUTH WARWICKSHIRE UNIVERSITY NHS FOUNDATION TRUST,7673,0,428,16,0,0,1919,0,0,4,0,0,153,0,1971,0,0,623
2023-06-01,RJE,NHS ENGLAND MIDLANDS ,UNIVERSITY HOSPITALS OF NORTH MIDLANDS NHS TRUST,13488,446,8030,714,0,337,6666,0,222,285,0,4,1059,696,5705,0,0,2840
2023-06-01,RJL,NHS ENGLAND NORTH EAST AND YORKSHIRE ,NORTHERN LINCOLNSHIRE AND GOOLE NHS FOUNDATION TRUST,14294,0,0,0,0,0,4962,0,0,0,0,0,734,628,4280,0,0,574
2023-06-01,RJZ,NHS ENGLAND LONDON,KING'S COLLEGE HOSPITAL NHS FOUNDATION TRUST,14765,0,8636,59,0,1153,6167,0,1137,20,0,262,1328,270,3995,0,0,509
2023-06-01,RKB,NHS ENGLAND MIDLANDS ,UNIVERSITY HOSPITALS COVENTRY AND WARWICKSHIRE NHS TRUST,11648,1812,7516,32,0,61,5556,146,284,10,0,3,215,1,2750,83,56,1265
2023-06-01,RM1,NHS ENGLAND EAST OF ENGLAND ,NORFOLK AND NORWICH UNIVERSITY HOSPITALS NHS FOUNDATION TRUST,10862,0,7482,494,0,0,4303,0,9,115,0,0,963,280,2271,0,0,1583
2023-06-01,RMP,NHS ENGLAND NORTH WEST ,TAMESIDE AND GLOSSOP INTEGRATED CARE NHS FOUNDATION TRUST,8175,0,2526,237,0,0,3892,0,0,0,0,0,328,15,2164,0,0,138
2023-06-01,RN5,NHS ENGLAND SOUTH EAST ,HAMPSHIRE HOSPITALS NHS FOUNDATION TRUST,12285,0,391,0,0,301,3559,0,0,0,0,0,527,4,3810,0,0,1070
2023-06-01,RNN,NHS ENGLAND NORTH EAST AND YORKSHIRE ,NORTH CUMBRIA INTEGRATED CARE NHS FOUNDATION TRUST,9028,0,2361,340,0,11,3094,0,2,68,0,0,490,211,2262,0,0,759
2023-06-01,RP5,NHS ENGLAND NORTH EAST AND YORKSHIRE ,DONCASTER AND BASSETLAW TEACHING HOSPITALS NHS FOUNDATION TRUST,13135,0,3959,0,0,0,5155,0,18,0,0,0,1059,58,3458,0,385,1083
2023-06-01,RP6,NHS ENGLAND LONDON,MOORFIELDS EYE HOSPITAL NHS FOUNDATION TRUST,0,6546,0,0,0,0,0,45,0,0,0,0,0,0,0,8,0,211
2023-06-01,RPA,NHS ENGLAND SOUTH EAST ,MEDWAY NHS FOUNDATION TRUST,8236,0,6801,366,0,1449,2930,0,1203,0,0,0,719,190,2173,0,0,906
2023-06-01,RQX,NHS ENGLAND LONDON,HOMERTON HEALTHCARE NHS FOUNDATION TRUST,10632,0,0,19,0,0,2483,0,0,0,0,0,196,17,1647,0,0,185
2023-06-01,RR8,NHS ENGLAND NORTH EAST AND YORKSHIRE ,LEEDS TEACHING HOSPITALS NHS TRUST,16924,0,11135,84,0,25,6822,0,47,12,0,0,1676,116,3683,0,0,1064
2023-06-01,RTE,NHS ENGLAND SOUTH WEST ,GLOUCESTERSHIRE HOSPITALS NHS FOUNDATION TRUST,12887,0,0,256,0,0,5225,0,0,69,0,0,532,1001,2640,0,0,1580
2023-06-01,RTK,NHS ENGLAND SOUTH EAST ,ASHFORD AND ST PETER'S HOSPITALS NHS FOUNDATION TRUST,9744,0,0,0,0,0,3805,0,0,0,0,0,532,8,2941,0,0,687
2023-06-01,RVV,NHS ENGLAND SOUTH EAST ,EAST KENT HOSPITALS UNIVERSITY NHS FOUNDATION TRUST,11784,0,12429,80,0,0,6125,0,347,36,0,0,652,929,4189,0,385,1693
2023-06-01,RWD,NHS ENGLAND MIDLANDS ,UNITED LINCOLNSHIRE HOSPITALS NHS TRUST,12398,0,5811,18,0,0,6868,0,1095,2,0,0,1184,702,4101,0,0,1170
2023-06-01,RWH,NHS ENGLAND EAST OF ENGLAND ,EAST AND NORTH HERTFORDSHIRE NHS TRUST,9619,0,5553,3,0,328,5472,0,7,1,0,1,218,67,2745,0,0,279
2023-06-01,RWW,NHS ENGLAND NORTH WEST ,WARRINGTON AND HALTON TEACHING HOSPITALS NHS FOUNDATION TRUST,7387,0,3234,223,0,111,3157,0,191,72,0,5,723,551,2137,0,0,179
2023-06-01,RXC,NHS ENGLAND SOUTH EAST ,EAST SUSSEX HEALTHCARE NHS TRUST,8884,0,2226,806,0,1204,3051,0,48,0,0,0,107,0,3416,0,0,597
2023-06-01,RXN,NHS ENGLAND NORTH WEST ,LANCASHIRE TEACHING HOSPITALS NHS FOUNDATION TRUST,12026,0,4000,199,0,60,4084,0,127,33,0,6,1256,69,2966,0,213,1354
2023-06-01,RXP,NHS ENGLAND NORTH EAST AND YORKSHIRE ,COUNTY DURHAM AND DARLINGTON NHS FOUNDATION TRUST,13007,0,4379,0,0,6100,6483,0,0,0,0,0,1614,11,3980,0,0,712
2023-06-01,RXW,NHS ENGLAND MIDLANDS ,THE SHREWSBURY AND TELFORD HOSPITAL NHS TRUST,10784,0,2080,91,0,310,5811,0,322,20,0,5,573,525,2661,0,47,2075
2023-06-01,RY2,NHS ENGLAND NORTH WEST ,BRIDGEWATER COMMUNITY HEALTHCARE NHS FOUNDATION TRUST,0,0,3054,0,0,117,0,0,49,0,0,1,0,0,0,0,0,0
2023-06-01,R1D,NHS ENGLAND MIDLANDS ,SHROPSHIRE COMMUNITY HEALTH NHS TRUST,0,0,3810,0,0,0,0,0,19,0,0,0,0,0,0,0,0,6
2023-06-01,R1H,NHS ENGLAND LONDON,BARTS HEALTH NHS TRUST,23852,914,18228,0,0,0,9674,14,3158,0,0,0,1455,381,5231,0,0,1092
2023-06-01,RAL,NHS ENGLAND LONDON,ROYAL FREE LONDON NHS FOUNDATION TRUST,16339,0,8927,0,0,0,6484,0,409,0,0,0,1090,501,4036,0,0,512
2023-06-01,RAT,NHS ENGLAND LONDON,NORTH EAST LONDON NHS FOUNDATION TRUST,0,0,2323,0,0,0,0,0,144,0,0,0,0,0,0,0,0,0
2023-06-01,RBV,NHS ENGLAND NORTH WEST ,THE CHRISTIE NHS FOUNDATION TRUST,0,0,0,0,0,0,0,0,0,0,0,0,0,0,0,0,0,624
2023-06-01,RCF,NHS ENGLAND NORTH EAST AND YORKSHIRE ,AIREDALE NHS FOUNDATION TRUST,5704,259,8,378,0,0,1956,0,0,0,0,0,140,0,1432,0,0,552
2023-06-01,RD1,NHS ENGLAND SOUTH WEST ,ROYAL UNITED HOSPITALS BATH NHS FOUNDATION TRUST,7960,0,0,0,0,0,3357,0,0,0,0,0,530,50,2371,0,5,1346
2023-06-01,RD8,NHS ENGLAND EAST OF ENGLAND ,MILTON KEYNES UNIVERSITY HOSPITAL NHS FOUNDATION TRUST,8223,0,4990,556,0,122,3139,0,196,224,0,0,690,0,1747,0,0,418
2023-06-01,RDR,NHS ENGLAND SOUTH EAST ,SUSSEX COMMUNITY NHS FOUNDATION TRUST,0,0,12689,0,0,0,0,0,343,0,0,0,0,0,0,0,0,1
2023-06-01,RGP,NHS ENGLAND EAST OF ENGLAND ,JAMES PAGET UNIVERSITY HOSPITALS NHS FOUNDATION TRUST,7155,0,1105,91,0,1,2471,0,0,18,0,0,569,165,1622,0,0,466
2023-06-01,RH5,NHS ENGLAND SOUTH WEST ,SOMERSET NHS FOUNDATION TRUST,12472,0,9355,0,0,0,5146,0,286,0,0,0,429,21,3193,0,0,1638
2023-06-01,RJ6,NHS ENGLAND LONDON,CROYDON HEALTH SERVICES NHS TRUST,12860,0,4417,0,0,0,5185,0,0,0,0,0,364,536,1280,0,0,138
2023-06-01,RJ7,NHS ENGLAND LONDON,ST GEORGE'S UNIVERSITY HOSPITALS NHS FOUNDATION TRUST,8568,0,3167,847,0,0,3407,0,0,176,0,0,558,589,2430,0,0,773
2023-06-01,RKE,NHS ENGLAND LONDON,WHITTINGTON HEALTH NHS TRUST,9098,0,0,0,0,0,3157,0,0,0,0,0,316,195,953,0,0,69
2023-06-01,RTF,NHS ENGLAND NORTH EAST AND YORKSHIRE ,NORTHUMBRIA HEALTHCARE NHS FOUNDATION TRUST,9227,0,10805,0,0,0,1917,0,12,0,0,0,33,0,5029,0,69,1050
2023-06-01,RVR,NHS ENGLAND LONDON,EPSOM AND ST HELIER UNIVERSITY HOSPITALS NHS TRUST,13196,341,0,203,0,0,3399,0,0,28,0,0,599,366,1930,4,0,108
2023-06-01,RWG,NHS ENGLAND EAST OF ENGLAND ,WEST HERTFORDSHIRE TEACHING HOSPITALS NHS TRUST,7539,0,7384,0,0,1149,3811,0,488,0,0,26,892,0,3242,0,0,840
2023-06-01,RWX,NHS ENGLAND SOUTH EAST ,BERKSHIRE HEALTHCARE NHS FOUNDATION TRUST,0,0,1566,0,0,0,0,0,12,0,0,0,0,0,0,0,45,0
2023-06-01,RYJ,NHS ENGLAND LONDON,IMPERIAL COLLEGE HEALTHCARE NHS TRUST,12373,4086,7400,0,0,0,5555,23,158,0,0,0,978,49,3002,0,0,1135
2023-06-01,Y03218,NHS ENGLAND LONDON,THE PINN UNREGISTERED WIC,0,0,824,0,0,0,0,0,0,0,0,0,0,0,0,0,0,0
2023-06-01,RN3,NHS ENGLAND SOUTH WEST ,GREAT WESTERN HOSPITALS NHS FOUNDATION TRUST,5433,0,5187,0,0,213,2488,0,333,0,0,10,401,96,2197,0,0,1425
2023-06-01,RNS,NHS ENGLAND MIDLANDS ,NORTHAMPTON GENERAL HOSPITAL NHS TRUST,9020,702,1964,174,0,41,3787,13,62,50,0,4,442,582,1859,0,0,1230
2023-06-01,NQT51,NHS ENGLAND SOUTH EAST ,STATION PLAZA HEALTH CENTRE,0,0,1386,0,0,0,0,0,0,0,0,0,0,0,0,0,0,0
2023-06-01,RM3,NHS ENGLAND NORTH WEST ,NORTHERN CARE ALLIANCE NHS FOUNDATION TRUST,25177,0,7313,0,0,0,9989,0,165,0,0,0,1152,243,6576,0,341,1822
2023-06-01,RMC,NHS ENGLAND NORTH WEST ,BOLTON NHS FOUNDATION TRUST,9931,0,1511,31,0,12,3488,0,176,9,0,0,503,454,1983,0,68,705
2023-06-01,RNU,NHS ENGLAND SOUTH EAST ,OXFORD HEALTH NHS FOUNDATION TRUST,0,0,4739,0,0,0,0,0,385,0,0,0,0,0,0,0,0,0
2023-06-01,RTH,NHS ENGLAND SOUTH EAST ,OXFORD UNIVERSITY HOSPITALS NHS FOUNDATION TRUST,12017,1843,466,1239,0,102,4735,0,8,437,0,0,574,0,3803,135,9,4009
2023-06-01,R0A,NHS ENGLAND NORTH WEST ,MANCHESTER UNIVERSITY NHS FOUNDATION TRUST,21596,3366,14633,1958,382,1020,7850,129,1650,515,9,252,2015,66,5503,184,376,488
2023-06-01,RBL,NHS ENGLAND NORTH WEST ,WIRRAL UNIVERSITY TEACHING HOSPITAL NHS FOUNDATION TRUST,8150,0,2771,162,0,178,4100,0,36,47,0,6,781,128,2040,0,0,1526
2023-06-01,RGR,NHS ENGLAND EAST OF ENGLAND ,WEST SUFFOLK NHS FOUNDATION TRUST,6927,0,675,179,0,0,2031,0,0,55,0,0,334,80,1940,0,0,642
2023-06-01,RHW,NHS ENGLAND SOUTH EAST ,ROYAL BERKSHIRE NHS FOUNDATION TRUST,12210,2489,0,469,0,0,3657,20,0,0,0,0,372,0,2335,1,0,803
2023-06-01,RJR,NHS ENGLAND NORTH WEST ,COUNTESS OF CHESTER HOSPITAL NHS FOUNDATION TRUST,6694,0,353,0,0,0,2643,0,5,0,0,0,319,495,1495,0,0,1107
2023-06-01,RJ1,NHS ENGLAND LONDON,GUY'S AND ST THOMAS' NHS FOUNDATION TRUST,12893,823,2476,0,0,2013,4211,0,3,0,0,0,22,63,3490,0,0,936
2023-06-01,RNQ,NHS ENGLAND MIDLANDS ,KETTERING GENERAL HOSPITAL NHS FOUNDATION TRUST,9107,0,0,336,0,0,4493,0,0,0,0,0,1063,0,1954,0,0,160
2023-06-01,RET,NHS ENGLAND NORTH WEST ,THE WALTON CENTRE NHS FOUNDATION TRUST,0,0,0,0,0,0,0,0,0,0,0,0,0,0,0,0,0,162
2023-06-01,RWF,NHS ENGLAND SOUTH EAST ,MAIDSTONE AND TUNBRIDGE WELLS NHS TRUST,17855,0,2334,0,0,0,2355,0,13,0,0,0,682,0,5756,0,0,1207
2023-06-01,RGT,NHS ENGLAND EAST OF ENGLAND ,CAMBRIDGE UNIVERSITY HOSPITALS NHS FOUNDATION TRUST,9998,0,6770,99,0,49,5206,0,83,56,0,1,760,257,2635,0,23,557
2023-06-01,RBN,NHS ENGLAND NORTH WEST ,ST HELENS AND KNOWSLEY TEACHING HOSPITALS NHS TRUST,10054,0,4456,140,0,0,4591,0,291,20,0,0,194,6,5101,0,0,512
2023-06-01,RX1,NHS ENGLAND MIDLANDS ,NOTTINGHAM UNIVERSITY HOSPITALS NHS TRUST,15277,2030,238,433,0,0,8435,188,160,211,0,0,895,682,3777,0,0,3319
2023-06-01,NLX,NHS ENGLAND SOUTH WEST ,SIRONA CARE & HEALTH,0,0,8335,0,0,186,0,0,541,0,0,39,0,0,0,0,0,0
2023-06-01,RFS,NHS ENGLAND MIDLANDS ,CHESTERFIELD ROYAL HOSPITAL NHS FOUNDATION TRUST,6284,0,2064,203,0,128,2493,0,128,77,0,10,514,17,2513,0,224,622
2023-06-01,G0Q0L,NHS ENGLAND LONDON,BARKING HOSPITAL UTC,0,0,2610,0,0,0,0,0,227,0,0,0,0,0,0,0,0,0
2023-06-01,K6K0R,NHS ENGLAND LONDON,HAROLD WOOD POLYCLINIC UTC,0,0,2505,0,0,0,0,0,263,0,0,0,0,0,0,0,0,0
2024-03-01,NQTE4,NHS ENGLAND MIDLANDS ,SUMMERFIELD URGENT CARE CENTRE,0,0,3571,0,0,0,0,0,0,0,0,0,0,0,0,0,0,0
2024-03-01,RAN,NHS ENGLAND LONDON,ROYAL NATIONAL ORTHOPAEDIC HOSPITAL NHS TRUST,0,0,0,0,0,0,0,0,0,0,0,0,0,0,0,0,0,34
2024-03-01,RC9,NHS ENGLAND EAST OF ENGLAND ,BEDFORDSHIRE HOSPITALS NHS FOUNDATION TRUST,16063,0,8681,0,0,699,6131,0,0,0,0,0,82,6,4818,0,0,2322
2024-03-01,AD913,NHS ENGLAND LONDON,BECKENHAM BEACON UCC,0,0,4049,0,0,192,0,0,37,0,0,0,0,0,0,0,0,0
2024-03-01,NTV0B,NHS ENGLAND SOUTH EAST ,ASHFORD WALK-IN-CENTRE,0,0,2651,0,0,0,0,0,75,0,0,0,0,0,0,0,0,0
2024-03-01,NTV0W,NHS ENGLAND SOUTH EAST ,WOKING WALK IN CENTRE,0,0,2771,0,0,0,0,0,180,0,0,0,0,0,0,0,0,0
2024-03-01,RBQ,NHS ENGLAND NORTH WEST ,LIVERPOOL HEART AND CHEST HOSPITAL NHS FOUNDATION TRUST,0,0,0,0,0,0,0,0,0,0,0,0,0,0,0,0,0,166
2024-03-01,RQX,NHS ENGLAND LONDON,HOMERTON HEALTHCARE NHS FOUNDATION TRUST,11073,0,0,22,0,0,1946,0,0,0,0,0,163,37,1819,0,0,342
2024-03-01,RW1,NHS ENGLAND SOUTH EAST ,SOUTHERN HEALTH NHS FOUNDATION TRUST,0,0,3243,0,0,0,0,0,74,0,0,0,0,0,0,0,1,145
2024-03-01,RWY,NHS ENGLAND NORTH EAST AND YORKSHIRE ,CALDERDALE AND HUDDERSFIELD NHS FOUNDATION TRUST,15474,0,0,0,0,0,3637,0,0,0,0,0,1187,2,3184,0,0,272
2024-03-01,RXL,NHS ENGLAND NORTH WEST ,BLACKPOOL TEACHING HOSPITALS NHS FOUNDATION TRUST,9136,0,10995,339,0,302,4160,0,121,110,0,0,544,439,2800,0,0,1455
2024-03-01,RY5,NHS ENGLAND MIDLANDS ,LINCOLNSHIRE COMMUNITY HEALTH SERVICES NHS TRUST,0,0,10692,0,0,0,0,0,780,0,0,0,0,0,0,0,0,0
2024-03-01,RY8,NHS ENGLAND MIDLANDS ,DERBYSHIRE COMMUNITY HEALTH SERVICES NHS FOUNDATION TRUST,0,0,6751,0,0,1656,0,0,13,0,0,3,0,0,0,0,0,0
2024-03-01,RYF,NHS ENGLAND SOUTH WEST ,SOUTH WESTERN AMBULANCE SERVICE NHS FOUNDATION TRUST,0,0,1727,0,0,25,0,0,90,0,0,2,0,0,0,0,0,0
2024-03-01,Y02532,NHS ENGLAND NORTH WEST ,MIRIAM MINOR EMERGENCY,0,0,1725,0,0,0,0,0,1,0,0,0,0,0,0,0,0,0
2024-03-01,Y02615,NHS ENGLAND MIDLANDS ,SOUTH BIRMINGHAM GP WALK IN CENTRE,0,0,7159,0,0,0,0,0,0,0,0,0,0,0,0,0,0,0
2024-03-01,Y02676,NHS ENGLAND SOUTH EAST ,BRIGHTON STATION HEALTH CENTRE,0,0,1965,0,0,0,0,0,0,0,0,0,0,0,0,0,0,0
2024-03-01,8J094,NHS ENGLAND MIDLANDS ,BADGER LTD,0,0,0,0,0,2193,0,0,0,0,0,0,0,0,0,0,0,0
2024-03-01,ACH01,NHS ENGLAND SOUTH EAST ,WHITSTABLE MEDICAL PRACTICE,0,0,4746,0,0,0,0,0,0,0,0,0,0,0,0,0,0,0
2024-03-01,C82038,NHS ENGLAND MIDLANDS ,LATHAM HOUSE MEDICAL PRACTICE,0,0,242,0,0,0,0,0,0,0,0,0,0,0,0,0,0,0
2024-03-01,L83087,NHS ENGLAND SOUTH WEST ,OKEHAMPTON MEDICAL CENTRE,0,0,83,0,0,0,0,0,0,0,0,0,0,0,0,0,0,0
2024-03-01,NL7,NHS ENGLAND MIDLANDS ,ASSURA VERTIS URGENT CARE CENTRES (BIRMINGHAM),0,0,5061,0,0,0,0,0,0,0,0,0,0,0,0,0,0,0
2024-03-01,NQT5F,NHS ENGLAND NORTH WEST ,SKELMERSDALE WALK IN CENTRE,0,0,2195,0,0,0,0,0,18,0,0,0,0,0,0,0,0,0
2024-03-01,NQT5H,NHS ENGLAND SOUTH WEST ,PAULTON MEMORIAL HOSPITAL,0,0,952,0,0,0,0,0,8,0,0,0,0,0,0,0,0,0
2024-03-01,RJ8,NHS ENGLAND SOUTH WEST ,CORNWALL PARTNERSHIP NHS FOUNDATION TRUST,0,0,0,0,0,0,0,0,0,0,0,0,0,0,0,0,15,63
2024-03-01,RJC,NHS ENGLAND MIDLANDS ,SOUTH WARWICKSHIRE UNIVERSITY NHS FOUNDATION TRUST,8138,0,320,16,0,0,1508,0,0,0,0,0,251,5,2394,0,0,650
2024-03-01,RPC,NHS ENGLAND SOUTH EAST ,QUEEN VICTORIA HOSPITAL NHS FOUNDATION TRUST,0,0,1463,0,0,0,0,0,15,0,0,0,0,0,0,0,4,495
2024-03-01,RV9,NHS ENGLAND NORTH EAST AND YORKSHIRE ,HUMBER TEACHING NHS FOUNDATION TRUST,0,0,1132,0,0,29,0,0,1,0,0,0,0,0,0,0,0,0
2024-03-01,RWA,NHS ENGLAND NORTH EAST AND YORKSHIRE ,HULL UNIVERSITY TEACHING HOSPITALS NHS TRUST,9643,0,4431,0,0,0,5261,0,205,0,0,0,982,424,3472,0,0,1742
2024-03-01,RXG,NHS ENGLAND NORTH EAST AND YORKSHIRE ,SOUTH WEST YORKSHIRE PARTNERSHIP NHS FOUNDATION TRUST,0,0,0,0,0,0,0,0,0,0,0,0,0,0,0,0,0,114
2024-03-01,Y03007,NHS ENGLAND MIDLANDS ,ERDINGTON GP HEALTH & WELLBEING WIC,0,0,0,0,0,2181,0,0,0,0,0,0,0,0,0,0,0,0
2024-03-01,AAH,NHS ENGLAND SOUTH WEST ,TETBURY HOSPITAL TRUST LTD,0,0,532,0,0,0,0,0,1,0,0,0,0,0,0,0,0,0
2024-03-01,AQN04,NHS ENGLAND SOUTH EAST ,PHL LYMINGTON UTC,0,0,3015,0,0,25,0,0,12,0,0,0,0,0,0,0,0,0
2024-03-01,C82009,NHS ENGLAND MIDLANDS ,MARKET HARBOROUGH MED.CTR,0,0,342,0,0,0,0,0,0,0,0,0,0,0,0,0,0,0
2024-03-01,NR3,NHS ENGLAND MIDLANDS ,NOTTINGHAM CITYCARE PARTNERSHIP,0,0,5828,0,0,280,0,0,1426,0,0,0,0,0,0,0,0,0
2024-03-01,RK9,NHS ENGLAND SOUTH WEST ,UNIVERSITY HOSPITALS PLYMOUTH NHS TRUST,8795,131,4712,0,0,0,5764,0,521,0,0,0,667,670,2693,0,0,1232
2024-03-01,RLQ,NHS ENGLAND MIDLANDS ,WYE VALLEY NHS TRUST,6221,1229,0,156,0,0,2580,0,0,44,0,0,429,247,2104,0,0,693
2024-03-01,RNS,NHS ENGLAND MIDLANDS ,NORTHAMPTON GENERAL HOSPITAL NHS TRUST,12125,575,2641,39,0,4,3940,14,98,12,0,0,302,1005,2000,0,0,1256
2024-03-01,RQ3,NHS ENGLAND MIDLANDS ,BIRMINGHAM WOMEN'S AND CHILDREN'S NHS FOUNDATION TRUST,5690,0,0,0,0,0,1458,0,0,0,0,0,0,6,1093,0,0,219
2024-03-01,RRV,NHS ENGLAND LONDON,UNIVERSITY COLLEGE LONDON HOSPITALS NHS FOUNDATION TRUST,13018,0,0,484,0,0,4102,0,0,0,0,0,409,89,1436,0,0,272
2024-03-01,Y02147,NHS ENGLAND LONDON,URGENT CARE CENTRE (QMS),0,0,8208,0,0,619,0,0,623,0,0,11,0,0,0,0,0,0
2024-03-01,NTP11,NHS ENGLAND SOUTH EAST ,PRACTICE PLUS GROUP HOSPITAL - SOUTHAMPTON,0,0,5658,0,0,0,0,0,280,0,0,0,0,0,0,0,0,0
2024-03-01,RDY,NHS ENGLAND SOUTH WEST ,DORSET HEALTHCARE UNIVERSITY NHS FOUNDATION TRUST,0,0,0,0,0,0,0,0,0,0,0,0,0,0,0,0,4,4
2024-03-01,RFF,NHS ENGLAND NORTH EAST AND YORKSHIRE ,BARNSLEY HOSPITAL NHS FOUNDATION TRUST,8546,0,0,451,0,0,2356,0,0,0,0,0,327,0,3034,0,0,592
2024-03-01,RR7,NHS ENGLAND NORTH EAST AND YORKSHIRE ,GATESHEAD HEALTH NHS FOUNDATION TRUST,5955,0,3933,40,0,40,2709,0,43,21,0,0,882,0,1852,0,0,803
2024-03-01,AXG,NHS ENGLAND SOUTH WEST ,WILTSHIRE HEALTH & CARE,0,0,2373,0,0,38,0,0,23,0,0,0,0,0,0,0,0,0
2024-03-01,RCD,NHS ENGLAND NORTH EAST AND YORKSHIRE ,HARROGATE AND DISTRICT NHS FOUNDATION TRUST,4955,0,731,188,0,19,1248,0,0,36,0,0,332,35,1344,0,0,491
2024-03-01,RFR,NHS ENGLAND NORTH EAST AND YORKSHIRE ,THE ROTHERHAM NHS FOUNDATION TRUST,8946,0,0,0,0,0,3320,0,0,0,0,0,814,7,3109,0,0,541
2024-03-01,RJR,NHS ENGLAND NORTH WEST ,COUNTESS OF CHESTER HOSPITAL NHS FOUNDATION TRUST,6341,0,986,0,0,0,3367,0,126,0,0,0,339,631,1761,0,0,1257
2024-03-01,RNU,NHS ENGLAND SOUTH EAST ,OXFORD HEALTH NHS FOUNDATION TRUST,0,0,3553,0,0,0,0,0,476,0,0,0,0,0,0,0,0,0
2024-03-01,Y00751,NHS ENGLAND SOUTH EAST ,EAST BERKS PRIMARY CARE OOH(WAM),0,0,0,0,0,0,0,0,0,0,0,0,0,0,0,0,0,0
2024-03-01,NTPAD,NHS ENGLAND SOUTH EAST ,PRACTICE PLUS GROUP SURGICAL CENTRE - ST MARYS PORTSMOUTH,0,0,6016,0,0,259,0,0,254,0,0,12,0,0,0,0,0,0
2024-03-01,R1F,NHS ENGLAND SOUTH EAST ,ISLE OF WIGHT NHS TRUST,4273,0,1937,31,0,26,2002,0,0,17,0,0,265,140,1111,0,0,310
2024-03-01,RBS,NHS ENGLAND NORTH WEST ,ALDER HEY CHILDREN'S NHS FOUNDATION TRUST,6895,0,0,0,0,0,1073,0,0,0,0,0,0,0,1038,0,0,366
2024-03-01,REM,NHS ENGLAND NORTH WEST ,LIVERPOOL UNIVERSITY HOSPITALS NHS FOUNDATION TRUST,17661,197,8835,430,0,0,7801,0,576,59,0,0,2226,1390,5318,0,0,2577
2024-03-01,RTP,NHS ENGLAND SOUTH EAST ,SURREY AND SUSSEX HEALTHCARE NHS TRUST,10912,0,0,0,0,0,3341,0,0,0,0,0,579,491,3179,0,0,883
2024-03-01,RTQ,NHS ENGLAND SOUTH WEST ,GLOUCESTERSHIRE HEALTH AND CARE NHS FOUNDATION TRUST,0,0,6610,0,0,0,0,0,22,0,0,0,0,0,0,0,0,27
2024-03-01,RTX,NHS ENGLAND NORTH WEST ,UNIVERSITY HOSPITALS OF MORECAMBE BAY NHS FOUNDATION TRUST,8260,0,4419,122,0,605,3216,0,199,31,0,36,633,497,3073,0,45,971
2024-03-01,RW4,NHS ENGLAND NORTH WEST ,MERSEY CARE NHS FOUNDATION TRUST,0,0,12633,0,0,0,0,0,1130,0,0,0,0,0,0,0,0,58
2024-03-01,RXF,NHS ENGLAND NORTH EAST AND YORKSHIRE ,MID YORKSHIRE TEACHING NHS TRUST,17595,116,6280,124,0,124,6696,0,431,9,0,0,2334,139,3637,0,171,980
2024-03-01,Y03218,NHS ENGLAND LONDON,THE PINN UNREGISTERED WIC,0,0,1060,0,0,0,0,0,0,0,0,0,0,0,0,0,0,0
2024-03-01,NDJ,NHS ENGLAND SOUTH EAST ,FIRST COMMUNITY HEALTH AND CARE CIC,0,0,2301,0,0,0,0,0,0,0,0,0,0,0,0,0,0,0
2024-03-01,NV693,NHS ENGLAND NORTH WEST ,ROSSENDALE MIU & OOH,0,0,934,0,0,0,0,0,2,0,0,0,0,0,0,0,0,0
2024-03-01,R0B,NHS ENGLAND NORTH EAST AND YORKSHIRE ,SOUTH TYNESIDE AND SUNDERLAND NHS FOUNDATION TRUST,12058,1268,6472,484,0,1525,5495,18,136,232,0,39,814,0,4584,19,0,1333
2024-03-01,R0D,NHS ENGLAND SOUTH WEST ,UNIVERSITY HOSPITALS DORSET NHS FOUNDATION TRUST,13999,0,4423,0,0,0,5492,0,0,0,0,0,968,189,4282,1,0,2287
2024-03-01,R1K,NHS ENGLAND LONDON,LONDON NORTH WEST UNIVERSITY HEALTHCARE NHS TRUST,14360,0,15664,0,0,0,6718,0,270,0,0,0,777,464,7268,0,0,401
2024-03-01,RA7,NHS ENGLAND SOUTH WEST ,UNIVERSITY HOSPITALS BRISTOL AND WESTON NHS FOUNDATION TRUST,16646,2309,0,0,0,0,5786,76,0,0,0,0,1229,249,5849,10,0,1608
2024-03-01,RAE,NHS ENGLAND NORTH EAST AND YORKSHIRE ,BRADFORD TEACHING HOSPITALS NHS FOUNDATION TRUST,9550,876,3206,0,0,0,2363,0,0,0,0,0,698,31,2521,0,106,1497
2024-03-01,RAX,NHS ENGLAND LONDON,KINGSTON HOSPITAL NHS FOUNDATION TRUST,7719,0,8619,0,0,0,3793,0,403,0,0,0,381,334,2209,0,170,646
2024-03-01,RDU,NHS ENGLAND SOUTH EAST ,FRIMLEY HEALTH NHS FOUNDATION TRUST,23412,993,11851,0,0,0,8625,0,0,0,0,0,2234,218,6440,0,0,294
2024-03-01,RF4,NHS ENGLAND LONDON,"BARKING, HAVERING AND REDBRIDGE UNIVERSITY HOSPITALS NHS TRUST",13244,2485,14761,0,0,0,6042,423,374,0,0,0,737,715,7810,0,0,461
2024-03-01,RGN,NHS ENGLAND EAST OF ENGLAND ,NORTH WEST ANGLIA NHS FOUNDATION TRUST,13327,0,4950,609,0,590,5455,0,552,143,0,53,586,614,3354,0,154,1727
2024-03-01,RJE,NHS ENGLAND MIDLANDS ,UNIVERSITY HOSPITALS OF NORTH MIDLANDS NHS TRUST,13499,446,8446,558,0,361,6665,0,65,200,0,6,789,1037,6019,0,0,2944
2024-03-01,RJN,NHS ENGLAND NORTH WEST ,EAST CHESHIRE NHS TRUST,4495,0,0,43,0,23,2119,0,0,0,0,0,248,280,929,0,0,196
2024-03-01,RLT,NHS ENGLAND MIDLANDS ,GEORGE ELIOT HOSPITAL NHS TRUST,6916,0,1822,0,0,0,1967,0,20,0,0,0,544,247,1010,0,0,30
2024-03-01,RN7,NHS ENGLAND SOUTH EAST ,DARTFORD AND GRAVESHAM NHS TRUST,12064,0,3698,0,0,0,4262,0,34,0,0,0,1108,88,3074,0,0,459
2024-03-01,RNQ,NHS ENGLAND MIDLANDS ,KETTERING GENERAL HOSPITAL NHS FOUNDATION TRUST,10150,0,2323,502,0,0,3556,0,68,0,0,0,1437,0,2100,0,0,191
2024-03-01,RNZ,NHS ENGLAND SOUTH WEST ,SALISBURY NHS FOUNDATION TRUST,4663,294,2148,306,0,0,1754,0,0,109,0,0,469,0,1457,0,0,936
2024-03-01,RP6,NHS ENGLAND LONDON,MOORFIELDS EYE HOSPITAL NHS FOUNDATION TRUST,0,5700,0,0,0,0,0,268,0,0,0,0,0,0,0,2,0,190
2024-03-01,RQM,NHS ENGLAND LONDON,CHELSEA AND WESTMINSTER HOSPITAL NHS FOUNDATION TRUST,20106,0,6588,736,0,0,4714,0,193,0,0,0,943,41,2788,0,0,378
2024-03-01,RQW,NHS ENGLAND EAST OF ENGLAND ,THE PRINCESS ALEXANDRA HOSPITAL NHS TRUST,8471,0,2280,0,0,912,4024,0,0,0,0,0,433,101,2189,0,0,406
2024-03-01,RTD,NHS ENGLAND NORTH EAST AND YORKSHIRE ,THE NEWCASTLE UPON TYNE HOSPITALS NHS FOUNDATION TRUST,12923,1527,5490,0,0,918,5559,107,0,0,0,0,601,32,3791,23,0,2784
2024-03-01,RWF,NHS ENGLAND SOUTH EAST ,MAIDSTONE AND TUNBRIDGE WELLS NHS TRUST,19264,0,2329,713,0,158,2974,0,16,73,0,3,687,12,5478,0,0,932
2024-03-01,RWJ,NHS ENGLAND NORTH WEST ,STOCKPORT NHS FOUNDATION TRUST,9038,0,0,615,0,0,3565,0,0,193,0,0,856,349,2624,0,0,794
2024-03-01,RWP,NHS ENGLAND MIDLANDS ,WORCESTERSHIRE ACUTE HOSPITALS NHS TRUST,12885,0,5474,180,0,0,5864,0,12,60,0,0,1144,301,3843,0,0,1505
2024-03-01,RXQ,NHS ENGLAND SOUTH EAST ,BUCKINGHAMSHIRE HEALTHCARE NHS TRUST,10269,1223,3942,1,0,0,3806,0,110,1,0,0,327,149,4821,844,0,996
2024-03-01,RXR,NHS ENGLAND NORTH WEST ,EAST LANCASHIRE HOSPITALS NHS TRUST,12894,0,10058,0,0,0,4442,0,617,0,0,0,388,1192,3313,0,97,1858
2024-03-01,RY4,NHS ENGLAND EAST OF ENGLAND ,HERTFORDSHIRE COMMUNITY NHS TRUST,0,0,941,0,0,0,0,0,22,0,0,0,0,0,0,0,0,0
2024-03-01,RY7,NHS ENGLAND NORTH WEST ,WIRRAL COMMUNITY HEALTH AND CARE NHS FOUNDATION TRUST,0,0,4618,0,0,0,0,0,293,0,0,0,0,0,0,0,0,0
2024-03-01,NNJ07,NHS ENGLAND MIDLANDS ,LOUGHBOROUGH URGENT CARE CENTRE,0,0,5920,0,0,641,0,0,3,0,0,1,0,0,0,0,0,0
2024-03-01,NNJ0H,NHS ENGLAND MIDLANDS ,LLR EA - THE MERLYN VAZ HEALTH & SOCIAL CARE CENTRE,0,0,205,0,0,2263,0,0,0,0,0,0,0,0,0,0,0,0
2024-03-01,NNJ12,NHS ENGLAND MIDLANDS ,MARKET HARBOROUGH,0,0,137,0,0,398,0,0,0,0,0,0,0,0,0,0,0,0
2024-03-01,NNJ13,NHS ENGLAND MIDLANDS ,MELTON MOWBRAY,0,0,78,0,0,374,0,0,0,0,0,0,0,0,0,0,0,0
2024-03-01,NNJ14,NHS ENGLAND MIDLANDS ,OADBY,0,0,1614,0,0,2572,0,0,0,0,0,0,0,0,0,0,0,0
2024-03-01,NNJ15,NHS ENGLAND MIDLANDS ,OAKHAM,0,0,88,0,0,419,0,0,0,0,0,0,0,0,0,0,0,0
2024-03-01,RA2,NHS ENGLAND SOUTH EAST ,ROYAL SURREY COUNTY HOSPITAL NHS FOUNDATION TRUST,6805,0,1423,715,0,18,1606,0,0,143,0,0,258,0,2569,0,0,1079
2024-03-01,RAJ,NHS ENGLAND EAST OF ENGLAND ,MID AND SOUTH ESSEX NHS FOUNDATION TRUST,31165,0,5972,590,0,145,9804,0,285,147,0,3,2886,7,9313,0,183,1269
2024-03-01,RBK,NHS ENGLAND MIDLANDS ,WALSALL HEALTHCARE NHS TRUST,8749,0,4337,443,0,151,2694,0,244,59,0,0,936,50,3720,0,0,792
2024-03-01,RCU,NHS ENGLAND NORTH EAST AND YORKSHIRE ,SHEFFIELD CHILDREN'S NHS FOUNDATION TRUST,4945,0,460,315,0,26,663,0,0,38,0,0,16,0,1060,0,0,118
2024-03-01,RDR,NHS ENGLAND SOUTH EAST ,SUSSEX COMMUNITY NHS FOUNDATION TRUST,0,0,12287,0,0,0,0,0,368,0,0,0,0,0,0,0,0,0
2024-03-01,REP,NHS ENGLAND NORTH WEST ,LIVERPOOL WOMEN'S NHS FOUNDATION TRUST,0,1249,0,0,158,0,0,120,0,0,0,0,0,0,0,79,0,19
2024-03-01,RGP,NHS ENGLAND EAST OF ENGLAND ,JAMES PAGET UNIVERSITY HOSPITALS NHS FOUNDATION TRUST,6982,0,1776,101,0,0,2271,0,0,25,0,0,670,370,1731,0,0,440
2024-03-01,RGT,NHS ENGLAND EAST OF ENGLAND ,CAMBRIDGE UNIVERSITY HOSPITALS NHS FOUNDATION TRUST,10439,0,6041,626,0,501,4657,0,107,244,0,17,556,616,2860,0,30,425
2024-03-01,RH5,NHS ENGLAND SOUTH WEST ,SOMERSET NHS FOUNDATION TRUST,13225,0,10379,0,0,0,4600,0,221,0,0,0,480,49,3290,0,0,2160
2024-03-01,RHM,NHS ENGLAND SOUTH EAST ,UNIVERSITY HOSPITAL SOUTHAMPTON NHS FOUNDATION TRUST,12031,1364,0,164,0,0,3412,140,0,35,0,0,398,7,3677,17,0,1578
2024-03-01,RJZ,NHS ENGLAND LONDON,KING'S COLLEGE HOSPITAL NHS FOUNDATION TRUST,16265,0,9742,82,0,1315,7591,0,786,20,0,166,1770,746,3655,0,0,521
2024-03-01,RKB,NHS ENGLAND MIDLANDS ,UNIVERSITY HOSPITALS COVENTRY AND WARWICKSHIRE NHS TRUST,11838,1824,8387,44,0,123,4881,80,204,16,0,1,246,66,3058,119,92,1630
2024-03-01,RL1,NHS ENGLAND MIDLANDS ,THE ROBERT JONES AND AGNES HUNT ORTHOPAEDIC HOSPITAL NHS FOUNDATION TRUST,0,0,0,0,0,0,0,0,0,0,0,0,0,0,0,0,0,26
2024-03-01,RNN,NHS ENGLAND NORTH EAST AND YORKSHIRE ,NORTH CUMBRIA INTEGRATED CARE NHS FOUNDATION TRUST,9079,0,1906,339,0,27,4242,0,19,82,0,0,705,727,2328,0,0,814
2024-03-01,RTE,NHS ENGLAND SOUTH WEST ,GLOUCESTERSHIRE HOSPITALS NHS FOUNDATION TRUST,12817,0,0,168,0,0,5391,0,0,60,0,0,413,847,2751,0,0,1808
2024-03-01,RTK,NHS ENGLAND SOUTH EAST ,ASHFORD AND ST PETER'S HOSPITALS NHS FOUNDATION TRUST,10373,0,0,0,0,0,3438,0,0,0,0,0,669,233,3121,0,0,453
2024-03-01,RTR,NHS ENGLAND NORTH EAST AND YORKSHIRE ,SOUTH TEES HOSPITALS NHS FOUNDATION TRUST,10602,0,5010,0,0,383,4494,0,346,0,0,13,626,37,2704,0,146,2254
2024-03-01,RVR,NHS ENGLAND LONDON,EPSOM AND ST HELIER UNIVERSITY HOSPITALS NHS TRUST,13481,315,0,446,0,0,3270,0,0,39,0,0,360,616,1961,6,0,128
2024-03-01,RVW,NHS ENGLAND NORTH EAST AND YORKSHIRE ,NORTH TEES AND HARTLEPOOL NHS FOUNDATION TRUST,4953,0,12358,0,0,0,2080,0,87,0,0,0,108,0,1778,0,538,2182
2024-03-01,RWE,NHS ENGLAND MIDLANDS ,UNIVERSITY HOSPITALS OF LEICESTER NHS TRUST,21708,1886,0,0,0,0,9701,114,0,0,0,0,1637,982,6265,3,0,3542
2024-03-01,RWW,NHS ENGLAND NORTH WEST ,WARRINGTON AND HALTON TEACHING HOSPITALS NHS FOUNDATION TRUST,7199,0,3441,237,0,98,3635,0,175,95,0,5,673,726,1831,0,0,231
2024-03-01,RXP,NHS ENGLAND NORTH EAST AND YORKSHIRE ,COUNTY DURHAM AND DARLINGTON NHS FOUNDATION TRUST,13187,0,4618,0,0,7490,5625,0,0,0,0,0,2221,17,4700,0,0,767
2024-03-01,RYX,NHS ENGLAND LONDON,CENTRAL LONDON COMMUNITY HEALTHCARE NHS TRUST,0,0,10328,0,0,606,0,0,298,0,0,7,0,0,0,0,0,0
2024-03-01,ARN03,NHS ENGLAND NORTH EAST AND YORKSHIRE ,LOCAL CARE DIRECT,0,0,2380,0,0,304,0,0,0,0,0,0,0,0,0,0,0,0
2024-03-01,NNF09,NHS ENGLAND NORTH EAST AND YORKSHIRE ,BRANSHOLME HEALTH CENTRE,0,0,4092,0,0,0,0,0,769,0,0,0,0,0,0,0,0,0
2024-03-01,NNF94,NHS ENGLAND NORTH EAST AND YORKSHIRE ,EAST RIDING COMMUNITY HOSPITAL,0,0,2691,0,0,0,0,0,399,0,0,0,0,0,0,0,0,0
2024-03-01,NNFA7,NHS ENGLAND NORTH EAST AND YORKSHIRE ,GOOLE & DISTRICT HOSPITAL,0,0,1599,0,0,0,0,0,64,0,0,0,0,0,0,0,0,0
2024-03-01,R1D,NHS ENGLAND MIDLANDS ,SHROPSHIRE COMMUNITY HEALTH NHS TRUST,0,0,3181,0,0,0,0,0,1,0,0,0,0,0,0,0,0,2
2024-03-01,RAP,NHS ENGLAND LONDON,NORTH MIDDLESEX UNIVERSITY HOSPITAL NHS TRUST,8510,446,7860,101,0,162,4607,0,1241,52,0,23,263,852,1602,0,0,160
2024-03-01,RAS,NHS ENGLAND LONDON,THE HILLINGDON HOSPITALS NHS FOUNDATION TRUST,6088,0,7142,0,0,0,2830,0,22,0,0,0,380,8,2894,0,0,202
2024-03-01,RBD,NHS ENGLAND SOUTH WEST ,DORSET COUNTY HOSPITAL NHS FOUNDATION TRUST,4473,0,0,330,0,3987,1793,0,0,92,0,11,208,40,1885,0,0,521
2024-03-01,RBT,NHS ENGLAND NORTH WEST ,MID CHESHIRE HOSPITALS NHS FOUNDATION TRUST,7544,0,2879,106,0,44,4106,0,42,19,0,0,640,532,2016,0,0,1071
2024-03-01,RCB,NHS ENGLAND NORTH EAST AND YORKSHIRE ,YORK AND SCARBOROUGH TEACHING HOSPITALS NHS FOUNDATION TRUST,10880,394,8665,0,0,484,6378,0,270,0,0,19,972,722,4553,2,0,1570
2024-03-01,RD1,NHS ENGLAND SOUTH WEST ,ROYAL UNITED HOSPITALS BATH NHS FOUNDATION TRUST,9246,0,0,0,0,0,3495,0,0,0,0,0,727,16,2659,0,8,1619
2024-03-01,RD8,NHS ENGLAND EAST OF ENGLAND ,MILTON KEYNES UNIVERSITY HOSPITAL NHS FOUNDATION TRUST,8282,0,5808,509,0,154,2901,0,137,186,0,0,558,0,2232,0,0,430
2024-03-01,RDE,NHS ENGLAND EAST OF ENGLAND ,EAST SUFFOLK AND NORTH ESSEX NHS FOUNDATION TRUST,15474,0,13882,810,0,221,5498,0,226,0,0,0,996,408,6850,0,376,1054
2024-03-01,RET,NHS ENGLAND NORTH WEST ,THE WALTON CENTRE NHS FOUNDATION TRUST,0,0,0,0,0,0,0,0,0,0,0,0,0,0,0,0,0,163
2024-03-01,RFS,NHS ENGLAND MIDLANDS ,CHESTERFIELD ROYAL HOSPITAL NHS FOUNDATION TRUST,7049,0,1630,252,0,127,3195,0,229,84,0,14,700,74,2812,0,248,736
2024-03-01,RH8,NHS ENGLAND SOUTH WEST ,ROYAL DEVON UNIVERSITY HEALTHCARE NHS FOUNDATION TRUST,12532,485,4223,1312,0,55,3684,63,37,309,0,2,827,40,4322,0,0,2188
2024-03-01,RHQ,NHS ENGLAND NORTH EAST AND YORKSHIRE ,SHEFFIELD TEACHING HOSPITALS NHS FOUNDATION TRUST,9145,1013,7905,378,1,1208,4633,0,262,157,0,31,1421,9,3801,0,0,2759
2024-03-01,RHW,NHS ENGLAND SOUTH EAST ,ROYAL BERKSHIRE NHS FOUNDATION TRUST,12492,2297,0,847,0,0,4886,20,0,0,0,0,780,0,2646,3,0,802
2024-03-01,RJ1,NHS ENGLAND LONDON,GUY'S AND ST THOMAS' NHS FOUNDATION TRUST,10903,756,6467,0,0,0,4114,0,326,0,0,0,135,32,2631,0,0,263
2024-03-01,RJ6,NHS ENGLAND LONDON,CROYDON HEALTH SERVICES NHS TRUST,13691,0,5528,10,0,0,4596,0,0,7,0,0,438,565,1473,0,0,125
2024-03-01,RK5,NHS ENGLAND MIDLANDS ,SHERWOOD FOREST HOSPITALS NHS FOUNDATION TRUST,11030,0,5857,18,0,136,4186,0,549,6,0,3,739,107,3535,0,1,419
2024-03-01,RM1,NHS ENGLAND EAST OF ENGLAND ,NORFOLK AND NORWICH UNIVERSITY HOSPITALS NHS FOUNDATION TRUST,12008,0,9825,468,0,1,4279,0,2,104,0,0,798,151,2631,0,0,1762
2024-03-01,RM3,NHS ENGLAND NORTH WEST ,NORTHERN CARE ALLIANCE NHS FOUNDATION TRUST,25891,0,9136,0,0,0,11273,0,161,0,0,0,1496,621,7384,0,397,1614
2024-03-01,RMP,NHS ENGLAND NORTH WEST ,TAMESIDE AND GLOSSOP INTEGRATED CARE NHS FOUNDATION TRUST,8044,0,2978,390,0,269,4676,0,0,0,0,0,575,113,2519,0,0,594
2024-03-01,RN5,NHS ENGLAND SOUTH EAST ,HAMPSHIRE HOSPITALS NHS FOUNDATION TRUST,12751,158,494,0,0,130,5240,0,1,0,0,1,858,46,4223,4,0,1148
2024-03-01,RNA,NHS ENGLAND MIDLANDS ,THE DUDLEY GROUP NHS FOUNDATION TRUST,9525,0,5057,145,0,735,3064,0,219,16,0,0,1935,98,3444,0,0,2060
2024-03-01,RP5,NHS ENGLAND NORTH EAST AND YORKSHIRE ,DONCASTER AND BASSETLAW TEACHING HOSPITALS NHS FOUNDATION TRUST,13355,0,3809,0,0,0,4101,0,1,0,0,0,823,174,3715,0,471,1218
2024-03-01,RR8,NHS ENGLAND NORTH EAST AND YORKSHIRE ,LEEDS TEACHING HOSPITALS NHS TRUST,17985,713,13073,51,0,43,7158,0,214,16,0,0,1710,371,3822,0,0,1195
2024-03-01,RVJ,NHS ENGLAND SOUTH WEST ,NORTH BRISTOL NHS TRUST,9405,0,0,45,0,0,3408,0,0,16,0,0,723,260,2876,0,0,1912
2024-03-01,RWD,NHS ENGLAND MIDLANDS ,UNITED LINCOLNSHIRE HOSPITALS NHS TRUST,10655,0,10715,0,0,0,6921,0,1507,0,0,0,1135,919,4411,0,0,1229
2024-03-01,RWG,NHS ENGLAND EAST OF ENGLAND ,WEST HERTFORDSHIRE TEACHING HOSPITALS NHS TRUST,8393,0,8392,0,0,504,3228,0,548,0,0,0,1017,44,3984,0,0,570
2024-03-01,RWH,NHS ENGLAND EAST OF ENGLAND ,EAST AND NORTH HERTFORDSHIRE NHS TRUST,9645,0,7211,13,0,484,4609,0,37,7,0,1,249,37,3297,0,101,305
2024-03-01,RX1,NHS ENGLAND MIDLANDS ,NOTTINGHAM UNIVERSITY HOSPITALS NHS TRUST,15724,2012,290,530,0,0,8164,78,6,280,0,0,823,503,4145,0,0,3874
2024-03-01,RXN,NHS ENGLAND NORTH WEST ,LANCASHIRE TEACHING HOSPITALS NHS FOUNDATION TRUST,12327,0,4326,282,0,105,5210,0,274,79,0,0,1038,476,2970,0,189,1442
2024-03-01,RXW,NHS ENGLAND MIDLANDS ,THE SHREWSBURY AND TELFORD HOSPITAL NHS TRUST,10819,0,2379,102,0,504,6335,0,401,32,0,7,487,844,2990,0,52,2307
2024-03-01,RYG,NHS ENGLAND MIDLANDS ,COVENTRY AND WARWICKSHIRE PARTNERSHIP NHS TRUST,0,0,0,0,0,0,0,0,0,0,0,0,0,0,0,0,2,74
2024-03-01,RYJ,NHS ENGLAND LONDON,IMPERIAL COLLEGE HEALTHCARE NHS TRUST,12195,3881,7240,0,0,366,4572,17,657,0,0,0,624,108,4283,0,0,1185
2024-03-01,AJN,NHS ENGLAND NORTH EAST AND YORKSHIRE ,WORKINGTON HEALTH LIMITED,0,0,334,0,0,0,0,0,0,0,0,0,0,0,0,0,0,0
2024-03-01,C83023,NHS ENGLAND MIDLANDS ,SLEAFORD MEDICAL GROUP,0,0,614,0,0,0,0,0,0,0,0,0,0,0,0,0,0,10
2024-03-01,R1H,NHS ENGLAND LONDON,BARTS HEALTH NHS TRUST,25521,924,18063,0,0,0,10915,34,1053,0,0,0,1076,1472,5272,0,0,1151
2024-03-01,RCF,NHS ENGLAND NORTH EAST AND YORKSHIRE ,AIREDALE NHS FOUNDATION TRUST,5682,264,20,527,0,0,2019,0,0,0,0,0,336,46,1630,0,0,592
2024-03-01,RCX,NHS ENGLAND EAST OF ENGLAND ,"THE QUEEN ELIZABETH HOSPITAL, KING'S LYNN, NHS FOUNDATION TRUST",6694,0,1354,11,0,0,2357,0,0,1,0,0,340,161,2418,0,0,673
2024-03-01,REF,NHS ENGLAND SOUTH WEST ,ROYAL CORNWALL HOSPITALS NHS TRUST,6214,0,11738,0,0,0,3563,0,659,0,0,0,455,649,2116,0,57,1062
2024-03-01,RJ2,NHS ENGLAND LONDON,LEWISHAM AND GREENWICH NHS TRUST,14639,0,12266,42,0,0,8325,0,1777,8,0,0,1105,776,3717,0,0,1386
2024-03-01,RKE,NHS ENGLAND LONDON,WHITTINGTON HEALTH NHS TRUST,9562,0,0,0,0,0,2574,0,0,0,0,0,304,364,1111,0,0,47
2024-03-01,RTF,NHS ENGLAND NORTH EAST AND YORKSHIRE ,NORTHUMBRIA HEALTHCARE NHS FOUNDATION TRUST,10269,0,12670,0,0,0,3651,0,15,0,0,0,77,1,5160,0,88,1320
2024-03-01,RTG,NHS ENGLAND MIDLANDS ,UNIVERSITY HOSPITALS OF DERBY AND BURTON NHS FOUNDATION TRUST,21347,0,10491,392,0,48,8062,0,9,109,0,2,1058,428,4342,0,8,2284
2024-03-01,RWX,NHS ENGLAND SOUTH EAST ,BERKSHIRE HEALTHCARE NHS FOUNDATION TRUST,0,0,1546,0,0,0,0,0,10,0,0,0,0,0,0,0,40,0
2024-03-01,RXC,NHS ENGLAND SOUTH EAST ,EAST SUSSEX HEALTHCARE NHS TRUST,10088,0,2555,940,0,1124,3054,0,34,0,0,0,210,0,3794,0,0,533
2024-03-01,RXK,NHS ENGLAND MIDLANDS ,SANDWELL AND WEST BIRMINGHAM HOSPITALS NHS TRUST,14571,1140,10774,1125,0,0,7225,168,876,255,0,0,1793,421,2916,0,0,499
2024-03-01,R0A,NHS ENGLAND NORTH WEST ,MANCHESTER UNIVERSITY NHS FOUNDATION TRUST,25564,3414,12307,2965,414,854,12133,110,858,1393,8,119,3891,620,5783,195,166,464
2024-03-01,RBV,NHS ENGLAND NORTH WEST ,THE CHRISTIE NHS FOUNDATION TRUST,0,0,0,0,0,0,0,0,0,0,0,0,0,0,0,0,0,676
2024-03-01,NNJ,NHS ENGLAND MIDLANDS ,DHU HEALTH CARE C.I.C,0,0,2349,0,0,0,0,0,19,0,0,0,0,0,0,0,0,0
2024-03-01,NQT51,NHS ENGLAND SOUTH EAST ,STATION PLAZA HEALTH CENTRE,0,0,1559,0,0,0,0,0,0,0,0,0,0,0,0,0,0,0
2024-03-01,Y02428,NHS ENGLAND EAST OF ENGLAND ,PUTNOE WALK IN CENTRE,0,0,3493,0,0,0,0,0,0,0,0,0,0,0,0,0,0,0
2024-03-01,DT301,NHS ENGLAND EAST OF ENGLAND ,HERTS URGENT CARE (ASCOTS LANE),0,0,2384,0,0,0,0,0,35,0,0,0,0,0,0,0,0,0
2024-03-01,RAL,NHS ENGLAND LONDON,ROYAL FREE LONDON NHS FOUNDATION TRUST,19364,0,8638,0,0,0,8200,0,354,0,0,0,1016,751,4012,0,0,592
2024-03-01,RJ7,NHS ENGLAND LONDON,ST GEORGE'S UNIVERSITY HOSPITALS NHS FOUNDATION TRUST,9144,0,3209,1072,0,0,2383,0,0,130,0,0,402,746,2640,0,0,678
2024-03-01,RMC,NHS ENGLAND NORTH WEST ,BOLTON NHS FOUNDATION TRUST,7941,0,3287,48,0,36,3974,0,387,16,0,5,460,654,2267,0,109,747
2024-03-01,RPA,NHS ENGLAND SOUTH EAST ,MEDWAY NHS FOUNDATION TRUST,9537,0,7107,467,0,1166,2988,0,1053,83,0,0,414,798,2440,0,0,1110
2024-03-01,RRK,NHS ENGLAND MIDLANDS ,UNIVERSITY HOSPITALS BIRMINGHAM NHS FOUNDATION TRUST,33705,268,1422,79,0,231,14326,0,11,22,0,3,2462,2220,11156,0,0,4739
2024-03-01,RY2,NHS ENGLAND NORTH WEST ,BRIDGEWATER COMMUNITY HEALTHCARE NHS FOUNDATION TRUST,0,0,3837,0,0,210,0,0,6,0,0,0,0,0,0,0,0,0
2024-03-01,RBL,NHS ENGLAND NORTH WEST ,WIRRAL UNIVERSITY TEACHING HOSPITAL NHS FOUNDATION TRUST,8050,0,3087,149,0,181,4332,0,67,52,0,9,705,587,2102,0,0,1788
2024-03-01,RJL,NHS ENGLAND NORTH EAST AND YORKSHIRE ,NORTHERN LINCOLNSHIRE AND GOOLE NHS FOUNDATION TRUST,15829,0,0,0,0,0,5324,0,0,0,0,0,707,926,4862,0,0,354
2024-03-01,RBN,NHS ENGLAND NORTH WEST ,MERSEY AND WEST LANCASHIRE TEACHING HOSPITALS NHS TRUST,18465,0,7972,386,0,0,6876,0,420,64,0,0,591,344,7529,0,0,609
2024-03-01,RGR,NHS ENGLAND EAST OF ENGLAND ,WEST SUFFOLK NHS FOUNDATION TRUST,7863,0,834,76,0,0,2285,0,0,0,0,0,551,398,2217,0,0,632
2024-03-01,RHU,NHS ENGLAND SOUTH EAST ,PORTSMOUTH HOSPITALS UNIVERSITY NATIONAL HEALTH SERVICE TRUST,10683,820,3247,1374,0,852,4938,7,117,700,0,13,1474,22,3870,0,0,2659
2024-03-01,RN3,NHS ENGLAND SOUTH WEST ,GREAT WESTERN HOSPITALS NHS FOUNDATION TRUST,5498,0,5712,0,0,251,2411,0,521,0,0,5,501,69,2450,0,0,1694
2024-03-01,RTH,NHS ENGLAND SOUTH EAST ,OXFORD UNIVERSITY HOSPITALS NHS FOUNDATION TRUST,12383,1820,511,1421,0,106,4172,0,4,337,0,2,942,1,4490,151,19,4402
2024-03-01,RRF,NHS ENGLAND NORTH WEST ,"WRIGHTINGTON, WIGAN AND LEIGH NHS FOUNDATION TRUST",7524,0,5433,0,0,0,3682,0,48,0,0,0,1135,492,2272,0,0,833
2024-03-01,RVV,NHS ENGLAND SOUTH EAST ,EAST KENT HOSPITALS UNIVERSITY NHS FOUNDATION TRUST,13484,0,13002,0,0,0,6697,0,416,0,0,0,615,1131,3870,0,499,1090
2024-03-01,RYY,NHS ENGLAND SOUTH EAST ,KENT COMMUNITY HEALTH NHS FOUNDATION TRUST,0,0,10550,0,0,0,0,0,40,0,0,0,0,0,0,0,0,0
2024-03-01,Y07709,NHS ENGLAND SOUTH EAST ,READING URGENT CARE CENTRE,0,0,2725,0,0,0,0,0,0,0,0,0,0,0,0,0,0,0
2024-03-01,RL4,NHS ENGLAND MIDLANDS ,THE ROYAL WOLVERHAMPTON NHS TRUST,13076,0,8146,184,0,897,4302,0,512,0,0,3,660,481,6075,0,0,985
2024-03-01,RYR,NHS ENGLAND SOUTH EAST ,UNIVERSITY HOSPITALS SUSSEX NHS FOUNDATION TRUST,23135,1537,5480,1352,0,1165,10476,69,532,487,0,31,1760,1142,8354,37,27,1469
2024-03-01,NLX,NHS ENGLAND SOUTH WEST ,SIRONA CARE & HEALTH,0,0,8340,0,0,241,0,0,647,0,0,74,0,0,0,0,0,0
2024-03-01,RA9,NHS ENGLAND SOUTH WEST ,TORBAY AND SOUTH DEVON NHS FOUNDATION TRUST,6276,0,3134,431,0,8,3224,0,11,196,0,0,335,103,2161,0,0,1230
2024-03-01,G0Q0L,NHS ENGLAND LONDON,BARKING HOSPITAL UTC,0,0,2948,0,0,0,0,0,61,0,0,0,0,0,0,0,0,0
2024-03-01,K6K0R,NHS ENGLAND LONDON,HAROLD WOOD POLYCLINIC UTC,0,0,3071,0,0,0,0,0,54,0,0,0,0,0,0,0,0,0
2023-05-01,AAH,NHS ENGLAND SOUTH WEST ,TETBURY HOSPITAL TRUST LTD,0,0,410,0,0,0,0,0,0,0,0,0,0,0,0,0,0,0
2023-05-01,NDJ,NHS ENGLAND SOUTH EAST ,FIRST COMMUNITY HEALTH AND CARE CIC,0,0,2458,0,0,0,0,0,0,0,0,0,0,0,0,0,0,0
2023-05-01,NL7,NHS ENGLAND MIDLANDS ,ASSURA VERTIS URGENT CARE CENTRES (BIRMINGHAM),0,0,5364,0,0,0,0,0,0,0,0,0,0,0,0,0,0,0
2023-05-01,RPC,NHS ENGLAND SOUTH EAST ,QUEEN VICTORIA HOSPITAL NHS FOUNDATION TRUST,0,0,1648,0,0,0,0,0,5,0,0,0,0,0,0,0,2,532
2023-05-01,Y00751,NHS ENGLAND SOUTH EAST ,EAST BERKS PRIMARY CARE OOH(WAM),0,0,0,0,0,0,0,0,0,0,0,0,0,0,0,0,0,0
2023-05-01,AQN04,NHS ENGLAND SOUTH EAST ,PHL LYMINGTON UTC,0,0,2960,0,0,66,0,0,23,0,0,0,0,0,0,0,0,0
2023-05-01,C82038,NHS ENGLAND MIDLANDS ,LATHAM HOUSE MEDICAL PRACTICE,0,0,350,0,0,0,0,0,0,0,0,0,0,0,0,0,0,0
2023-05-01,L83087,NHS ENGLAND SOUTH WEST ,OKEHAMPTON MEDICAL CENTRE,0,0,95,0,0,0,0,0,0,0,0,0,0,0,0,0,0,0
2023-05-01,NQT51,NHS ENGLAND SOUTH EAST ,STATION PLAZA HEALTH CENTRE,0,0,1597,0,0,0,0,0,0,0,0,0,0,0,0,0,0,0
2023-05-01,RWY,NHS ENGLAND NORTH EAST AND YORKSHIRE ,CALDERDALE AND HUDDERSFIELD NHS FOUNDATION TRUST,15166,0,0,0,0,0,4357,0,0,0,0,0,921,3,2969,0,0,918
2023-05-01,RXF,NHS ENGLAND NORTH EAST AND YORKSHIRE ,MID YORKSHIRE TEACHING NHS TRUST,16989,0,6459,124,0,18,0,0,0,0,0,0,1767,13,3931,0,195,977
2023-05-01,RY4,NHS ENGLAND EAST OF ENGLAND ,HERTFORDSHIRE COMMUNITY NHS TRUST,0,0,1195,0,0,0,0,0,29,0,0,0,0,0,0,0,0,0
2023-05-01,Y02532,NHS ENGLAND NORTH WEST ,MIRIAM MINOR EMERGENCY,0,0,1798,0,0,0,0,0,17,0,0,0,0,0,0,0,0,0
2023-05-01,Y02615,NHS ENGLAND MIDLANDS ,SOUTH BIRMINGHAM GP WALK IN CENTRE,0,0,8812,0,0,0,0,0,0,0,0,0,0,0,0,0,0,0
2023-05-01,ARN03,NHS ENGLAND NORTH EAST AND YORKSHIRE ,LOCAL CARE DIRECT,0,0,2173,0,0,169,0,0,0,0,0,0,0,0,0,0,0,0
2023-05-01,NQTE4,NHS ENGLAND MIDLANDS ,SUMMERFIELD URGENT CARE CENTRE,0,0,4210,0,0,0,0,0,0,0,0,0,0,0,0,0,0,0
2023-05-01,RA9,NHS ENGLAND SOUTH WEST ,TORBAY AND SOUTH DEVON NHS FOUNDATION TRUST,6359,0,3521,125,0,0,3798,0,58,64,0,0,711,119,1739,0,0,936
2023-05-01,RBQ,NHS ENGLAND NORTH WEST ,LIVERPOOL HEART AND CHEST HOSPITAL NHS FOUNDATION TRUST,0,0,0,0,0,0,0,0,0,0,0,0,0,0,0,0,0,158
2023-05-01,REM,NHS ENGLAND NORTH WEST ,LIVERPOOL UNIVERSITY HOSPITALS NHS FOUNDATION TRUST,16289,230,8140,493,0,0,6952,0,388,41,0,0,1799,908,5021,0,0,2030
2023-05-01,RFF,NHS ENGLAND NORTH EAST AND YORKSHIRE ,BARNSLEY HOSPITAL NHS FOUNDATION TRUST,8383,0,0,357,0,0,1861,0,0,0,0,0,284,0,2564,0,0,524
2023-05-01,RY7,NHS ENGLAND NORTH WEST ,WIRRAL COMMUNITY HEALTH AND CARE NHS FOUNDATION TRUST,0,0,4541,0,0,0,0,0,255,0,0,0,0,0,0,0,0,0
2023-05-01,NQT5F,NHS ENGLAND NORTH WEST ,SKELMERSDALE WALK IN CENTRE,0,0,1862,0,0,0,0,0,15,0,0,0,0,0,0,0,0,0
2023-05-01,NQT5H,NHS ENGLAND SOUTH WEST ,PAULTON MEMORIAL HOSPITAL,0,0,869,0,0,0,0,0,21,0,0,0,0,0,0,0,0,0
2023-05-01,NTV0B,NHS ENGLAND SOUTH EAST ,ASHFORD WALK-IN-CENTRE,0,0,2594,0,0,0,0,0,148,0,0,0,0,0,0,0,0,0
2023-05-01,NTV0W,NHS ENGLAND SOUTH EAST ,WOKING WALK IN CENTRE,0,0,2894,0,0,0,0,0,245,0,0,0,0,0,0,0,0,0
2023-05-01,R0B,NHS ENGLAND NORTH EAST AND YORKSHIRE ,SOUTH TYNESIDE AND SUNDERLAND NHS FOUNDATION TRUST,11924,1491,6214,439,0,1101,5225,31,176,208,0,33,828,11,4407,27,0,1157
2023-05-01,RAE,NHS ENGLAND NORTH EAST AND YORKSHIRE ,BRADFORD TEACHING HOSPITALS NHS FOUNDATION TRUST,10922,0,1369,0,0,0,3098,0,2,0,0,0,906,29,2901,0,92,1471
2023-05-01,RDY,NHS ENGLAND SOUTH WEST ,DORSET HEALTHCARE UNIVERSITY NHS FOUNDATION TRUST,0,0,0,0,0,0,0,0,0,0,0,0,0,0,0,0,3,4
2023-05-01,RJN,NHS ENGLAND NORTH WEST ,EAST CHESHIRE NHS TRUST,4123,0,0,77,0,26,1892,0,0,0,0,0,155,503,824,0,0,151
2023-05-01,RR7,NHS ENGLAND NORTH EAST AND YORKSHIRE ,GATESHEAD HEALTH NHS FOUNDATION TRUST,6466,0,3370,33,0,43,2573,0,55,13,0,0,964,5,1730,0,0,784
2023-05-01,RW1,NHS ENGLAND SOUTH EAST ,SOUTHERN HEALTH NHS FOUNDATION TRUST,0,0,2876,0,0,0,0,0,32,0,0,0,0,0,0,0,5,163
2023-05-01,RWE,NHS ENGLAND MIDLANDS ,UNIVERSITY HOSPITALS OF LEICESTER NHS TRUST,21003,1932,0,0,0,0,10251,90,0,0,0,0,1511,1046,5100,3,0,3220
2023-05-01,RY8,NHS ENGLAND MIDLANDS ,DERBYSHIRE COMMUNITY HEALTH SERVICES NHS FOUNDATION TRUST,0,0,8034,0,0,1579,0,0,0,0,0,0,0,0,0,0,0,0
2023-05-01,Y02428,NHS ENGLAND EAST OF ENGLAND ,PUTNOE WALK IN CENTRE,0,0,2458,0,0,0,0,0,0,0,0,0,0,0,0,0,0,0
2023-05-01,Y02676,NHS ENGLAND SOUTH EAST ,BRIGHTON STATION HEALTH CENTRE,0,0,1816,0,0,0,0,0,0,0,0,0,0,0,0,0,0,0
2023-05-01,RCD,NHS ENGLAND NORTH EAST AND YORKSHIRE ,HARROGATE AND DISTRICT NHS FOUNDATION TRUST,4865,0,890,110,0,62,1078,0,1,22,0,0,89,1,1321,0,0,427
2023-05-01,RGP,NHS ENGLAND EAST OF ENGLAND ,JAMES PAGET UNIVERSITY HOSPITALS NHS FOUNDATION TRUST,7003,0,0,116,0,0,2501,0,0,36,0,0,585,270,1663,0,0,469
2023-05-01,RJR,NHS ENGLAND NORTH WEST ,COUNTESS OF CHESTER HOSPITAL NHS FOUNDATION TRUST,7017,0,369,0,0,0,2932,0,5,0,0,0,521,637,1515,0,0,1094
2023-05-01,RJZ,NHS ENGLAND LONDON,KING'S COLLEGE HOSPITAL NHS FOUNDATION TRUST,14788,0,8661,82,0,1312,6992,0,1079,31,0,277,1534,555,3822,0,0,542
2023-05-01,RLT,NHS ENGLAND MIDLANDS ,GEORGE ELIOT HOSPITAL NHS TRUST,6065,0,1544,285,0,333,1822,0,21,0,0,0,690,0,923,0,0,20
2023-05-01,RQX,NHS ENGLAND LONDON,HOMERTON HEALTHCARE NHS FOUNDATION TRUST,10903,0,0,25,0,0,2470,0,0,0,0,0,192,23,1681,0,0,158
2023-05-01,RTD,NHS ENGLAND NORTH EAST AND YORKSHIRE ,THE NEWCASTLE UPON TYNE HOSPITALS NHS FOUNDATION TRUST,12539,1598,5880,0,0,810,4704,75,0,0,0,0,361,11,3288,24,0,2877
2023-05-01,RXQ,NHS ENGLAND SOUTH EAST ,BUCKINGHAMSHIRE HEALTHCARE NHS TRUST,8616,1120,3133,0,0,0,3921,0,139,0,0,0,361,360,3579,724,0,1128
2023-05-01,RWP,NHS ENGLAND MIDLANDS ,WORCESTERSHIRE ACUTE HOSPITALS NHS TRUST,12334,0,6437,185,0,1,6285,0,9,81,0,0,962,287,3313,0,0,1287
2023-05-01,RYY,NHS ENGLAND SOUTH EAST ,KENT COMMUNITY HEALTH NHS FOUNDATION TRUST,0,0,9939,0,0,0,0,0,41,0,0,0,0,0,0,0,0,0
2023-05-01,8J094,NHS ENGLAND MIDLANDS ,BADGER LTD,0,0,0,0,0,1853,0,0,0,0,0,0,0,0,0,0,0,0
2023-05-01,ACH01,NHS ENGLAND SOUTH EAST ,WHITSTABLE MEDICAL PRACTICE,0,0,4720,0,0,0,0,0,0,0,0,0,0,0,0,0,0,0
2023-05-01,C82009,NHS ENGLAND MIDLANDS ,MARKET HARBOROUGH MED.CTR,0,0,327,0,0,0,0,0,0,0,0,0,0,0,0,0,0,0
2023-05-01,R1K,NHS ENGLAND LONDON,LONDON NORTH WEST UNIVERSITY HEALTHCARE NHS TRUST,12331,0,14117,225,0,0,5830,0,233,108,0,0,756,299,6560,0,0,1387
2023-05-01,RA7,NHS ENGLAND SOUTH WEST ,UNIVERSITY HOSPITALS BRISTOL AND WESTON NHS FOUNDATION TRUST,15391,2317,0,0,0,0,5637,122,0,0,0,0,1182,435,4720,10,0,1336
2023-05-01,RAN,NHS ENGLAND LONDON,ROYAL NATIONAL ORTHOPAEDIC HOSPITAL NHS TRUST,0,0,0,0,0,0,0,0,0,0,0,0,0,0,0,0,0,32
2023-05-01,RAS,NHS ENGLAND LONDON,THE HILLINGDON HOSPITALS NHS FOUNDATION TRUST,5962,0,6597,0,0,0,3341,0,191,0,0,0,623,14,1801,0,0,428
2023-05-01,RBD,NHS ENGLAND SOUTH WEST ,DORSET COUNTY HOSPITAL NHS FOUNDATION TRUST,4485,0,0,250,0,3686,1678,0,0,52,0,6,156,8,1702,0,0,479
2023-05-01,RBV,NHS ENGLAND NORTH WEST ,THE CHRISTIE NHS FOUNDATION TRUST,0,0,0,0,0,0,0,0,0,0,0,0,0,0,0,0,0,702
2023-05-01,RC9,NHS ENGLAND EAST OF ENGLAND ,BEDFORDSHIRE HOSPITALS NHS FOUNDATION TRUST,15969,0,7093,0,0,1054,0,0,0,0,0,0,114,0,4580,0,0,2467
2023-05-01,RGR,NHS ENGLAND EAST OF ENGLAND ,WEST SUFFOLK NHS FOUNDATION TRUST,6928,0,706,102,0,0,0,0,0,0,0,0,435,171,2012,0,0,677
2023-05-01,RJ8,NHS ENGLAND SOUTH WEST ,CORNWALL PARTNERSHIP NHS FOUNDATION TRUST,0,0,0,0,0,0,0,0,0,0,0,0,0,0,0,0,16,57
2023-05-01,RL1,NHS ENGLAND MIDLANDS ,THE ROBERT JONES AND AGNES HUNT ORTHOPAEDIC HOSPITAL NHS FOUNDATION TRUST,0,0,0,0,0,0,0,0,0,0,0,0,0,0,0,0,0,19
2023-05-01,RL4,NHS ENGLAND MIDLANDS ,THE ROYAL WOLVERHAMPTON NHS TRUST,13379,0,7011,0,0,584,4141,0,155,0,0,0,780,55,6198,0,0,898
2023-05-01,RTP,NHS ENGLAND SOUTH EAST ,SURREY AND SUSSEX HEALTHCARE NHS TRUST,9115,0,1096,0,0,0,2595,0,46,0,0,0,817,178,3207,0,0,767
2023-05-01,RTQ,NHS ENGLAND SOUTH WEST ,GLOUCESTERSHIRE HEALTH AND CARE NHS FOUNDATION TRUST,0,0,6586,0,0,0,0,0,10,0,0,0,0,0,0,0,0,20
2023-05-01,RV9,NHS ENGLAND NORTH EAST AND YORKSHIRE ,HUMBER TEACHING NHS FOUNDATION TRUST,0,0,1033,0,0,40,0,0,5,0,0,1,0,0,0,0,0,0
2023-05-01,RVJ,NHS ENGLAND SOUTH WEST ,NORTH BRISTOL NHS TRUST,8928,0,0,92,0,0,2620,0,0,19,0,0,652,39,3069,0,0,1746
2023-05-01,RW4,NHS ENGLAND NORTH WEST ,MERSEY CARE NHS FOUNDATION TRUST,0,0,12132,0,0,0,0,0,271,0,0,0,0,0,0,0,0,95
2023-05-01,RWW,NHS ENGLAND NORTH WEST ,WARRINGTON AND HALTON TEACHING HOSPITALS NHS FOUNDATION TRUST,7362,0,3276,254,0,157,3062,0,78,60,0,6,686,566,2219,0,0,208
2023-05-01,RXG,NHS ENGLAND NORTH EAST AND YORKSHIRE ,SOUTH WEST YORKSHIRE PARTNERSHIP NHS FOUNDATION TRUST,0,0,0,0,0,0,0,0,0,0,0,0,0,0,0,0,0,139
2023-05-01,RXL,NHS ENGLAND NORTH WEST ,BLACKPOOL TEACHING HOSPITALS NHS FOUNDATION TRUST,8905,0,11394,258,0,230,4002,0,57,67,0,0,487,931,2553,0,0,1718
2023-05-01,RY5,NHS ENGLAND MIDLANDS ,LINCOLNSHIRE COMMUNITY HEALTH SERVICES NHS TRUST,0,0,8663,0,0,0,0,0,317,0,0,0,0,0,0,0,0,0
2023-05-01,RYF,NHS ENGLAND SOUTH WEST ,SOUTH WESTERN AMBULANCE SERVICE NHS FOUNDATION TRUST,0,0,1953,0,0,0,0,0,140,0,0,0,0,0,0,0,0,0
2023-05-01,RYG,NHS ENGLAND MIDLANDS ,COVENTRY AND WARWICKSHIRE PARTNERSHIP NHS TRUST,0,0,0,0,0,0,0,0,0,0,0,0,0,0,0,0,6,57
2023-05-01,Y03007,NHS ENGLAND MIDLANDS ,ERDINGTON GP HEALTH & WELLBEING WIC,0,0,0,0,0,1826,0,0,0,0,0,0,0,0,0,0,0,0
2023-05-01,AXG,NHS ENGLAND SOUTH WEST ,WILTSHIRE HEALTH & CARE,0,0,2461,0,0,69,0,0,99,0,0,3,0,0,0,0,0,0
2023-05-01,NNF09,NHS ENGLAND NORTH EAST AND YORKSHIRE ,BRANSHOLME HEALTH CENTRE,0,0,4176,0,0,0,0,0,731,0,0,0,0,0,0,0,0,0
2023-05-01,NNF94,NHS ENGLAND NORTH EAST AND YORKSHIRE ,EAST RIDING COMMUNITY HOSPITAL,0,0,2932,0,0,0,0,0,508,0,0,0,0,0,0,0,0,0
2023-05-01,NTPAD,NHS ENGLAND SOUTH EAST ,PRACTICE PLUS GROUP SURGICAL CENTRE - ST MARYS PORTSMOUTH,0,0,5592,0,0,279,0,0,32,0,0,2,0,0,0,0,0,0
2023-05-01,NV693,NHS ENGLAND NORTH WEST ,ROSSENDALE MIU & OOH,0,0,1049,0,0,0,0,0,0,0,0,0,0,0,0,0,0,0
2023-05-01,R1D,NHS ENGLAND MIDLANDS ,SHROPSHIRE COMMUNITY HEALTH NHS TRUST,0,0,3639,0,0,0,0,0,9,0,0,0,0,0,0,0,0,0
2023-05-01,RAJ,NHS ENGLAND EAST OF ENGLAND ,MID AND SOUTH ESSEX NHS FOUNDATION TRUST,30787,0,1964,763,0,114,10192,0,69,244,0,2,2259,9,8713,0,236,1265
2023-05-01,RAX,NHS ENGLAND LONDON,KINGSTON HOSPITAL NHS FOUNDATION TRUST,7124,0,3071,0,0,0,3593,0,218,0,0,0,51,655,1788,0,157,577
2023-05-01,RBK,NHS ENGLAND MIDLANDS ,WALSALL HEALTHCARE NHS TRUST,7957,0,4478,343,0,152,2466,0,99,53,0,0,504,7,3176,0,0,717
2023-05-01,RBS,NHS ENGLAND NORTH WEST ,ALDER HEY CHILDREN'S NHS FOUNDATION TRUST,5772,0,0,0,0,0,877,0,0,0,0,0,0,0,1008,0,0,244
2023-05-01,RCX,NHS ENGLAND EAST OF ENGLAND ,"THE QUEEN ELIZABETH HOSPITAL, KING'S LYNN, NHS FOUNDATION TRUST",6526,0,1002,56,0,0,2686,0,0,16,0,0,717,437,2291,0,0,563
2023-05-01,RDU,NHS ENGLAND SOUTH EAST ,FRIMLEY HEALTH NHS FOUNDATION TRUST,20445,0,0,1552,0,0,0,0,0,0,0,0,2086,0,5701,0,0,329
2023-05-01,RF4,NHS ENGLAND LONDON,"BARKING, HAVERING AND REDBRIDGE UNIVERSITY HOSPITALS NHS TRUST",11270,2338,14322,0,0,0,6713,486,4383,0,0,0,816,810,5511,0,0,437
2023-05-01,RGN,NHS ENGLAND EAST OF ENGLAND ,NORTH WEST ANGLIA NHS FOUNDATION TRUST,12305,0,4624,58,0,471,5686,0,740,20,0,40,558,583,2982,0,111,1295
2023-05-01,RH8,NHS ENGLAND SOUTH WEST ,ROYAL DEVON UNIVERSITY HEALTHCARE NHS FOUNDATION TRUST,11956,0,3070,1203,0,43,5462,0,44,483,0,3,957,82,3395,0,0,2237
2023-05-01,RNZ,NHS ENGLAND SOUTH WEST ,SALISBURY NHS FOUNDATION TRUST,4264,258,1832,207,0,0,1550,0,0,71,0,0,403,16,1195,0,0,811
2023-05-01,RQ3,NHS ENGLAND MIDLANDS ,BIRMINGHAM WOMEN'S AND CHILDREN'S NHS FOUNDATION TRUST,5113,0,0,0,0,0,718,0,0,0,0,0,0,0,879,0,0,227
2023-05-01,RQW,NHS ENGLAND EAST OF ENGLAND ,THE PRINCESS ALEXANDRA HOSPITAL NHS TRUST,9089,0,0,1241,0,0,4853,0,0,0,0,0,473,99,1979,0,0,428
2023-05-01,RVW,NHS ENGLAND NORTH EAST AND YORKSHIRE ,NORTH TEES AND HARTLEPOOL NHS FOUNDATION TRUST,4432,0,11503,0,0,0,0,0,0,0,0,0,92,4,1584,0,490,2047
2023-05-01,RWF,NHS ENGLAND SOUTH EAST ,MAIDSTONE AND TUNBRIDGE WELLS NHS TRUST,18094,0,2401,0,0,0,2625,0,10,0,0,0,746,4,5750,0,0,1241
2023-05-01,AD913,NHS ENGLAND LONDON,BECKENHAM BEACON UCC,0,0,3574,0,0,283,0,0,23,0,0,0,0,0,0,0,0,0
2023-05-01,AJN,NHS ENGLAND NORTH EAST AND YORKSHIRE ,WORKINGTON HEALTH LIMITED,0,0,504,0,0,0,0,0,0,0,0,0,0,0,0,0,0,0
2023-05-01,NNF76,NHS ENGLAND NORTH EAST AND YORKSHIRE ,THE WILBERFORCE HEALTH CENTRE,0,0,2974,0,0,0,0,0,0,0,0,0,0,0,0,0,0,0
2023-05-01,NNFA7,NHS ENGLAND NORTH EAST AND YORKSHIRE ,GOOLE & DISTRICT HOSPITAL,0,0,1600,0,0,0,0,0,10,0,0,0,0,0,0,0,0,0
2023-05-01,NNJ,NHS ENGLAND MIDLANDS ,DHU HEALTH CARE C.I.C,0,0,2077,0,0,0,0,0,1,0,0,0,0,0,0,0,0,0
2023-05-01,NTP11,NHS ENGLAND SOUTH EAST ,PRACTICE PLUS GROUP HOSPITAL - SOUTHAMPTON,0,0,5634,0,0,0,0,0,847,0,0,0,0,0,0,0,0,0
2023-05-01,RAT,NHS ENGLAND LONDON,NORTH EAST LONDON NHS FOUNDATION TRUST,0,0,2237,0,0,0,0,0,124,0,0,0,0,0,0,0,0,0
2023-05-01,RCF,NHS ENGLAND NORTH EAST AND YORKSHIRE ,AIREDALE NHS FOUNDATION TRUST,5727,322,4,397,0,0,2219,0,0,0,0,0,237,16,1445,0,0,599
2023-05-01,RD8,NHS ENGLAND EAST OF ENGLAND ,MILTON KEYNES UNIVERSITY HOSPITAL NHS FOUNDATION TRUST,8183,0,4942,564,0,137,3320,0,89,250,0,0,717,0,1738,0,0,397
2023-05-01,REP,NHS ENGLAND NORTH WEST ,LIVERPOOL WOMEN'S NHS FOUNDATION TRUST,0,1230,0,0,94,0,0,89,0,0,0,0,0,0,0,94,0,19
2023-05-01,RFR,NHS ENGLAND NORTH EAST AND YORKSHIRE ,THE ROTHERHAM NHS FOUNDATION TRUST,7608,0,0,2,0,0,0,0,0,0,0,0,298,0,2918,0,0,605
2023-05-01,RHQ,NHS ENGLAND NORTH EAST AND YORKSHIRE ,SHEFFIELD TEACHING HOSPITALS NHS FOUNDATION TRUST,8876,1128,7910,451,0,836,4158,0,267,201,0,15,1041,7,3223,0,0,3107
2023-05-01,RHU,NHS ENGLAND SOUTH EAST ,PORTSMOUTH HOSPITALS UNIVERSITY NATIONAL HEALTH SERVICE TRUST,9449,732,3035,1278,0,825,0,0,0,0,0,0,1366,0,3640,0,0,2287
2023-05-01,RJE,NHS ENGLAND MIDLANDS ,UNIVERSITY HOSPITALS OF NORTH MIDLANDS NHS TRUST,13789,489,8069,736,0,410,6643,0,275,275,0,3,1074,665,5819,0,0,2725
2023-05-01,RK9,NHS ENGLAND SOUTH WEST ,UNIVERSITY HOSPITALS PLYMOUTH NHS TRUST,8044,247,4295,0,0,0,0,0,0,0,0,0,681,628,2653,0,1043,0
2023-05-01,RKB,NHS ENGLAND MIDLANDS ,UNIVERSITY HOSPITALS COVENTRY AND WARWICKSHIRE NHS TRUST,11629,1785,6928,37,0,78,5103,184,80,12,0,1,247,3,2742,87,75,1652
2023-05-01,RLQ,NHS ENGLAND MIDLANDS ,WYE VALLEY NHS TRUST,5759,0,0,146,0,0,2448,0,0,53,0,0,149,225,1568,0,0,497
2023-05-01,RM1,NHS ENGLAND EAST OF ENGLAND ,NORFOLK AND NORWICH UNIVERSITY HOSPITALS NHS FOUNDATION TRUST,10988,0,8353,471,0,0,4674,0,0,125,0,0,1011,324,2488,0,0,1662
2023-05-01,RN3,NHS ENGLAND SOUTH WEST ,GREAT WESTERN HOSPITALS NHS FOUNDATION TRUST,5249,0,5204,0,0,262,2364,0,326,0,0,10,343,116,2173,0,0,1501
2023-05-01,RNA,NHS ENGLAND MIDLANDS ,THE DUDLEY GROUP NHS FOUNDATION TRUST,9545,0,4931,128,0,1383,3980,0,240,35,0,0,736,10,3595,0,0,1709
2023-05-01,RP5,NHS ENGLAND NORTH EAST AND YORKSHIRE ,DONCASTER AND BASSETLAW TEACHING HOSPITALS NHS FOUNDATION TRUST,13210,0,3782,0,0,0,4390,0,1,0,0,0,1056,128,3493,0,461,1133
2023-05-01,RQM,NHS ENGLAND LONDON,CHELSEA AND WESTMINSTER HOSPITAL NHS FOUNDATION TRUST,19412,0,9726,532,0,0,0,0,0,0,0,0,551,26,2517,0,0,391
2023-05-01,RRF,NHS ENGLAND NORTH WEST ,"WRIGHTINGTON, WIGAN AND LEIGH NHS FOUNDATION TRUST",7388,0,5625,0,0,0,3767,0,40,0,0,0,1097,270,2966,0,0,735
2023-05-01,RRK,NHS ENGLAND MIDLANDS ,UNIVERSITY HOSPITALS BIRMINGHAM NHS FOUNDATION TRUST,33759,0,0,0,0,0,15384,0,0,0,0,0,3480,1127,10614,0,0,4703
2023-05-01,RTX,NHS ENGLAND NORTH WEST ,UNIVERSITY HOSPITALS OF MORECAMBE BAY NHS FOUNDATION TRUST,8193,0,4292,193,0,49,2869,0,141,38,0,8,520,398,2723,0,28,810
2023-05-01,RWH,NHS ENGLAND EAST OF ENGLAND ,EAST AND NORTH HERTFORDSHIRE NHS TRUST,9595,0,5751,3,0,382,5503,0,4,2,0,0,201,35,2926,0,0,272
2023-05-01,RWJ,NHS ENGLAND NORTH WEST ,STOCKPORT NHS FOUNDATION TRUST,9291,0,0,442,0,0,3362,0,0,123,0,0,1000,107,2794,0,0,816
2023-05-01,RXP,NHS ENGLAND NORTH EAST AND YORKSHIRE ,COUNTY DURHAM AND DARLINGTON NHS FOUNDATION TRUST,12852,0,4598,0,0,6607,6260,0,0,0,0,0,1775,14,4079,0,0,722
2023-05-01,RXR,NHS ENGLAND NORTH WEST ,EAST LANCASHIRE HOSPITALS NHS TRUST,13576,0,5560,0,0,0,4267,0,500,0,0,0,683,968,3808,0,22,1154
2023-05-01,RYR,NHS ENGLAND SOUTH EAST ,UNIVERSITY HOSPITALS SUSSEX NHS FOUNDATION TRUST,24483,1651,2589,1576,0,697,9332,9,143,474,0,10,1490,806,7941,34,41,1379
2023-05-01,NDA57,NHS ENGLAND SOUTH EAST ,HASLEMERE MINOR INJURIES UNIT,0,0,1432,0,0,10,0,0,0,0,0,0,0,0,0,0,0,0
2023-05-01,NNJ07,NHS ENGLAND MIDLANDS ,LOUGHBOROUGH URGENT CARE CENTRE,0,0,5525,0,0,517,0,0,43,0,0,2,0,0,0,0,0,0
2023-05-01,NNJ0H,NHS ENGLAND MIDLANDS ,LLR EA - THE MERLYN VAZ HEALTH & SOCIAL CARE CENTRE,0,0,174,0,0,1680,0,0,0,0,0,0,0,0,0,0,0,0
2023-05-01,NNJ12,NHS ENGLAND MIDLANDS ,MARKET HARBOROUGH,0,0,123,0,0,406,0,0,0,0,0,0,0,0,0,0,0,0
2023-05-01,NNJ13,NHS ENGLAND MIDLANDS ,MELTON MOWBRAY,0,0,46,0,0,394,0,0,0,0,0,0,0,0,0,0,0,0
2023-05-01,NNJ14,NHS ENGLAND MIDLANDS ,OADBY,0,0,829,0,0,1760,0,0,0,0,0,0,0,0,0,0,0,0
2023-05-01,NNJ15,NHS ENGLAND MIDLANDS ,OAKHAM,0,0,59,0,0,368,0,0,0,0,0,0,0,0,0,0,0,0
2023-05-01,R0D,NHS ENGLAND SOUTH WEST ,UNIVERSITY HOSPITALS DORSET NHS FOUNDATION TRUST,13676,0,3939,167,0,0,0,0,0,0,0,0,777,66,4129,5,0,2152
2023-05-01,RCB,NHS ENGLAND NORTH EAST AND YORKSHIRE ,YORK AND SCARBOROUGH TEACHING HOSPITALS NHS FOUNDATION TRUST,9843,438,9469,0,0,446,5222,0,469,0,0,30,773,789,4040,2,0,1511
2023-05-01,RCU,NHS ENGLAND NORTH EAST AND YORKSHIRE ,SHEFFIELD CHILDREN'S NHS FOUNDATION TRUST,4891,0,242,317,0,17,371,0,0,20,0,0,9,0,923,0,0,99
2023-05-01,RDE,NHS ENGLAND EAST OF ENGLAND ,EAST SUFFOLK AND NORTH ESSEX NHS FOUNDATION TRUST,14160,0,11394,205,0,70,6587,0,78,0,0,3,1148,39,4533,0,245,887
2023-05-01,RDR,NHS ENGLAND SOUTH EAST ,SUSSEX COMMUNITY NHS FOUNDATION TRUST,0,0,12257,0,0,0,0,0,173,0,0,0,0,0,0,0,0,0
2023-05-01,RH5,NHS ENGLAND SOUTH WEST ,SOMERSET NHS FOUNDATION TRUST,13102,0,9417,0,0,0,4534,0,273,0,0,0,349,16,3209,0,0,1570
2023-05-01,RHM,NHS ENGLAND SOUTH EAST ,UNIVERSITY HOSPITAL SOUTHAMPTON NHS FOUNDATION TRUST,11751,1458,0,10,0,0,4506,53,0,3,0,0,405,11,3537,12,0,1379
2023-05-01,RJ1,NHS ENGLAND LONDON,GUY'S AND ST THOMAS' NHS FOUNDATION TRUST,12834,856,2488,0,0,2126,4115,0,1,0,0,0,32,46,3510,0,0,943
2023-05-01,RJ6,NHS ENGLAND LONDON,CROYDON HEALTH SERVICES NHS TRUST,13022,0,4868,0,0,0,4935,0,0,0,0,0,501,336,1362,0,0,131
2023-05-01,RJL,NHS ENGLAND NORTH EAST AND YORKSHIRE ,NORTHERN LINCOLNSHIRE AND GOOLE NHS FOUNDATION TRUST,14491,0,0,0,0,0,5042,0,0,0,0,0,892,673,4482,0,0,554
2023-05-01,RKE,NHS ENGLAND LONDON,WHITTINGTON HEALTH NHS TRUST,8823,0,0,0,0,0,3137,0,0,0,0,0,219,302,930,0,0,56
2023-05-01,RM3,NHS ENGLAND NORTH WEST ,NORTHERN CARE ALLIANCE NHS FOUNDATION TRUST,25834,0,7416,0,0,0,10163,0,405,0,0,0,1280,279,6820,0,442,1395
2023-05-01,RMP,NHS ENGLAND NORTH WEST ,TAMESIDE AND GLOSSOP INTEGRATED CARE NHS FOUNDATION TRUST,8374,0,2623,237,0,0,3749,0,0,0,0,0,268,20,2241,0,0,151
2023-05-01,RN5,NHS ENGLAND SOUTH EAST ,HAMPSHIRE HOSPITALS NHS FOUNDATION TRUST,12127,0,365,0,0,250,3705,0,0,0,0,0,790,2,3864,0,0,997
2023-05-01,RN7,NHS ENGLAND SOUTH EAST ,DARTFORD AND GRAVESHAM NHS TRUST,11218,0,3894,0,0,0,3119,0,18,0,0,0,590,2,2783,0,0,338
2023-05-01,RNS,NHS ENGLAND MIDLANDS ,NORTHAMPTON GENERAL HOSPITAL NHS TRUST,8675,701,2036,168,0,52,3609,22,86,31,0,4,243,791,1635,0,0,1417
2023-05-01,RR8,NHS ENGLAND NORTH EAST AND YORKSHIRE ,LEEDS TEACHING HOSPITALS NHS TRUST,17493,0,11792,178,0,26,7423,0,68,57,0,0,1554,185,3712,0,0,1126
2023-05-01,RTE,NHS ENGLAND SOUTH WEST ,GLOUCESTERSHIRE HOSPITALS NHS FOUNDATION TRUST,12697,0,0,256,0,0,4907,0,0,69,0,0,369,1113,2541,0,0,1459
2023-05-01,RTG,NHS ENGLAND MIDLANDS ,UNIVERSITY HOSPITALS OF DERBY AND BURTON NHS FOUNDATION TRUST,15867,0,14319,125,0,51,8420,0,1146,36,0,2,1042,573,4070,0,181,2193
2023-05-01,RTK,NHS ENGLAND SOUTH EAST ,ASHFORD AND ST PETER'S HOSPITALS NHS FOUNDATION TRUST,9693,0,0,0,0,0,3607,0,0,0,0,0,546,8,2876,0,0,694
2023-05-01,RTR,NHS ENGLAND NORTH EAST AND YORKSHIRE ,SOUTH TEES HOSPITALS NHS FOUNDATION TRUST,10419,0,5214,0,0,394,4221,0,311,0,0,11,1070,61,2364,0,168,1984
2023-05-01,RVV,NHS ENGLAND SOUTH EAST ,EAST KENT HOSPITALS UNIVERSITY NHS FOUNDATION TRUST,11803,0,12600,78,0,0,6496,0,410,27,0,0,597,1136,3920,0,410,1731
2023-05-01,RWA,NHS ENGLAND NORTH EAST AND YORKSHIRE ,HULL UNIVERSITY TEACHING HOSPITALS NHS TRUST,10915,0,0,0,0,0,5537,0,0,0,0,0,1014,306,3349,0,0,1884
2023-05-01,RWD,NHS ENGLAND MIDLANDS ,UNITED LINCOLNSHIRE HOSPITALS NHS TRUST,12355,0,6011,14,0,0,6872,0,1030,0,0,0,819,798,3950,0,0,1174
2023-05-01,RWG,NHS ENGLAND EAST OF ENGLAND ,WEST HERTFORDSHIRE TEACHING HOSPITALS NHS TRUST,7826,0,6989,0,0,1213,3726,0,364,0,0,55,977,0,3335,0,0,866
2023-05-01,RXC,NHS ENGLAND SOUTH EAST ,EAST SUSSEX HEALTHCARE NHS TRUST,9304,0,2284,831,0,1104,3573,0,39,0,0,0,123,0,3547,0,0,554
2023-05-01,RXK,NHS ENGLAND MIDLANDS ,SANDWELL AND WEST BIRMINGHAM HOSPITALS NHS TRUST,14917,1231,10302,775,0,0,6719,181,341,195,0,0,1296,39,2986,0,0,499
2023-05-01,RXN,NHS ENGLAND NORTH WEST ,LANCASHIRE TEACHING HOSPITALS NHS FOUNDATION TRUST,12455,0,3906,249,0,59,4124,0,71,30,0,0,1258,148,3074,0,197,1432
2023-05-01,RY9,NHS ENGLAND LONDON,HOUNSLOW AND RICHMOND COMMUNITY HEALTHCARE NHS TRUST,0,0,5282,0,0,0,0,0,0,0,0,0,0,0,0,0,0,0
2023-05-01,RYX,NHS ENGLAND LONDON,CENTRAL LONDON COMMUNITY HEALTHCARE NHS TRUST,0,0,9753,0,0,0,0,0,177,0,0,0,0,0,0,0,0,0
2023-05-01,Y03571,NHS ENGLAND MIDLANDS ,CORBY URGENT CARE CENTRE,0,0,8117,0,0,615,0,0,107,0,0,0,0,0,0,0,0,0
2023-05-01,R1H,NHS ENGLAND LONDON,BARTS HEALTH NHS TRUST,24315,840,19240,0,0,0,10756,25,3462,0,0,0,1430,628,5520,0,0,1144
2023-05-01,RAP,NHS ENGLAND LONDON,NORTH MIDDLESEX UNIVERSITY HOSPITAL NHS TRUST,8294,526,6929,768,0,0,3832,6,764,144,0,0,614,602,1612,0,0,151
2023-05-01,RBL,NHS ENGLAND NORTH WEST ,WIRRAL UNIVERSITY TEACHING HOSPITAL NHS FOUNDATION TRUST,8112,0,2853,173,0,214,4016,0,48,67,0,4,557,476,1914,0,0,1557
2023-05-01,RD1,NHS ENGLAND SOUTH WEST ,ROYAL UNITED HOSPITALS BATH NHS FOUNDATION TRUST,8276,0,0,0,0,0,3786,0,0,0,0,0,675,68,2501,0,8,1316
2023-05-01,RJ7,NHS ENGLAND LONDON,ST GEORGE'S UNIVERSITY HOSPITALS NHS FOUNDATION TRUST,8295,0,3279,932,0,0,2193,0,0,92,0,0,592,591,2400,0,0,782
2023-05-01,RK5,NHS ENGLAND MIDLANDS ,SHERWOOD FOREST HOSPITALS NHS FOUNDATION TRUST,10371,0,5406,18,0,105,3730,0,389,7,0,2,627,83,3207,0,0,379
2023-05-01,RP6,NHS ENGLAND LONDON,MOORFIELDS EYE HOSPITAL NHS FOUNDATION TRUST,0,6577,0,0,0,0,0,174,0,0,0,0,0,0,0,7,0,200
2023-05-01,RYJ,NHS ENGLAND LONDON,IMPERIAL COLLEGE HEALTHCARE NHS TRUST,12159,4106,7143,0,0,0,0,0,0,0,0,0,924,60,3015,0,0,1155
2023-05-01,Y02147,NHS ENGLAND LONDON,URGENT CARE CENTRE (QMS),0,0,8035,0,0,557,0,0,290,0,0,4,0,0,0,0,0,0
2023-05-01,RVR,NHS ENGLAND LONDON,EPSOM AND ST HELIER UNIVERSITY HOSPITALS NHS TRUST,12782,273,0,223,1,0,3032,1,0,13,0,0,594,293,1990,1,0,148
2023-05-01,RWX,NHS ENGLAND SOUTH EAST ,BERKSHIRE HEALTHCARE NHS FOUNDATION TRUST,0,0,1408,0,0,0,0,0,10,0,0,0,0,0,0,0,50,0
2023-05-01,C83023,NHS ENGLAND MIDLANDS ,SLEAFORD MEDICAL GROUP,0,0,638,0,0,0,0,0,0,0,0,0,0,0,0,0,0,9
2023-05-01,NR3,NHS ENGLAND MIDLANDS ,NOTTINGHAM CITYCARE PARTNERSHIP,0,0,5285,0,0,272,0,0,544,0,0,0,0,0,0,0,0,0
2023-05-01,REF,NHS ENGLAND SOUTH WEST ,ROYAL CORNWALL HOSPITALS NHS TRUST,6393,0,12274,0,0,0,3443,0,462,0,0,0,517,467,2101,0,26,1072
2023-05-01,RTF,NHS ENGLAND NORTH EAST AND YORKSHIRE ,NORTHUMBRIA HEALTHCARE NHS FOUNDATION TRUST,9749,0,13198,0,0,0,1819,0,11,0,0,0,29,0,5399,0,62,997
2023-05-01,RNU,NHS ENGLAND SOUTH EAST ,OXFORD HEALTH NHS FOUNDATION TRUST,0,0,3749,0,0,0,0,0,426,0,0,0,0,0,0,0,0,0
2023-05-01,DT301,NHS ENGLAND EAST OF ENGLAND ,HERTS URGENT CARE (ASCOTS LANE),0,0,2495,0,0,0,0,0,41,0,0,0,0,0,0,0,0,0
2023-05-01,RA2,NHS ENGLAND SOUTH EAST ,ROYAL SURREY COUNTY HOSPITAL NHS FOUNDATION TRUST,6452,0,0,604,0,0,1995,0,0,149,0,0,248,1,2296,0,0,919
2023-05-01,RBT,NHS ENGLAND NORTH WEST ,MID CHESHIRE HOSPITALS NHS FOUNDATION TRUST,7359,0,2651,113,0,37,3435,0,10,22,0,1,632,206,2453,0,0,1030
2023-05-01,RET,NHS ENGLAND NORTH WEST ,THE WALTON CENTRE NHS FOUNDATION TRUST,0,0,0,0,0,0,0,0,0,0,0,0,0,0,0,0,0,138
2023-05-01,RHW,NHS ENGLAND SOUTH EAST ,ROYAL BERKSHIRE NHS FOUNDATION TRUST,12068,2392,0,719,0,0,3679,22,0,0,0,0,344,0,2374,1,0,829
2023-05-01,RMC,NHS ENGLAND NORTH WEST ,BOLTON NHS FOUNDATION TRUST,10145,0,1602,48,0,10,3988,0,291,21,0,0,606,491,2131,0,81,667
2023-05-01,RXW,NHS ENGLAND MIDLANDS ,THE SHREWSBURY AND TELFORD HOSPITAL NHS TRUST,10982,0,2065,91,0,294,5756,0,217,26,0,1,552,529,2604,0,43,2145
2023-05-01,RY2,NHS ENGLAND NORTH WEST ,BRIDGEWATER COMMUNITY HEALTHCARE NHS FOUNDATION TRUST,0,0,3329,0,0,154,0,0,86,0,0,3,0,0,0,0,0,0
2023-05-01,Y03218,NHS ENGLAND LONDON,THE PINN UNREGISTERED WIC,0,0,785,0,0,0,0,0,0,0,0,0,0,0,0,0,0,0
2023-05-01,RJ2,NHS ENGLAND LONDON,LEWISHAM AND GREENWICH NHS TRUST,13256,0,12578,147,0,41,6928,0,1344,26,0,0,1114,437,3537,0,0,1262
2023-05-01,RNQ,NHS ENGLAND MIDLANDS ,KETTERING GENERAL HOSPITAL NHS FOUNDATION TRUST,9194,0,0,317,0,0,0,0,0,0,0,0,1174,0,1927,0,0,159
2023-05-01,RPA,NHS ENGLAND SOUTH EAST ,MEDWAY NHS FOUNDATION TRUST,8312,0,6823,331,0,1382,3044,0,846,0,0,0,714,106,2197,0,0,987
2023-05-01,RRV,NHS ENGLAND LONDON,UNIVERSITY COLLEGE LONDON HOSPITALS NHS FOUNDATION TRUST,12574,0,0,539,0,0,4166,0,0,0,0,0,313,25,1352,0,0,285
2023-05-01,RTH,NHS ENGLAND SOUTH EAST ,OXFORD UNIVERSITY HOSPITALS NHS FOUNDATION TRUST,11875,1824,534,1302,0,89,4260,0,8,367,0,1,609,0,3922,119,20,4053
2023-05-01,RVY,NHS ENGLAND NORTH WEST ,SOUTHPORT AND ORMSKIRK HOSPITAL NHS TRUST,7635,0,3002,160,0,0,2606,0,0,37,0,0,504,212,1901,0,0,121
2023-05-01,R1F,NHS ENGLAND SOUTH EAST ,ISLE OF WIGHT NHS TRUST,3750,0,2424,19,0,37,1710,0,40,9,0,0,358,421,1154,0,0,287
2023-05-01,RAL,NHS ENGLAND LONDON,ROYAL FREE LONDON NHS FOUNDATION TRUST,16751,0,8668,0,0,0,8078,0,379,0,0,0,1184,685,3964,0,0,477
2023-05-01,RGT,NHS ENGLAND EAST OF ENGLAND ,CAMBRIDGE UNIVERSITY HOSPITALS NHS FOUNDATION TRUST,10249,0,6217,0,0,0,0,0,0,0,0,0,36,5,2770,0,0,505
2023-05-01,RNN,NHS ENGLAND NORTH EAST AND YORKSHIRE ,NORTH CUMBRIA INTEGRATED CARE NHS FOUNDATION TRUST,9055,0,2307,366,0,0,3184,0,12,56,0,0,710,314,2323,0,0,757
2023-05-01,Y04538,NHS ENGLAND SOUTH EAST ,BRACKNELL URGENT CARE CENTRE WIC,0,0,2822,0,0,0,0,0,63,0,0,0,0,0,0,0,0,0
2023-05-01,DD401,NHS ENGLAND SOUTH WEST ,EXMOUTH MINOR INJURY UNIT,0,0,1279,0,0,0,0,0,0,0,0,0,0,0,0,0,0,0
2023-05-01,RBN,NHS ENGLAND NORTH WEST ,ST HELENS AND KNOWSLEY TEACHING HOSPITALS NHS TRUST,10182,0,4455,149,0,0,5071,0,222,19,0,0,167,4,5130,0,0,516
2023-05-01,R0A,NHS ENGLAND NORTH WEST ,MANCHESTER UNIVERSITY NHS FOUNDATION TRUST,22995,3351,13658,2130,427,1032,9255,52,1115,598,7,134,2385,141,5636,188,341,537
2023-05-01,RJC,NHS ENGLAND MIDLANDS ,SOUTH WARWICKSHIRE UNIVERSITY NHS FOUNDATION TRUST,7647,0,423,18,0,0,2137,0,0,4,0,0,249,0,2057,0,0,590
2023-05-01,NLX,NHS ENGLAND SOUTH WEST ,SIRONA CARE & HEALTH,0,0,8267,0,0,250,0,0,493,0,0,24,0,0,0,0,0,0
2023-05-01,RFS,NHS ENGLAND MIDLANDS ,CHESTERFIELD ROYAL HOSPITAL NHS FOUNDATION TRUST,5518,0,2913,179,0,154,2716,0,268,84,0,16,560,26,2411,0,291,575
2023-05-01,G0Q0L,NHS ENGLAND LONDON,BARKING HOSPITAL UTC,0,0,2452,0,0,0,0,0,270,0,0,0,0,0,0,0,0,0
2023-05-01,K6K0R,NHS ENGLAND LONDON,HAROLD WOOD POLYCLINIC UTC,0,0,2457,0,0,0,0,0,304,0,0,0,0,0,0,0,0,0
2023-05-01,RX1,NHS ENGLAND MIDLANDS ,NOTTINGHAM UNIVERSITY HOSPITALS NHS TRUST,15840,1863,303,450,0,0,0,0,0,0,0,0,1726,832,3955,0,0,3370
2023-11-01,RAT,NHS ENGLAND LONDON,NORTH EAST LONDON NHS FOUNDATION TRUST,0,0,1795,0,0,0,0,0,61,0,0,0,0,0,0,0,0,0
2023-11-01,RYY,NHS ENGLAND SOUTH EAST ,KENT COMMUNITY HEALTH NHS FOUNDATION TRUST,0,0,9578,0,0,0,0,0,31,0,0,0,0,0,0,0,0,0
2023-11-01,Y02615,NHS ENGLAND MIDLANDS ,SOUTH BIRMINGHAM GP WALK IN CENTRE,0,0,6370,0,0,0,0,0,0,0,0,0,0,0,0,0,0,0
2023-11-01,AAH,NHS ENGLAND SOUTH WEST ,TETBURY HOSPITAL TRUST LTD,0,0,439,0,0,0,0,0,0,0,0,0,0,0,0,0,0,0
2023-11-01,AJN,NHS ENGLAND NORTH EAST AND YORKSHIRE ,WORKINGTON HEALTH LIMITED,0,0,431,0,0,0,0,0,0,0,0,0,0,0,0,0,0,0
2023-11-01,AQN04,NHS ENGLAND SOUTH EAST ,PHL LYMINGTON UTC,0,0,2356,0,0,5,0,0,16,0,0,0,0,0,0,0,0,0
2023-11-01,NL7,NHS ENGLAND MIDLANDS ,ASSURA VERTIS URGENT CARE CENTRES (BIRMINGHAM),0,0,4161,0,0,0,0,0,0,0,0,0,0,0,0,0,0,0
2023-11-01,NQT5F,NHS ENGLAND NORTH WEST ,SKELMERSDALE WALK IN CENTRE,0,0,1875,0,0,0,0,0,47,0,0,0,0,0,0,0,0,0
2023-11-01,NQT5H,NHS ENGLAND SOUTH WEST ,PAULTON MEMORIAL HOSPITAL,0,0,807,0,0,0,0,0,11,0,0,0,0,0,0,0,0,0
2023-11-01,NQTE4,NHS ENGLAND MIDLANDS ,SUMMERFIELD URGENT CARE CENTRE,0,0,3218,0,0,0,0,0,0,0,0,0,0,0,0,0,0,0
2023-11-01,RDY,NHS ENGLAND SOUTH WEST ,DORSET HEALTHCARE UNIVERSITY NHS FOUNDATION TRUST,0,0,0,0,0,0,0,0,0,0,0,0,0,0,0,0,2,4
2023-11-01,RJ8,NHS ENGLAND SOUTH WEST ,CORNWALL PARTNERSHIP NHS FOUNDATION TRUST,0,0,0,0,0,0,0,0,0,0,0,0,0,0,0,0,11,67
2023-11-01,RPC,NHS ENGLAND SOUTH EAST ,QUEEN VICTORIA HOSPITAL NHS FOUNDATION TRUST,0,0,1494,0,0,0,0,0,10,0,0,0,0,0,0,0,0,501
2023-11-01,RWY,NHS ENGLAND NORTH EAST AND YORKSHIRE ,CALDERDALE AND HUDDERSFIELD NHS FOUNDATION TRUST,14428,0,0,0,0,0,4804,0,0,0,0,0,1374,1,2993,0,0,819
2023-11-01,Y00751,NHS ENGLAND SOUTH EAST ,EAST BERKS PRIMARY CARE OOH(WAM),0,0,0,0,0,0,0,0,0,0,0,0,0,0,0,0,0,0
2023-11-01,Y02532,NHS ENGLAND NORTH WEST ,MIRIAM MINOR EMERGENCY,0,0,1747,0,0,0,0,0,0,0,0,0,0,0,0,0,0,0
2023-11-01,ACH01,NHS ENGLAND SOUTH EAST ,WHITSTABLE MEDICAL PRACTICE,0,0,4509,0,0,0,0,0,0,0,0,0,0,0,0,0,0,0
2023-11-01,NQT51,NHS ENGLAND SOUTH EAST ,STATION PLAZA HEALTH CENTRE,0,0,1674,0,0,0,0,0,0,0,0,0,0,0,0,0,0,0
2023-11-01,RW1,NHS ENGLAND SOUTH EAST ,SOUTHERN HEALTH NHS FOUNDATION TRUST,0,0,2614,0,0,0,0,0,18,0,0,0,0,0,0,0,0,160
2023-11-01,RW4,NHS ENGLAND NORTH WEST ,MERSEY CARE NHS FOUNDATION TRUST,0,0,11150,0,0,0,0,0,1265,0,0,0,0,0,0,0,0,80
2023-11-01,Y03218,NHS ENGLAND LONDON,THE PINN UNREGISTERED WIC,0,0,757,0,0,0,0,0,0,0,0,0,0,0,0,0,0,0
2023-11-01,RJN,NHS ENGLAND NORTH WEST ,EAST CHESHIRE NHS TRUST,4177,0,0,40,0,7,1996,0,0,0,0,0,288,253,986,0,0,194
2023-11-01,RXC,NHS ENGLAND SOUTH EAST ,EAST SUSSEX HEALTHCARE NHS TRUST,8874,0,2117,791,0,1149,4048,0,38,0,0,0,284,2,3341,0,0,602
2023-11-01,8J094,NHS ENGLAND MIDLANDS ,BADGER LTD,0,0,0,0,0,2082,0,0,0,0,0,0,0,0,0,0,0,0
2023-11-01,L83087,NHS ENGLAND SOUTH WEST ,OKEHAMPTON MEDICAL CENTRE,0,0,108,0,0,0,0,0,0,0,0,0,0,0,0,0,0,0
2023-11-01,RAJ,NHS ENGLAND EAST OF ENGLAND ,MID AND SOUTH ESSEX NHS FOUNDATION TRUST,31102,0,1509,607,0,15,11094,0,53,146,0,0,3077,14,8287,0,135,1281
2023-11-01,RJR,NHS ENGLAND NORTH WEST ,COUNTESS OF CHESTER HOSPITAL NHS FOUNDATION TRUST,6288,0,432,0,0,0,3211,0,54,0,0,0,276,616,1621,0,0,1271
2023-11-01,RLT,NHS ENGLAND MIDLANDS ,GEORGE ELIOT HOSPITAL NHS TRUST,6544,0,1657,0,0,0,2168,0,40,0,0,0,783,43,904,0,0,20
2023-11-01,RQX,NHS ENGLAND LONDON,HOMERTON HEALTHCARE NHS FOUNDATION TRUST,10152,0,0,27,0,0,1867,0,0,0,0,0,194,23,1784,0,0,296
2023-11-01,RXF,NHS ENGLAND NORTH EAST AND YORKSHIRE ,MID YORKSHIRE TEACHING NHS TRUST,16566,0,5678,120,0,58,7373,0,349,12,0,0,2278,96,3611,0,134,989
2023-11-01,RY7,NHS ENGLAND NORTH WEST ,WIRRAL COMMUNITY HEALTH AND CARE NHS FOUNDATION TRUST,0,0,4434,0,0,0,0,0,124,0,0,0,0,0,0,0,0,0
2023-11-01,Y03007,NHS ENGLAND MIDLANDS ,ERDINGTON GP HEALTH & WELLBEING WIC,0,0,0,0,0,2105,0,0,0,0,0,0,0,0,0,0,0,0
2023-11-01,DD401,NHS ENGLAND SOUTH WEST ,EXMOUTH MINOR INJURY UNIT,0,0,853,0,0,0,0,0,0,0,0,0,0,0,0,0,0,0
2023-11-01,Y02147,NHS ENGLAND LONDON,URGENT CARE CENTRE (QMS),0,0,7876,0,0,39,0,0,356,0,0,0,0,0,0,0,0,0
2023-11-01,AD913,NHS ENGLAND LONDON,BECKENHAM BEACON UCC,0,0,3502,0,0,221,0,0,115,0,0,0,0,0,0,0,0,0
2023-11-01,RCU,NHS ENGLAND NORTH EAST AND YORKSHIRE ,SHEFFIELD CHILDREN'S NHS FOUNDATION TRUST,5030,0,532,272,0,32,577,0,0,34,0,0,6,1,1137,0,0,85
2023-11-01,RJC,NHS ENGLAND MIDLANDS ,SOUTH WARWICKSHIRE UNIVERSITY NHS FOUNDATION TRUST,7726,0,339,16,0,0,2412,0,0,0,0,0,473,4,2366,0,0,739
2023-11-01,RK9,NHS ENGLAND SOUTH WEST ,UNIVERSITY HOSPITALS PLYMOUTH NHS TRUST,8648,124,3720,0,0,0,5533,0,390,0,0,0,602,685,2752,0,0,1391
2023-11-01,RNU,NHS ENGLAND SOUTH EAST ,OXFORD HEALTH NHS FOUNDATION TRUST,0,0,3789,0,0,0,0,0,430,0,0,0,0,0,0,0,0,0
2023-11-01,RXQ,NHS ENGLAND SOUTH EAST ,BUCKINGHAMSHIRE HEALTHCARE NHS TRUST,9971,1276,3182,0,0,0,4288,0,154,0,0,0,352,322,3914,896,0,1301
2023-11-01,Y02676,NHS ENGLAND SOUTH EAST ,BRIGHTON STATION HEALTH CENTRE,0,0,2012,0,0,0,0,0,0,0,0,0,0,0,0,0,0,0
2023-11-01,AXG,NHS ENGLAND SOUTH WEST ,WILTSHIRE HEALTH & CARE,0,0,2012,0,0,67,0,0,23,0,0,2,0,0,0,0,0,0
2023-11-01,C82038,NHS ENGLAND MIDLANDS ,LATHAM HOUSE MEDICAL PRACTICE,0,0,264,0,0,0,0,0,0,0,0,0,0,0,0,0,0,0
2023-11-01,NR3,NHS ENGLAND MIDLANDS ,NOTTINGHAM CITYCARE PARTNERSHIP,0,0,5085,0,0,268,0,0,1288,0,0,2,0,0,0,0,0,0
2023-11-01,RBQ,NHS ENGLAND NORTH WEST ,LIVERPOOL HEART AND CHEST HOSPITAL NHS FOUNDATION TRUST,0,0,0,0,0,0,0,0,0,0,0,0,0,0,0,0,0,166
2023-11-01,RGN,NHS ENGLAND EAST OF ENGLAND ,NORTH WEST ANGLIA NHS FOUNDATION TRUST,12899,0,4390,64,0,388,7091,0,735,29,0,42,450,864,3019,0,101,1403
2023-11-01,RGR,NHS ENGLAND EAST OF ENGLAND ,WEST SUFFOLK NHS FOUNDATION TRUST,6786,0,672,66,0,0,2922,0,0,0,0,0,507,371,1825,0,0,655
2023-11-01,RL1,NHS ENGLAND MIDLANDS ,THE ROBERT JONES AND AGNES HUNT ORTHOPAEDIC HOSPITAL NHS FOUNDATION TRUST,0,0,0,0,0,0,0,0,0,0,0,0,0,0,0,0,0,22
2023-11-01,RLQ,NHS ENGLAND MIDLANDS ,WYE VALLEY NHS TRUST,5609,0,0,162,0,0,2493,0,0,51,0,0,401,249,1825,0,0,710
2023-11-01,RTP,NHS ENGLAND SOUTH EAST ,SURREY AND SUSSEX HEALTHCARE NHS TRUST,10240,0,0,0,0,0,3812,0,0,0,0,0,805,326,3227,0,0,994
2023-11-01,RV9,NHS ENGLAND NORTH EAST AND YORKSHIRE ,HUMBER TEACHING NHS FOUNDATION TRUST,0,0,923,0,0,29,0,0,6,0,0,0,0,0,0,0,0,0
2023-11-01,RWP,NHS ENGLAND MIDLANDS ,WORCESTERSHIRE ACUTE HOSPITALS NHS TRUST,12074,0,5140,189,0,0,6451,0,15,71,0,0,1086,203,3439,0,0,1352
2023-11-01,RXG,NHS ENGLAND NORTH EAST AND YORKSHIRE ,SOUTH WEST YORKSHIRE PARTNERSHIP NHS FOUNDATION TRUST,0,0,0,0,0,0,0,0,0,0,0,0,0,0,0,0,0,124
2023-11-01,RXL,NHS ENGLAND NORTH WEST ,BLACKPOOL TEACHING HOSPITALS NHS FOUNDATION TRUST,7984,0,9782,248,0,171,3726,0,38,68,0,0,543,434,2466,0,0,1624
2023-11-01,RY8,NHS ENGLAND MIDLANDS ,DERBYSHIRE COMMUNITY HEALTH SERVICES NHS FOUNDATION TRUST,0,0,5756,0,0,1757,0,0,0,0,0,1,0,0,0,0,0,0
2023-11-01,RYF,NHS ENGLAND SOUTH WEST ,SOUTH WESTERN AMBULANCE SERVICE NHS FOUNDATION TRUST,0,0,1450,0,0,0,0,0,135,0,0,0,0,0,0,0,0,0
2023-11-01,Y02428,NHS ENGLAND EAST OF ENGLAND ,PUTNOE WALK IN CENTRE,0,0,2634,0,0,0,0,0,0,0,0,0,0,0,0,0,0,0
2023-11-01,ARN03,NHS ENGLAND NORTH EAST AND YORKSHIRE ,LOCAL CARE DIRECT,0,0,2136,0,0,239,0,0,0,0,0,0,0,0,0,0,0,0
2023-11-01,DT301,NHS ENGLAND EAST OF ENGLAND ,HERTS URGENT CARE (ASCOTS LANE),0,0,2198,0,0,0,0,0,5,0,0,0,0,0,0,0,0,0
2023-11-01,NDA57,NHS ENGLAND SOUTH EAST ,HASLEMERE MINOR INJURIES UNIT,0,0,1273,0,0,6,0,0,0,0,0,0,0,0,0,0,0,0
2023-11-01,NDJ,NHS ENGLAND SOUTH EAST ,FIRST COMMUNITY HEALTH AND CARE CIC,0,0,1958,0,0,0,0,0,0,0,0,0,0,0,0,0,0,0
2023-11-01,NNF09,NHS ENGLAND NORTH EAST AND YORKSHIRE ,BRANSHOLME HEALTH CENTRE,0,0,3786,0,0,0,0,0,689,0,0,0,0,0,0,0,0,0
2023-11-01,NNF76,NHS ENGLAND NORTH EAST AND YORKSHIRE ,THE WILBERFORCE HEALTH CENTRE,0,0,2973,0,0,0,0,0,0,0,0,0,0,0,0,0,0,0
2023-11-01,NNF94,NHS ENGLAND NORTH EAST AND YORKSHIRE ,EAST RIDING COMMUNITY HOSPITAL,0,0,2421,0,0,0,0,0,231,0,0,0,0,0,0,0,0,0
2023-11-01,NNFA7,NHS ENGLAND NORTH EAST AND YORKSHIRE ,GOOLE & DISTRICT HOSPITAL,0,0,1388,0,0,0,0,0,7,0,0,0,0,0,0,0,0,0
2023-11-01,NNJ07,NHS ENGLAND MIDLANDS ,LOUGHBOROUGH URGENT CARE CENTRE,0,0,5299,0,0,782,0,0,7,0,0,1,0,0,0,0,0,0
2023-11-01,NNJ0H,NHS ENGLAND MIDLANDS ,LLR EA - THE MERLYN VAZ HEALTH & SOCIAL CARE CENTRE,0,0,224,0,0,1755,0,0,0,0,0,0,0,0,0,0,0,0
2023-11-01,NNJ12,NHS ENGLAND MIDLANDS ,MARKET HARBOROUGH,0,0,91,0,0,327,0,0,0,0,0,0,0,0,0,0,0,0
2023-11-01,NNJ13,NHS ENGLAND MIDLANDS ,MELTON MOWBRAY,0,0,58,0,0,344,0,0,0,0,0,0,0,0,0,0,0,0
2023-11-01,NNJ14,NHS ENGLAND MIDLANDS ,OADBY,0,0,875,0,0,1595,0,0,0,0,0,0,0,0,0,0,0,0
2023-11-01,NNJ15,NHS ENGLAND MIDLANDS ,OAKHAM,0,0,66,0,0,321,0,0,0,0,0,1,0,0,0,0,0,0
2023-11-01,NTP11,NHS ENGLAND SOUTH EAST ,PRACTICE PLUS GROUP HOSPITAL - SOUTHAMPTON,0,0,5008,0,0,0,0,0,499,0,0,0,0,0,0,0,0,0
2023-11-01,NTPAD,NHS ENGLAND SOUTH EAST ,PRACTICE PLUS GROUP SURGICAL CENTRE - ST MARYS PORTSMOUTH,0,0,5000,0,0,300,0,0,180,0,0,7,0,0,0,0,0,0
2023-11-01,RA2,NHS ENGLAND SOUTH EAST ,ROYAL SURREY COUNTY HOSPITAL NHS FOUNDATION TRUST,6500,0,0,571,0,0,3039,0,0,224,0,0,582,44,2169,0,0,1059
2023-11-01,RBD,NHS ENGLAND SOUTH WEST ,DORSET COUNTY HOSPITAL NHS FOUNDATION TRUST,4052,0,0,324,0,3284,1440,0,0,67,0,4,207,56,1732,0,0,583
2023-11-01,RCB,NHS ENGLAND NORTH EAST AND YORKSHIRE ,YORK AND SCARBOROUGH TEACHING HOSPITALS NHS FOUNDATION TRUST,10087,374,8103,0,0,750,5845,0,310,0,0,3,881,882,4383,0,0,1582
2023-11-01,RD1,NHS ENGLAND SOUTH WEST ,ROYAL UNITED HOSPITALS BATH NHS FOUNDATION TRUST,8275,0,0,0,0,0,3152,0,0,0,0,0,683,11,2529,0,4,1607
2023-11-01,RDU,NHS ENGLAND SOUTH EAST ,FRIMLEY HEALTH NHS FOUNDATION TRUST,22419,0,0,0,0,0,9301,0,0,0,0,0,2347,11,6405,0,0,299
2023-11-01,REF,NHS ENGLAND SOUTH WEST ,ROYAL CORNWALL HOSPITALS NHS TRUST,5708,0,10246,0,0,0,3153,0,491,0,0,0,412,730,2003,0,54,1173
2023-11-01,REM,NHS ENGLAND NORTH WEST ,LIVERPOOL UNIVERSITY HOSPITALS NHS FOUNDATION TRUST,16733,226,7769,476,0,0,7769,0,1180,75,0,0,2040,1325,4938,0,0,2242
2023-11-01,REP,NHS ENGLAND NORTH WEST ,LIVERPOOL WOMEN'S NHS FOUNDATION TRUST,0,1253,0,0,143,0,0,147,0,0,0,0,0,0,0,87,0,27
2023-11-01,RGT,NHS ENGLAND EAST OF ENGLAND ,CAMBRIDGE UNIVERSITY HOSPITALS NHS FOUNDATION TRUST,10314,0,5239,674,0,344,5858,0,132,344,0,38,849,343,2209,0,17,353
2023-11-01,RH8,NHS ENGLAND SOUTH WEST ,ROYAL DEVON UNIVERSITY HEALTHCARE NHS FOUNDATION TRUST,11391,0,3213,1004,0,59,5162,0,56,437,0,6,773,46,3810,0,0,2144
2023-11-01,RJ7,NHS ENGLAND LONDON,ST GEORGE'S UNIVERSITY HOSPITALS NHS FOUNDATION TRUST,8839,0,2767,856,0,0,3612,0,0,178,0,0,533,653,2441,0,0,928
2023-11-01,RJE,NHS ENGLAND MIDLANDS ,UNIVERSITY HOSPITALS OF NORTH MIDLANDS NHS TRUST,12846,422,7286,554,0,284,7023,0,261,265,0,5,556,1181,5706,0,0,3046
2023-11-01,RL4,NHS ENGLAND MIDLANDS ,THE ROYAL WOLVERHAMPTON NHS TRUST,12851,0,6686,0,0,859,4262,0,366,0,0,0,1059,395,5820,0,0,880
2023-11-01,RNN,NHS ENGLAND NORTH EAST AND YORKSHIRE ,NORTH CUMBRIA INTEGRATED CARE NHS FOUNDATION TRUST,8486,0,1519,324,0,41,3817,0,1,78,0,1,667,568,2252,0,0,838
2023-11-01,RP5,NHS ENGLAND NORTH EAST AND YORKSHIRE ,DONCASTER AND BASSETLAW TEACHING HOSPITALS NHS FOUNDATION TRUST,12883,0,3399,0,0,0,5498,0,4,0,0,0,1122,205,3477,0,429,1279
2023-11-01,RR7,NHS ENGLAND NORTH EAST AND YORKSHIRE ,GATESHEAD HEALTH NHS FOUNDATION TRUST,5770,0,3426,30,0,37,2671,0,45,12,0,0,910,0,1666,0,0,707
2023-11-01,RRK,NHS ENGLAND MIDLANDS ,UNIVERSITY HOSPITALS BIRMINGHAM NHS FOUNDATION TRUST,32528,0,1253,78,0,205,15329,0,20,35,0,0,2807,2089,10610,0,0,5796
2023-11-01,RTG,NHS ENGLAND MIDLANDS ,UNIVERSITY HOSPITALS OF DERBY AND BURTON NHS FOUNDATION TRUST,20040,0,9435,236,0,67,9484,0,42,108,0,4,1093,538,4091,0,14,2355
2023-11-01,RY4,NHS ENGLAND EAST OF ENGLAND ,HERTFORDSHIRE COMMUNITY NHS TRUST,0,0,978,0,0,0,0,0,25,0,0,0,0,0,0,0,0,0
2023-11-01,C83023,NHS ENGLAND MIDLANDS ,SLEAFORD MEDICAL GROUP,0,0,474,0,0,0,0,0,0,0,0,0,0,0,0,0,0,7
2023-11-01,NTV0B,NHS ENGLAND SOUTH EAST ,ASHFORD WALK-IN-CENTRE,0,0,2507,0,0,0,0,0,115,0,0,0,0,0,0,0,0,0
2023-11-01,NTV0W,NHS ENGLAND SOUTH EAST ,WOKING WALK IN CENTRE,0,0,2464,0,0,0,0,0,121,0,0,0,0,0,0,0,0,0
2023-11-01,NV693,NHS ENGLAND NORTH WEST ,ROSSENDALE MIU & OOH,0,0,902,0,0,0,0,0,0,0,0,0,0,0,0,0,0,0
2023-11-01,R0B,NHS ENGLAND NORTH EAST AND YORKSHIRE ,SOUTH TYNESIDE AND SUNDERLAND NHS FOUNDATION TRUST,11923,1245,5746,439,0,1095,5460,11,144,212,0,16,950,0,4467,20,0,960
2023-11-01,RA7,NHS ENGLAND SOUTH WEST ,UNIVERSITY HOSPITALS BRISTOL AND WESTON NHS FOUNDATION TRUST,15369,2212,0,0,0,0,6349,82,0,0,0,0,1360,361,5126,11,0,1611
2023-11-01,RAN,NHS ENGLAND LONDON,ROYAL NATIONAL ORTHOPAEDIC HOSPITAL NHS TRUST,0,0,0,0,0,0,0,0,0,0,0,0,0,0,0,0,0,41
2023-11-01,RBT,NHS ENGLAND NORTH WEST ,MID CHESHIRE HOSPITALS NHS FOUNDATION TRUST,7024,0,2555,83,0,16,4005,0,43,20,0,2,471,650,2212,0,0,1124
2023-11-01,RBV,NHS ENGLAND NORTH WEST ,THE CHRISTIE NHS FOUNDATION TRUST,0,0,0,0,0,0,0,0,0,0,0,0,0,0,0,0,0,622
2023-11-01,RCX,NHS ENGLAND EAST OF ENGLAND ,"THE QUEEN ELIZABETH HOSPITAL, KING'S LYNN, NHS FOUNDATION TRUST",6323,0,982,29,0,0,2979,0,0,13,0,0,246,71,2260,0,0,658
2023-11-01,RD8,NHS ENGLAND EAST OF ENGLAND ,MILTON KEYNES UNIVERSITY HOSPITAL NHS FOUNDATION TRUST,8043,0,5154,548,0,95,3003,0,264,180,0,0,645,0,2180,0,0,445
2023-11-01,RFR,NHS ENGLAND NORTH EAST AND YORKSHIRE ,THE ROTHERHAM NHS FOUNDATION TRUST,8189,0,0,0,0,0,3044,0,0,0,0,0,488,0,3014,0,0,578
2023-11-01,RJZ,NHS ENGLAND LONDON,KING'S COLLEGE HOSPITAL NHS FOUNDATION TRUST,14716,0,8488,86,0,1111,8078,0,437,36,0,126,1778,900,3573,0,0,513
2023-11-01,RK5,NHS ENGLAND MIDLANDS ,SHERWOOD FOREST HOSPITALS NHS FOUNDATION TRUST,10394,0,4941,20,0,110,4730,0,341,9,0,5,817,146,3448,0,0,367
2023-11-01,RKE,NHS ENGLAND LONDON,WHITTINGTON HEALTH NHS TRUST,8592,0,0,0,0,0,3563,0,0,0,0,0,216,436,1056,0,0,43
2023-11-01,RMP,NHS ENGLAND NORTH WEST ,TAMESIDE AND GLOSSOP INTEGRATED CARE NHS FOUNDATION TRUST,8465,0,2961,383,0,136,4131,0,0,0,0,0,472,83,2435,0,0,475
2023-11-01,RQM,NHS ENGLAND LONDON,CHELSEA AND WESTMINSTER HOSPITAL NHS FOUNDATION TRUST,19190,0,5761,692,0,0,5625,0,443,0,0,0,836,27,2770,0,0,378
2023-11-01,RR8,NHS ENGLAND NORTH EAST AND YORKSHIRE ,LEEDS TEACHING HOSPITALS NHS TRUST,17064,0,11426,100,0,25,7735,0,23,30,0,0,1804,365,3840,0,0,1117
2023-11-01,RRV,NHS ENGLAND LONDON,UNIVERSITY COLLEGE LONDON HOSPITALS NHS FOUNDATION TRUST,12433,0,0,617,0,0,3887,0,0,0,0,0,409,98,1482,0,0,273
2023-11-01,RTD,NHS ENGLAND NORTH EAST AND YORKSHIRE ,THE NEWCASTLE UPON TYNE HOSPITALS NHS FOUNDATION TRUST,12733,1497,5455,0,0,814,5419,102,0,0,0,0,619,90,3710,10,0,2744
2023-11-01,RTF,NHS ENGLAND NORTH EAST AND YORKSHIRE ,NORTHUMBRIA HEALTHCARE NHS FOUNDATION TRUST,9917,0,10765,0,0,0,2670,0,13,0,0,0,73,6,5196,0,74,1323
2023-11-01,RTK,NHS ENGLAND SOUTH EAST ,ASHFORD AND ST PETER'S HOSPITALS NHS FOUNDATION TRUST,9935,0,0,0,0,0,4539,0,0,0,0,0,977,5,2417,0,0,364
2023-11-01,RVW,NHS ENGLAND NORTH EAST AND YORKSHIRE ,NORTH TEES AND HARTLEPOOL NHS FOUNDATION TRUST,4702,0,11012,0,0,0,2309,0,50,0,0,0,158,2,1696,0,561,2163
2023-11-01,RWH,NHS ENGLAND EAST OF ENGLAND ,EAST AND NORTH HERTFORDSHIRE NHS TRUST,9932,0,5160,0,0,363,5854,0,11,0,0,2,246,32,2664,0,0,231
2023-11-01,RXK,NHS ENGLAND MIDLANDS ,SANDWELL AND WEST BIRMINGHAM HOSPITALS NHS TRUST,14191,1018,8321,949,0,0,7311,173,340,242,0,0,1689,373,2893,0,0,447
2023-11-01,RXR,NHS ENGLAND NORTH WEST ,EAST LANCASHIRE HOSPITALS NHS TRUST,11560,0,8070,0,0,0,4292,0,669,0,0,0,244,1133,3459,0,82,1974
2023-11-01,RXW,NHS ENGLAND MIDLANDS ,THE SHREWSBURY AND TELFORD HOSPITAL NHS TRUST,9998,0,1797,106,0,420,5901,0,204,40,0,4,471,862,2679,0,45,2266
2023-11-01,RY5,NHS ENGLAND MIDLANDS ,LINCOLNSHIRE COMMUNITY HEALTH SERVICES NHS TRUST,0,0,7996,0,0,0,0,0,277,0,0,0,0,0,0,0,0,0
2023-11-01,RYG,NHS ENGLAND MIDLANDS ,COVENTRY AND WARWICKSHIRE PARTNERSHIP NHS TRUST,0,0,0,0,0,0,0,0,0,0,0,0,0,0,0,0,10,54
2023-11-01,C82009,NHS ENGLAND MIDLANDS ,MARKET HARBOROUGH MED.CTR,0,0,332,0,0,0,0,0,0,0,0,0,0,0,0,0,0,0
2023-11-01,R1D,NHS ENGLAND MIDLANDS ,SHROPSHIRE COMMUNITY HEALTH NHS TRUST,0,0,2972,0,0,0,0,0,11,0,0,0,0,0,0,0,0,2
2023-11-01,R1F,NHS ENGLAND SOUTH EAST ,ISLE OF WIGHT NHS TRUST,3296,0,1985,19,0,27,1613,0,0,8,0,0,283,155,1108,0,0,311
2023-11-01,R1K,NHS ENGLAND LONDON,LONDON NORTH WEST UNIVERSITY HEALTHCARE NHS TRUST,12646,0,14204,0,0,0,7365,0,249,0,0,0,918,572,6651,0,0,961
2023-11-01,RAE,NHS ENGLAND NORTH EAST AND YORKSHIRE ,BRADFORD TEACHING HOSPITALS NHS FOUNDATION TRUST,9145,0,3103,0,0,0,3192,0,0,0,0,0,866,95,2730,0,113,1545
2023-11-01,RBK,NHS ENGLAND MIDLANDS ,WALSALL HEALTHCARE NHS TRUST,8135,0,3915,392,0,140,3151,0,94,70,0,0,1060,109,3548,0,0,785
2023-11-01,RDE,NHS ENGLAND EAST OF ENGLAND ,EAST SUFFOLK AND NORTH ESSEX NHS FOUNDATION TRUST,14293,0,10939,289,0,220,7053,0,182,0,0,0,1194,314,5374,0,237,910
2023-11-01,RFF,NHS ENGLAND NORTH EAST AND YORKSHIRE ,BARNSLEY HOSPITAL NHS FOUNDATION TRUST,8177,0,0,458,0,0,3278,0,0,0,0,0,628,2,2789,0,0,506
2023-11-01,RH5,NHS ENGLAND SOUTH WEST ,SOMERSET NHS FOUNDATION TRUST,12276,0,8320,0,0,0,5066,0,220,0,0,0,346,4,3290,0,0,2147
2023-11-01,RHM,NHS ENGLAND SOUTH EAST ,UNIVERSITY HOSPITAL SOUTHAMPTON NHS FOUNDATION TRUST,11462,1231,0,170,0,0,5075,74,0,61,0,0,659,12,3402,14,0,1435
2023-11-01,RHQ,NHS ENGLAND NORTH EAST AND YORKSHIRE ,SHEFFIELD TEACHING HOSPITALS NHS FOUNDATION TRUST,8765,1097,7152,402,1,1008,4742,0,211,190,0,22,1447,6,3676,0,0,2772
2023-11-01,RHW,NHS ENGLAND SOUTH EAST ,ROYAL BERKSHIRE NHS FOUNDATION TRUST,12094,2214,0,524,0,0,4908,16,0,0,0,0,715,0,2621,1,0,914
2023-11-01,RJL,NHS ENGLAND NORTH EAST AND YORKSHIRE ,NORTHERN LINCOLNSHIRE AND GOOLE NHS FOUNDATION TRUST,14469,0,0,0,0,0,4977,0,0,0,0,0,839,687,4606,0,0,579
2023-11-01,RKB,NHS ENGLAND MIDLANDS ,UNIVERSITY HOSPITALS COVENTRY AND WARWICKSHIRE NHS TRUST,11301,1753,6796,51,0,99,5791,98,331,30,0,1,284,11,2908,54,86,1489
2023-11-01,RMC,NHS ENGLAND NORTH WEST ,BOLTON NHS FOUNDATION TRUST,7757,0,3334,100,0,35,4095,0,536,44,0,6,481,530,2161,0,196,824
2023-11-01,RN5,NHS ENGLAND SOUTH EAST ,HAMPSHIRE HOSPITALS NHS FOUNDATION TRUST,12015,0,402,0,0,150,5083,0,2,0,0,0,1087,74,3991,0,0,1235
2023-11-01,RN7,NHS ENGLAND SOUTH EAST ,DARTFORD AND GRAVESHAM NHS TRUST,11908,0,3679,0,0,0,4095,0,23,0,0,0,1081,10,3181,0,0,395
2023-11-01,RNZ,NHS ENGLAND SOUTH WEST ,SALISBURY NHS FOUNDATION TRUST,4161,301,1567,294,0,0,1596,0,0,116,0,0,468,2,1251,0,0,921
2023-11-01,RP6,NHS ENGLAND LONDON,MOORFIELDS EYE HOSPITAL NHS FOUNDATION TRUST,0,5254,0,0,0,0,0,28,0,0,0,0,0,0,0,1,0,189
2023-11-01,RRF,NHS ENGLAND NORTH WEST ,"WRIGHTINGTON, WIGAN AND LEIGH NHS FOUNDATION TRUST",7254,0,5119,0,0,0,3934,0,48,0,0,0,1170,380,2276,0,0,849
2023-11-01,RTE,NHS ENGLAND SOUTH WEST ,GLOUCESTERSHIRE HOSPITALS NHS FOUNDATION TRUST,12220,0,0,232,0,0,5165,0,0,88,0,0,487,912,2804,0,0,1723
2023-11-01,RTQ,NHS ENGLAND SOUTH WEST ,GLOUCESTERSHIRE HEALTH AND CARE NHS FOUNDATION TRUST,0,0,5709,0,0,0,0,0,20,0,0,0,0,0,0,0,0,29
2023-11-01,RTR,NHS ENGLAND NORTH EAST AND YORKSHIRE ,SOUTH TEES HOSPITALS NHS FOUNDATION TRUST,10212,0,4921,0,0,346,4693,0,251,0,0,13,1036,99,2689,0,137,2147
2023-11-01,RTX,NHS ENGLAND NORTH WEST ,UNIVERSITY HOSPITALS OF MORECAMBE BAY NHS FOUNDATION TRUST,7622,0,3764,252,0,605,3059,0,125,77,0,52,599,407,3084,0,54,974
2023-11-01,RVJ,NHS ENGLAND SOUTH WEST ,NORTH BRISTOL NHS TRUST,8514,0,0,91,0,0,3122,0,0,30,0,0,764,213,2803,0,0,1997
2023-11-01,RVV,NHS ENGLAND SOUTH EAST ,EAST KENT HOSPITALS UNIVERSITY NHS FOUNDATION TRUST,12367,0,11531,29,0,0,6786,0,320,11,0,0,486,1168,4074,0,487,1281
2023-11-01,RWD,NHS ENGLAND MIDLANDS ,UNITED LINCOLNSHIRE HOSPITALS NHS TRUST,10012,0,8900,1,0,0,6572,0,1311,1,0,0,893,799,4208,0,0,1094
2023-11-01,RWE,NHS ENGLAND MIDLANDS ,UNIVERSITY HOSPITALS OF LEICESTER NHS TRUST,21869,1833,0,0,0,0,11347,63,0,0,0,0,1638,1387,5656,2,0,3308
2023-11-01,RWW,NHS ENGLAND NORTH WEST ,WARRINGTON AND HALTON TEACHING HOSPITALS NHS FOUNDATION TRUST,6797,0,2964,173,0,78,3497,0,125,57,0,6,644,769,1790,0,0,264
2023-11-01,RXN,NHS ENGLAND NORTH WEST ,LANCASHIRE TEACHING HOSPITALS NHS FOUNDATION TRUST,11675,0,3671,150,0,87,4977,0,196,41,0,1,1152,302,3213,0,213,1501
2023-11-01,RXP,NHS ENGLAND NORTH EAST AND YORKSHIRE ,COUNTY DURHAM AND DARLINGTON NHS FOUNDATION TRUST,12587,0,4141,0,0,5374,6087,0,0,0,0,0,1911,18,4431,0,0,768
2023-11-01,RY2,NHS ENGLAND NORTH WEST ,BRIDGEWATER COMMUNITY HEALTHCARE NHS FOUNDATION TRUST,0,0,3308,0,0,151,0,0,177,0,0,10,0,0,0,0,0,0
2023-11-01,RYR,NHS ENGLAND SOUTH EAST ,UNIVERSITY HOSPITALS SUSSEX NHS FOUNDATION TRUST,24316,1522,1982,1815,0,463,10319,20,116,516,0,8,1810,1813,7903,19,46,1390
2023-11-01,RAL,NHS ENGLAND LONDON,ROYAL FREE LONDON NHS FOUNDATION TRUST,17666,0,8607,0,0,0,8616,0,827,0,0,0,1200,688,4183,0,0,525
2023-11-01,RAP,NHS ENGLAND LONDON,NORTH MIDDLESEX UNIVERSITY HOSPITAL NHS TRUST,8452,511,6919,78,0,118,4737,7,1205,47,0,25,266,806,1511,0,0,180
2023-11-01,RBN,NHS ENGLAND NORTH WEST ,MERSEY AND WEST LANCASHIRE TEACHING HOSPITALS NHS TRUST,17429,0,7179,390,0,0,7511,0,291,89,0,0,536,343,7531,0,0,607
2023-11-01,RCF,NHS ENGLAND NORTH EAST AND YORKSHIRE ,AIREDALE NHS FOUNDATION TRUST,5400,266,10,433,0,0,3173,0,0,0,0,0,393,238,1450,0,0,601
2023-11-01,RF4,NHS ENGLAND LONDON,"BARKING, HAVERING AND REDBRIDGE UNIVERSITY HOSPITALS NHS TRUST",12638,2126,12047,0,0,0,6301,493,1595,0,0,0,615,740,7301,0,0,405
2023-11-01,RGP,NHS ENGLAND EAST OF ENGLAND ,JAMES PAGET UNIVERSITY HOSPITALS NHS FOUNDATION TRUST,6280,0,1070,119,0,0,2193,0,0,38,0,0,595,237,1733,0,0,546
2023-11-01,RHU,NHS ENGLAND SOUTH EAST ,PORTSMOUTH HOSPITALS UNIVERSITY NATIONAL HEALTH SERVICE TRUST,9278,778,2572,1353,0,663,4867,10,25,649,0,17,1431,24,3693,0,0,2498
2023-11-01,RJ2,NHS ENGLAND LONDON,LEWISHAM AND GREENWICH NHS TRUST,13620,0,11820,31,0,0,7924,0,1808,8,0,0,1267,606,3672,0,0,1354
2023-11-01,RM1,NHS ENGLAND EAST OF ENGLAND ,NORFOLK AND NORWICH UNIVERSITY HOSPITALS NHS FOUNDATION TRUST,10577,0,7801,355,0,0,4017,0,0,85,0,0,846,272,2438,0,0,1613
2023-11-01,RQ3,NHS ENGLAND MIDLANDS ,BIRMINGHAM WOMEN'S AND CHILDREN'S NHS FOUNDATION TRUST,5628,0,0,0,0,0,1934,0,0,0,0,0,0,0,1031,0,0,219
2023-11-01,RWA,NHS ENGLAND NORTH EAST AND YORKSHIRE ,HULL UNIVERSITY TEACHING HOSPITALS NHS TRUST,10991,0,0,0,0,0,6005,0,0,0,0,0,935,577,3381,0,0,1815
2023-11-01,RWG,NHS ENGLAND EAST OF ENGLAND ,WEST HERTFORDSHIRE TEACHING HOSPITALS NHS TRUST,7712,0,7961,0,0,258,4333,0,221,0,0,0,1480,25,3436,0,0,473
2023-11-01,RWJ,NHS ENGLAND NORTH WEST ,STOCKPORT NHS FOUNDATION TRUST,8994,0,0,705,0,0,3426,0,0,194,0,0,1015,224,2718,0,0,747
2023-11-01,RWX,NHS ENGLAND SOUTH EAST ,BERKSHIRE HEALTHCARE NHS FOUNDATION TRUST,0,0,1381,0,0,0,0,0,11,0,0,0,0,0,0,0,40,0
2023-11-01,Y03571,NHS ENGLAND MIDLANDS ,CORBY URGENT CARE CENTRE,0,0,8442,0,0,598,0,0,94,0,0,0,0,0,0,0,0,0
2023-11-01,R0A,NHS ENGLAND NORTH WEST ,MANCHESTER UNIVERSITY NHS FOUNDATION TRUST,24747,3199,12197,2802,421,803,11810,151,1086,1217,14,146,3782,191,5768,188,223,452
2023-11-01,R0D,NHS ENGLAND SOUTH WEST ,UNIVERSITY HOSPITALS DORSET NHS FOUNDATION TRUST,12216,0,3609,636,0,0,5966,0,0,285,0,0,986,70,4068,3,0,2314
2023-11-01,R1H,NHS ENGLAND LONDON,BARTS HEALTH NHS TRUST,24350,885,15862,0,0,0,11900,25,2473,0,0,0,1200,1254,5293,0,0,1221
2023-11-01,RC9,NHS ENGLAND EAST OF ENGLAND ,BEDFORDSHIRE HOSPITALS NHS FOUNDATION TRUST,15567,0,7247,0,0,676,5763,0,0,0,0,0,80,0,4791,0,0,2359
2023-11-01,RYX,NHS ENGLAND LONDON,CENTRAL LONDON COMMUNITY HEALTHCARE NHS TRUST,0,0,10277,0,0,348,0,0,273,0,0,4,0,0,0,0,0,0
2023-11-01,RAS,NHS ENGLAND LONDON,THE HILLINGDON HOSPITALS NHS FOUNDATION TRUST,5486,0,5827,0,0,0,3860,0,159,0,0,0,501,5,1823,0,0,215
2023-11-01,RBS,NHS ENGLAND NORTH WEST ,ALDER HEY CHILDREN'S NHS FOUNDATION TRUST,6040,0,0,0,0,0,1267,0,0,0,0,0,0,0,957,0,0,387
2023-11-01,RDR,NHS ENGLAND SOUTH EAST ,SUSSEX COMMUNITY NHS FOUNDATION TRUST,0,0,10981,0,0,0,0,0,169,0,0,0,0,0,0,0,0,0
2023-11-01,RN3,NHS ENGLAND SOUTH WEST ,GREAT WESTERN HOSPITALS NHS FOUNDATION TRUST,5236,0,5014,0,0,241,2685,0,310,0,0,1,424,126,2264,0,0,1514
2023-11-01,RYJ,NHS ENGLAND LONDON,IMPERIAL COLLEGE HEALTHCARE NHS TRUST,12188,3780,6227,0,0,305,6000,36,726,0,0,0,779,104,3642,4,0,1094
2023-11-01,RBL,NHS ENGLAND NORTH WEST ,WIRRAL UNIVERSITY TEACHING HOSPITAL NHS FOUNDATION TRUST,7939,0,2805,123,0,126,4334,0,25,56,0,0,751,437,2199,0,0,1600
2023-11-01,RJ6,NHS ENGLAND LONDON,CROYDON HEALTH SERVICES NHS TRUST,12899,0,4803,1,0,0,5272,0,0,0,0,0,549,504,1475,0,0,135
2023-11-01,RM3,NHS ENGLAND NORTH WEST ,NORTHERN CARE ALLIANCE NHS FOUNDATION TRUST,24309,0,7154,0,0,0,12245,0,244,0,0,0,1386,848,6990,0,383,1901
2023-11-01,RQW,NHS ENGLAND EAST OF ENGLAND ,THE PRINCESS ALEXANDRA HOSPITAL NHS TRUST,8426,0,816,0,0,865,5028,0,21,0,0,0,580,128,2057,0,0,480
2023-11-01,RCD,NHS ENGLAND NORTH EAST AND YORKSHIRE ,HARROGATE AND DISTRICT NHS FOUNDATION TRUST,4710,0,703,163,0,31,1695,0,0,41,0,0,450,46,1292,0,0,493
2023-11-01,RET,NHS ENGLAND NORTH WEST ,THE WALTON CENTRE NHS FOUNDATION TRUST,0,0,0,0,0,0,0,0,0,0,0,0,0,0,0,0,0,176
2023-11-01,RJ1,NHS ENGLAND LONDON,GUY'S AND ST THOMAS' NHS FOUNDATION TRUST,10626,801,4270,0,0,1810,5203,0,387,0,0,0,280,56,1857,0,0,288
2023-11-01,RNA,NHS ENGLAND MIDLANDS ,THE DUDLEY GROUP NHS FOUNDATION TRUST,9348,0,4639,153,0,623,3902,0,70,26,0,0,2999,142,3481,0,0,1818
2023-11-01,RNQ,NHS ENGLAND MIDLANDS ,KETTERING GENERAL HOSPITAL NHS FOUNDATION TRUST,9238,0,0,334,0,0,4687,0,0,0,0,0,1332,0,1973,0,0,146
2023-11-01,RTH,NHS ENGLAND SOUTH EAST ,OXFORD UNIVERSITY HOSPITALS NHS FOUNDATION TRUST,12200,1867,414,1530,0,97,6046,0,18,711,0,6,996,0,4040,136,3,4200
2023-11-01,NNJ,NHS ENGLAND MIDLANDS ,DHU HEALTH CARE C.I.C,0,0,1851,0,0,0,0,0,1,0,0,0,0,0,0,0,0,0
2023-11-01,RPA,NHS ENGLAND SOUTH EAST ,MEDWAY NHS FOUNDATION TRUST,8409,0,6649,320,0,1315,3234,0,1139,85,0,0,396,766,2163,0,0,1097
2023-11-01,Y04538,NHS ENGLAND SOUTH EAST ,BRACKNELL URGENT CARE CENTRE WIC,0,0,2269,0,0,0,0,0,0,0,0,0,0,0,0,0,0,0
2023-11-01,RNS,NHS ENGLAND MIDLANDS ,NORTHAMPTON GENERAL HOSPITAL NHS TRUST,9057,543,2072,105,0,31,4388,13,46,28,0,4,293,836,1931,0,0,1415
2023-11-01,RAX,NHS ENGLAND LONDON,KINGSTON HOSPITAL NHS FOUNDATION TRUST,7336,0,7719,0,0,0,4079,0,303,0,0,0,391,236,1918,0,96,548
2023-11-01,RY9,NHS ENGLAND LONDON,HOUNSLOW AND RICHMOND COMMUNITY HEALTHCARE NHS TRUST,0,0,0,0,0,0,0,0,0,0,0,0,0,0,0,0,0,0
2023-11-01,RWF,NHS ENGLAND SOUTH EAST ,MAIDSTONE AND TUNBRIDGE WELLS NHS TRUST,18056,0,2166,780,0,194,3250,0,50,61,0,10,1078,105,5655,0,0,1108
2023-11-01,RX1,NHS ENGLAND MIDLANDS ,NOTTINGHAM UNIVERSITY HOSPITALS NHS TRUST,15318,1883,295,508,0,0,9264,325,10,304,0,0,700,977,3958,0,0,3803
2023-11-01,NLX,NHS ENGLAND SOUTH WEST ,SIRONA CARE & HEALTH,0,0,7544,0,0,208,0,0,486,0,0,51,0,0,0,0,0,0
2023-11-01,RFS,NHS ENGLAND MIDLANDS ,CHESTERFIELD ROYAL HOSPITAL NHS FOUNDATION TRUST,7141,0,1071,251,0,105,3091,0,212,112,0,18,719,37,2462,0,332,689
2023-11-01,G0Q0L,NHS ENGLAND LONDON,BARKING HOSPITAL UTC,0,0,2611,0,0,0,0,0,195,0,0,0,0,0,0,0,0,0
2023-11-01,K6K0R,NHS ENGLAND LONDON,HAROLD WOOD POLYCLINIC UTC,0,0,2665,0,0,0,0,0,179,0,0,0,0,0,0,0,0,0
2023-11-01,RA9,NHS ENGLAND SOUTH WEST ,TORBAY AND SOUTH DEVON NHS FOUNDATION TRUST,5922,0,2725,282,0,2,2836,0,32,83,0,0,673,143,2045,0,0,1152
2023-11-01,RVR,NHS ENGLAND LONDON,EPSOM AND ST HELIER UNIVERSITY HOSPITALS NHS TRUST,12830,308,0,216,1,0,3405,0,0,27,0,0,312,638,2042,6,0,158
2023-10-01,NQTE4,NHS ENGLAND MIDLANDS ,SUMMERFIELD URGENT CARE CENTRE,0,0,3397,0,0,0,0,0,0,0,0,0,0,0,0,0,0,0
2023-10-01,RAT,NHS ENGLAND LONDON,NORTH EAST LONDON NHS FOUNDATION TRUST,0,0,2014,0,0,0,0,0,86,0,0,0,0,0,0,0,0,0
2023-10-01,RYY,NHS ENGLAND SOUTH EAST ,KENT COMMUNITY HEALTH NHS FOUNDATION TRUST,0,0,9657,0,0,0,0,0,27,0,0,0,0,0,0,0,0,0
2023-10-01,8J094,NHS ENGLAND MIDLANDS ,BADGER LTD,0,0,0,0,0,2150,0,0,0,0,0,0,0,0,0,0,0,0
2023-10-01,AAH,NHS ENGLAND SOUTH WEST ,TETBURY HOSPITAL TRUST LTD,0,0,407,0,0,0,0,0,1,0,0,0,0,0,0,0,0,0
2023-10-01,AJN,NHS ENGLAND NORTH EAST AND YORKSHIRE ,WORKINGTON HEALTH LIMITED,0,0,458,0,0,0,0,0,0,0,0,0,0,0,0,0,0,0
2023-10-01,C82038,NHS ENGLAND MIDLANDS ,LATHAM HOUSE MEDICAL PRACTICE,0,0,275,0,0,0,0,0,0,0,0,0,0,0,0,0,0,0
2023-10-01,NL7,NHS ENGLAND MIDLANDS ,ASSURA VERTIS URGENT CARE CENTRES (BIRMINGHAM),0,0,4107,0,0,0,0,0,0,0,0,0,0,0,0,0,0,0
2023-10-01,NQT51,NHS ENGLAND SOUTH EAST ,STATION PLAZA HEALTH CENTRE,0,0,1627,0,0,0,0,0,0,0,0,0,0,0,0,0,0,0
2023-10-01,NQT5F,NHS ENGLAND NORTH WEST ,SKELMERSDALE WALK IN CENTRE,0,0,2012,0,0,0,0,0,15,0,0,0,0,0,0,0,0,0
2023-10-01,NQT5H,NHS ENGLAND SOUTH WEST ,PAULTON MEMORIAL HOSPITAL,0,0,984,0,0,0,0,0,30,0,0,0,0,0,0,0,0,0
2023-10-01,R0B,NHS ENGLAND NORTH EAST AND YORKSHIRE ,SOUTH TYNESIDE AND SUNDERLAND NHS FOUNDATION TRUST,11808,1337,5679,429,0,1190,5033,14,136,177,0,14,914,1,4518,18,0,1170
2023-10-01,RDY,NHS ENGLAND SOUTH WEST ,DORSET HEALTHCARE UNIVERSITY NHS FOUNDATION TRUST,0,0,0,0,0,0,0,0,0,0,0,0,0,0,0,0,5,1
2023-10-01,RGP,NHS ENGLAND EAST OF ENGLAND ,JAMES PAGET UNIVERSITY HOSPITALS NHS FOUNDATION TRUST,6540,0,1215,123,0,0,2507,0,0,35,0,0,624,332,1665,0,0,469
2023-10-01,RPC,NHS ENGLAND SOUTH EAST ,QUEEN VICTORIA HOSPITAL NHS FOUNDATION TRUST,0,0,1617,0,0,0,0,0,0,0,0,0,0,0,0,0,5,556
2023-10-01,RW1,NHS ENGLAND SOUTH EAST ,SOUTHERN HEALTH NHS FOUNDATION TRUST,0,0,2806,0,0,0,0,0,73,0,0,0,0,0,0,0,0,166
2023-10-01,RXQ,NHS ENGLAND SOUTH EAST ,BUCKINGHAMSHIRE HEALTHCARE NHS TRUST,9751,1165,3405,1,0,0,4191,0,160,1,0,0,325,338,3948,786,0,1096
2023-10-01,Y00751,NHS ENGLAND SOUTH EAST ,EAST BERKS PRIMARY CARE OOH(WAM),0,0,0,0,0,0,0,0,0,0,0,0,0,0,0,0,0,0
2023-10-01,Y02532,NHS ENGLAND NORTH WEST ,MIRIAM MINOR EMERGENCY,0,0,1790,0,0,0,0,0,6,0,0,0,0,0,0,0,0,0
2023-10-01,Y03007,NHS ENGLAND MIDLANDS ,ERDINGTON GP HEALTH & WELLBEING WIC,0,0,0,0,0,2092,0,0,0,0,0,0,0,0,0,0,0,0
2023-10-01,DD401,NHS ENGLAND SOUTH WEST ,EXMOUTH MINOR INJURY UNIT,0,0,952,0,0,0,0,0,0,0,0,0,0,0,0,0,0,0
2023-10-01,DT301,NHS ENGLAND EAST OF ENGLAND ,HERTS URGENT CARE (ASCOTS LANE),0,0,2418,0,0,0,0,0,10,0,0,0,0,0,0,0,0,0
2023-10-01,L83087,NHS ENGLAND SOUTH WEST ,OKEHAMPTON MEDICAL CENTRE,0,0,93,0,0,0,0,0,0,0,0,0,0,0,0,0,0,0
2023-10-01,RBQ,NHS ENGLAND NORTH WEST ,LIVERPOOL HEART AND CHEST HOSPITAL NHS FOUNDATION TRUST,0,0,0,0,0,0,0,0,0,0,0,0,0,0,0,0,0,146
2023-10-01,RY7,NHS ENGLAND NORTH WEST ,WIRRAL COMMUNITY HEALTH AND CARE NHS FOUNDATION TRUST,0,0,4699,0,0,0,0,0,98,0,0,0,0,0,0,0,0,0
2023-10-01,RFF,NHS ENGLAND NORTH EAST AND YORKSHIRE ,BARNSLEY HOSPITAL NHS FOUNDATION TRUST,8304,0,0,456,0,0,3006,0,0,0,0,0,385,2,2688,0,0,534
2023-10-01,RL1,NHS ENGLAND MIDLANDS ,THE ROBERT JONES AND AGNES HUNT ORTHOPAEDIC HOSPITAL NHS FOUNDATION TRUST,0,0,0,0,0,0,0,0,0,0,0,0,0,0,0,0,0,22
2023-10-01,RW4,NHS ENGLAND NORTH WEST ,MERSEY CARE NHS FOUNDATION TRUST,0,0,12246,0,0,0,0,0,1313,0,0,0,0,0,0,0,0,84
2023-10-01,Y02676,NHS ENGLAND SOUTH EAST ,BRIGHTON STATION HEALTH CENTRE,0,0,1915,0,0,0,0,0,0,0,0,0,0,0,0,0,0,0
2023-10-01,AQN04,NHS ENGLAND SOUTH EAST ,PHL LYMINGTON UTC,0,0,2818,0,0,20,0,0,31,0,0,0,0,0,0,0,0,0
2023-10-01,AXG,NHS ENGLAND SOUTH WEST ,WILTSHIRE HEALTH & CARE,0,0,2259,0,0,54,0,0,44,0,0,0,0,0,0,0,0,0
2023-10-01,RCF,NHS ENGLAND NORTH EAST AND YORKSHIRE ,AIREDALE NHS FOUNDATION TRUST,5549,286,20,490,0,0,2832,0,0,0,0,0,408,142,1383,0,0,649
2023-10-01,RNZ,NHS ENGLAND SOUTH WEST ,SALISBURY NHS FOUNDATION TRUST,4285,316,1608,262,0,0,1736,0,0,99,0,0,456,3,1305,0,0,806
2023-10-01,RY4,NHS ENGLAND EAST OF ENGLAND ,HERTFORDSHIRE COMMUNITY NHS TRUST,0,0,1047,0,0,0,0,0,27,0,0,0,0,0,0,0,0,0
2023-10-01,Y04538,NHS ENGLAND SOUTH EAST ,BRACKNELL URGENT CARE CENTRE WIC,0,0,2193,0,0,0,0,0,94,0,0,0,0,0,0,0,0,0
2023-10-01,ARN03,NHS ENGLAND NORTH EAST AND YORKSHIRE ,LOCAL CARE DIRECT,0,0,2422,0,0,260,0,0,0,0,0,0,0,0,0,0,0,0
2023-10-01,NTP11,NHS ENGLAND SOUTH EAST ,PRACTICE PLUS GROUP HOSPITAL - SOUTHAMPTON,0,0,5491,0,0,0,0,0,460,0,0,0,0,0,0,0,0,0
2023-10-01,RAN,NHS ENGLAND LONDON,ROYAL NATIONAL ORTHOPAEDIC HOSPITAL NHS TRUST,0,0,0,0,0,0,0,0,0,0,0,0,0,0,0,0,0,38
2023-10-01,RJ8,NHS ENGLAND SOUTH WEST ,CORNWALL PARTNERSHIP NHS FOUNDATION TRUST,0,0,0,0,0,0,0,0,0,0,0,0,0,0,0,0,17,56
2023-10-01,RJC,NHS ENGLAND MIDLANDS ,SOUTH WARWICKSHIRE UNIVERSITY NHS FOUNDATION TRUST,8036,0,391,12,0,0,2371,0,0,0,0,0,312,0,2222,0,0,788
2023-10-01,RNU,NHS ENGLAND SOUTH EAST ,OXFORD HEALTH NHS FOUNDATION TRUST,0,0,4083,0,0,0,0,0,510,0,0,0,0,0,0,0,0,0
2023-10-01,RQ3,NHS ENGLAND MIDLANDS ,BIRMINGHAM WOMEN'S AND CHILDREN'S NHS FOUNDATION TRUST,5395,0,0,0,0,0,1356,0,0,0,0,0,0,0,960,0,0,230
2023-10-01,RV9,NHS ENGLAND NORTH EAST AND YORKSHIRE ,HUMBER TEACHING NHS FOUNDATION TRUST,0,0,1018,0,0,36,0,0,1,0,0,2,0,0,0,0,0,0
2023-10-01,RWY,NHS ENGLAND NORTH EAST AND YORKSHIRE ,CALDERDALE AND HUDDERSFIELD NHS FOUNDATION TRUST,14971,0,0,0,0,0,5076,0,0,0,0,0,1455,3,2975,0,0,687
2023-10-01,RXF,NHS ENGLAND NORTH EAST AND YORKSHIRE ,MID YORKSHIRE TEACHING NHS TRUST,17051,0,6310,124,0,22,7313,0,579,4,0,1,2461,75,3766,0,140,940
2023-10-01,RY8,NHS ENGLAND MIDLANDS ,DERBYSHIRE COMMUNITY HEALTH SERVICES NHS FOUNDATION TRUST,0,0,6132,0,0,1916,0,0,1,0,0,0,0,0,0,0,0,0
2023-10-01,RDU,NHS ENGLAND SOUTH EAST ,FRIMLEY HEALTH NHS FOUNDATION TRUST,22398,0,0,0,0,0,8895,0,0,0,0,0,2125,3,6265,0,0,295
2023-10-01,RJN,NHS ENGLAND NORTH WEST ,EAST CHESHIRE NHS TRUST,4455,0,0,56,0,28,2109,0,0,0,0,0,267,136,994,0,0,215
2023-10-01,RLT,NHS ENGLAND MIDLANDS ,GEORGE ELIOT HOSPITAL NHS TRUST,6631,0,1658,0,0,0,2315,0,32,0,0,0,767,31,970,0,0,36
2023-10-01,RTP,NHS ENGLAND SOUTH EAST ,SURREY AND SUSSEX HEALTHCARE NHS TRUST,10162,0,0,0,0,0,3590,0,0,0,0,0,767,469,3118,0,0,832
2023-10-01,RTQ,NHS ENGLAND SOUTH WEST ,GLOUCESTERSHIRE HEALTH AND CARE NHS FOUNDATION TRUST,0,0,6619,0,0,0,0,0,18,0,0,0,0,0,0,0,0,26
2023-10-01,RXG,NHS ENGLAND NORTH EAST AND YORKSHIRE ,SOUTH WEST YORKSHIRE PARTNERSHIP NHS FOUNDATION TRUST,0,0,0,0,0,0,0,0,0,0,0,0,0,0,0,0,0,129
2023-10-01,RXL,NHS ENGLAND NORTH WEST ,BLACKPOOL TEACHING HOSPITALS NHS FOUNDATION TRUST,8573,0,10276,231,0,228,4221,0,62,78,0,0,504,813,2710,0,0,1529
2023-10-01,RY5,NHS ENGLAND MIDLANDS ,LINCOLNSHIRE COMMUNITY HEALTH SERVICES NHS TRUST,0,0,8405,0,0,0,0,0,289,0,0,0,0,0,0,0,0,0
2023-10-01,RYF,NHS ENGLAND SOUTH WEST ,SOUTH WESTERN AMBULANCE SERVICE NHS FOUNDATION TRUST,0,0,1474,0,0,0,0,0,169,0,0,0,0,0,0,0,0,0
2023-10-01,Y02615,NHS ENGLAND MIDLANDS ,SOUTH BIRMINGHAM GP WALK IN CENTRE,0,0,6466,0,0,0,0,0,0,0,0,0,0,0,0,0,0,0
2023-10-01,NDJ,NHS ENGLAND SOUTH EAST ,FIRST COMMUNITY HEALTH AND CARE CIC,0,0,2373,0,0,0,0,0,0,0,0,0,0,0,0,0,0,0
2023-10-01,NNJ07,NHS ENGLAND MIDLANDS ,LOUGHBOROUGH URGENT CARE CENTRE,0,0,5356,0,0,887,0,0,5,0,0,4,0,0,0,0,0,0
2023-10-01,NNJ0H,NHS ENGLAND MIDLANDS ,LLR EA - THE MERLYN VAZ HEALTH & SOCIAL CARE CENTRE,0,0,164,0,0,1603,0,0,0,0,0,1,0,0,0,0,0,0
2023-10-01,NNJ12,NHS ENGLAND MIDLANDS ,MARKET HARBOROUGH,0,0,83,0,0,333,0,0,0,0,0,0,0,0,0,0,0,0
2023-10-01,NNJ13,NHS ENGLAND MIDLANDS ,MELTON MOWBRAY,0,0,51,0,0,355,0,0,0,0,0,0,0,0,0,0,0,0
2023-10-01,NNJ14,NHS ENGLAND MIDLANDS ,OADBY,0,0,892,0,0,1552,0,0,0,0,0,1,0,0,0,0,0,0
2023-10-01,NNJ15,NHS ENGLAND MIDLANDS ,OAKHAM,0,0,62,0,0,332,0,0,1,0,0,0,0,0,0,0,0,0
2023-10-01,NV693,NHS ENGLAND NORTH WEST ,ROSSENDALE MIU & OOH,0,0,990,0,0,0,0,0,1,0,0,0,0,0,0,0,0,0
2023-10-01,RA7,NHS ENGLAND SOUTH WEST ,UNIVERSITY HOSPITALS BRISTOL AND WESTON NHS FOUNDATION TRUST,15469,2445,0,0,0,0,6186,134,0,0,0,0,1341,276,5170,7,0,1562
2023-10-01,RAE,NHS ENGLAND NORTH EAST AND YORKSHIRE ,BRADFORD TEACHING HOSPITALS NHS FOUNDATION TRUST,9189,0,2988,0,0,0,3293,0,0,0,0,0,964,70,2980,0,101,1599
2023-10-01,RCU,NHS ENGLAND NORTH EAST AND YORKSHIRE ,SHEFFIELD CHILDREN'S NHS FOUNDATION TRUST,4854,0,410,242,0,19,528,0,0,27,0,0,16,0,1097,0,0,79
2023-10-01,RGN,NHS ENGLAND EAST OF ENGLAND ,NORTH WEST ANGLIA NHS FOUNDATION TRUST,12636,0,4548,57,0,401,5877,0,468,23,0,23,492,802,3074,0,104,1417
2023-10-01,RH8,NHS ENGLAND SOUTH WEST ,ROYAL DEVON UNIVERSITY HEALTHCARE NHS FOUNDATION TRUST,11785,0,3434,1062,0,64,5705,0,25,368,0,0,1005,86,3775,0,0,2237
2023-10-01,RJE,NHS ENGLAND MIDLANDS ,UNIVERSITY HOSPITALS OF NORTH MIDLANDS NHS TRUST,13760,493,8032,676,0,338,7496,0,262,318,0,6,926,1057,6122,0,0,2985
2023-10-01,RL4,NHS ENGLAND MIDLANDS ,THE ROYAL WOLVERHAMPTON NHS TRUST,13444,0,6826,0,0,853,4247,0,520,0,0,0,928,142,5952,0,0,906
2023-10-01,RN3,NHS ENGLAND SOUTH WEST ,GREAT WESTERN HOSPITALS NHS FOUNDATION TRUST,5236,0,5054,0,0,258,2698,0,307,0,0,2,371,149,2205,0,0,1473
2023-10-01,RN7,NHS ENGLAND SOUTH EAST ,DARTFORD AND GRAVESHAM NHS TRUST,11308,0,3573,0,0,0,3581,0,47,0,0,0,758,0,2976,0,0,364
2023-10-01,RP6,NHS ENGLAND LONDON,MOORFIELDS EYE HOSPITAL NHS FOUNDATION TRUST,0,5743,0,0,0,0,0,42,0,0,0,0,0,0,0,11,0,191
2023-10-01,RQX,NHS ENGLAND LONDON,HOMERTON HEALTHCARE NHS FOUNDATION TRUST,10395,0,0,26,0,0,1725,0,0,0,0,0,167,32,1756,0,0,340
2023-10-01,RTD,NHS ENGLAND NORTH EAST AND YORKSHIRE ,THE NEWCASTLE UPON TYNE HOSPITALS NHS FOUNDATION TRUST,12958,1622,5772,0,0,772,5415,116,0,0,0,0,626,52,3668,19,0,2835
2023-10-01,RVW,NHS ENGLAND NORTH EAST AND YORKSHIRE ,NORTH TEES AND HARTLEPOOL NHS FOUNDATION TRUST,4701,0,11231,0,0,0,2461,0,46,0,0,0,177,0,1710,0,621,2064
2023-10-01,RWA,NHS ENGLAND NORTH EAST AND YORKSHIRE ,HULL UNIVERSITY TEACHING HOSPITALS NHS TRUST,11233,0,0,0,0,0,6043,0,0,0,0,0,1068,521,3543,0,0,1905
2023-10-01,RWF,NHS ENGLAND SOUTH EAST ,MAIDSTONE AND TUNBRIDGE WELLS NHS TRUST,18051,0,2247,894,0,157,3194,0,4,68,0,0,876,42,5717,0,0,958
2023-10-01,RWX,NHS ENGLAND SOUTH EAST ,BERKSHIRE HEALTHCARE NHS FOUNDATION TRUST,0,0,1436,0,0,0,0,0,12,0,0,0,0,0,0,0,32,0
2023-10-01,RXR,NHS ENGLAND NORTH WEST ,EAST LANCASHIRE HOSPITALS NHS TRUST,11964,0,8710,0,0,0,4549,0,784,0,0,0,279,1196,3474,0,79,1843
2023-10-01,RY2,NHS ENGLAND NORTH WEST ,BRIDGEWATER COMMUNITY HEALTHCARE NHS FOUNDATION TRUST,0,0,3511,0,0,150,0,0,200,0,0,3,0,0,0,0,0,0
2023-10-01,RY9,NHS ENGLAND LONDON,HOUNSLOW AND RICHMOND COMMUNITY HEALTHCARE NHS TRUST,0,0,5028,0,0,0,0,0,3,0,0,0,0,0,0,0,0,0
2023-10-01,RYR,NHS ENGLAND SOUTH EAST ,UNIVERSITY HOSPITALS SUSSEX NHS FOUNDATION TRUST,24973,1610,2027,1685,0,397,10235,5,139,503,0,10,1695,985,8026,22,50,1363
2023-10-01,Y02147,NHS ENGLAND LONDON,URGENT CARE CENTRE (QMS),0,0,7303,0,0,559,0,0,192,0,0,1,0,0,0,0,0,0
2023-10-01,Y02428,NHS ENGLAND EAST OF ENGLAND ,PUTNOE WALK IN CENTRE,0,0,2478,0,0,0,0,0,0,0,0,0,0,0,0,0,0,0
2023-10-01,NNF09,NHS ENGLAND NORTH EAST AND YORKSHIRE ,BRANSHOLME HEALTH CENTRE,0,0,3908,0,0,0,0,0,737,0,0,0,0,0,0,0,0,0
2023-10-01,NNF76,NHS ENGLAND NORTH EAST AND YORKSHIRE ,THE WILBERFORCE HEALTH CENTRE,0,0,3015,0,0,0,0,0,0,0,0,0,0,0,0,0,0,0
2023-10-01,NNF94,NHS ENGLAND NORTH EAST AND YORKSHIRE ,EAST RIDING COMMUNITY HOSPITAL,0,0,2702,0,0,0,0,0,323,0,0,0,0,0,0,0,0,0
2023-10-01,NNFA7,NHS ENGLAND NORTH EAST AND YORKSHIRE ,GOOLE & DISTRICT HOSPITAL,0,0,1570,0,0,0,0,0,9,0,0,0,0,0,0,0,0,0
2023-10-01,NNJ,NHS ENGLAND MIDLANDS ,DHU HEALTH CARE C.I.C,0,0,2035,0,0,0,0,0,0,0,0,0,0,0,0,0,0,0
2023-10-01,NTPAD,NHS ENGLAND SOUTH EAST ,PRACTICE PLUS GROUP SURGICAL CENTRE - ST MARYS PORTSMOUTH,0,0,5580,0,0,337,0,0,230,0,0,65,0,0,0,0,0,0
2023-10-01,NTV0B,NHS ENGLAND SOUTH EAST ,ASHFORD WALK-IN-CENTRE,0,0,2537,0,0,0,0,0,192,0,0,0,0,0,0,0,0,0
2023-10-01,NTV0W,NHS ENGLAND SOUTH EAST ,WOKING WALK IN CENTRE,0,0,2752,0,0,0,0,0,186,0,0,0,0,0,0,0,0,0
2023-10-01,R1D,NHS ENGLAND MIDLANDS ,SHROPSHIRE COMMUNITY HEALTH NHS TRUST,0,0,3270,0,0,0,0,0,3,0,0,0,0,0,0,0,0,2
2023-10-01,RAJ,NHS ENGLAND EAST OF ENGLAND ,MID AND SOUTH ESSEX NHS FOUNDATION TRUST,31211,0,1658,733,0,52,11094,0,52,194,0,0,3313,41,8689,0,135,1334
2023-10-01,RAS,NHS ENGLAND LONDON,THE HILLINGDON HOSPITALS NHS FOUNDATION TRUST,5649,0,6151,0,0,0,3540,0,176,0,0,0,819,42,1797,0,0,417
2023-10-01,RBK,NHS ENGLAND MIDLANDS ,WALSALL HEALTHCARE NHS TRUST,8598,0,4192,364,0,152,3743,0,206,70,0,0,1183,170,3569,0,0,784
2023-10-01,RD8,NHS ENGLAND EAST OF ENGLAND ,MILTON KEYNES UNIVERSITY HOSPITAL NHS FOUNDATION TRUST,8234,0,5010,501,0,130,3035,0,139,191,0,0,592,0,2204,0,0,403
2023-10-01,REF,NHS ENGLAND SOUTH WEST ,ROYAL CORNWALL HOSPITALS NHS TRUST,5906,0,11340,0,0,0,3201,0,514,0,0,0,425,693,2039,0,48,1032
2023-10-01,RGT,NHS ENGLAND EAST OF ENGLAND ,CAMBRIDGE UNIVERSITY HOSPITALS NHS FOUNDATION TRUST,10219,0,5653,668,0,318,6123,0,159,357,0,48,850,449,2991,0,23,507
2023-10-01,RHM,NHS ENGLAND SOUTH EAST ,UNIVERSITY HOSPITAL SOUTHAMPTON NHS FOUNDATION TRUST,11931,1304,0,252,0,0,5061,69,0,116,0,0,561,7,3478,14,0,1461
2023-10-01,RJL,NHS ENGLAND NORTH EAST AND YORKSHIRE ,NORTHERN LINCOLNSHIRE AND GOOLE NHS FOUNDATION TRUST,14670,0,0,0,0,0,5755,0,0,0,0,0,672,996,4501,0,0,583
2023-10-01,RJZ,NHS ENGLAND LONDON,KING'S COLLEGE HOSPITAL NHS FOUNDATION TRUST,14749,0,8198,78,0,1128,8431,0,460,26,0,164,1543,827,3660,0,0,527
2023-10-01,RKE,NHS ENGLAND LONDON,WHITTINGTON HEALTH NHS TRUST,8772,0,0,0,0,0,3506,0,0,0,0,0,295,310,981,0,0,74
2023-10-01,RRF,NHS ENGLAND NORTH WEST ,"WRIGHTINGTON, WIGAN AND LEIGH NHS FOUNDATION TRUST",7610,0,5286,0,0,0,4175,0,48,0,0,0,1180,310,2320,0,0,943
2023-10-01,RVV,NHS ENGLAND SOUTH EAST ,EAST KENT HOSPITALS UNIVERSITY NHS FOUNDATION TRUST,12053,0,11568,66,0,0,6538,0,407,28,0,0,556,1079,4523,0,451,1638
2023-10-01,RWE,NHS ENGLAND MIDLANDS ,UNIVERSITY HOSPITALS OF LEICESTER NHS TRUST,21589,1874,0,0,0,0,10526,96,0,0,0,0,1484,1330,5526,3,0,3263
2023-10-01,RWJ,NHS ENGLAND NORTH WEST ,STOCKPORT NHS FOUNDATION TRUST,9054,0,0,748,0,0,3814,0,0,248,0,0,1013,330,2766,0,0,756
2023-10-01,RXC,NHS ENGLAND SOUTH EAST ,EAST SUSSEX HEALTHCARE NHS TRUST,9305,0,2233,723,0,968,3908,0,49,0,0,0,271,2,3389,0,0,643
2023-10-01,RXP,NHS ENGLAND NORTH EAST AND YORKSHIRE ,COUNTY DURHAM AND DARLINGTON NHS FOUNDATION TRUST,13185,0,4213,0,0,5522,5799,0,0,0,0,0,1974,32,4258,0,0,725
2023-10-01,RXW,NHS ENGLAND MIDLANDS ,THE SHREWSBURY AND TELFORD HOSPITAL NHS TRUST,10686,0,1931,96,0,353,6105,0,199,30,0,2,442,1088,2738,0,46,2271
2023-10-01,RYG,NHS ENGLAND MIDLANDS ,COVENTRY AND WARWICKSHIRE PARTNERSHIP NHS TRUST,0,0,0,0,0,0,0,0,0,0,0,0,0,0,0,0,4,59
2023-10-01,C83023,NHS ENGLAND MIDLANDS ,SLEAFORD MEDICAL GROUP,0,0,565,0,0,0,0,0,0,0,0,0,0,0,0,0,0,7
2023-10-01,NR3,NHS ENGLAND MIDLANDS ,NOTTINGHAM CITYCARE PARTNERSHIP,0,0,5640,0,0,273,0,0,1077,0,0,0,0,0,0,0,0,0
2023-10-01,R0A,NHS ENGLAND NORTH WEST ,MANCHESTER UNIVERSITY NHS FOUNDATION TRUST,23689,3399,14678,2263,435,950,11310,126,1459,878,5,244,3390,184,5842,203,271,478
2023-10-01,R1H,NHS ENGLAND LONDON,BARTS HEALTH NHS TRUST,24807,854,16715,0,0,0,11219,22,2803,0,0,0,1280,1160,5458,0,0,1054
2023-10-01,RAX,NHS ENGLAND LONDON,KINGSTON HOSPITAL NHS FOUNDATION TRUST,6983,0,2786,0,0,0,3671,0,369,0,0,0,459,241,1837,0,126,606
2023-10-01,RBD,NHS ENGLAND SOUTH WEST ,DORSET COUNTY HOSPITAL NHS FOUNDATION TRUST,4267,0,0,261,0,3428,1692,0,0,63,0,7,162,36,1637,0,0,513
2023-10-01,RC9,NHS ENGLAND EAST OF ENGLAND ,BEDFORDSHIRE HOSPITALS NHS FOUNDATION TRUST,16163,0,6928,0,0,677,6300,0,0,0,0,0,80,0,4882,0,0,2226
2023-10-01,RCB,NHS ENGLAND NORTH EAST AND YORKSHIRE ,YORK AND SCARBOROUGH TEACHING HOSPITALS NHS FOUNDATION TRUST,10498,412,8967,0,0,711,6122,0,374,0,0,24,870,883,4578,1,0,1469
2023-10-01,RCX,NHS ENGLAND EAST OF ENGLAND ,"THE QUEEN ELIZABETH HOSPITAL, KING'S LYNN, NHS FOUNDATION TRUST",6260,0,985,71,0,0,2681,0,0,23,0,0,277,68,2254,0,0,609
2023-10-01,RD1,NHS ENGLAND SOUTH WEST ,ROYAL UNITED HOSPITALS BATH NHS FOUNDATION TRUST,8404,0,0,0,0,0,3564,0,0,0,0,0,695,40,2529,0,4,1542
2023-10-01,RDR,NHS ENGLAND SOUTH EAST ,SUSSEX COMMUNITY NHS FOUNDATION TRUST,0,0,11768,0,0,0,0,0,148,0,0,0,0,0,0,0,0,0
2023-10-01,REP,NHS ENGLAND NORTH WEST ,LIVERPOOL WOMEN'S NHS FOUNDATION TRUST,0,1371,0,0,156,0,0,232,0,0,0,0,0,0,0,108,0,16
2023-10-01,RF4,NHS ENGLAND LONDON,"BARKING, HAVERING AND REDBRIDGE UNIVERSITY HOSPITALS NHS TRUST",12052,2281,11376,0,0,0,6110,402,1747,0,0,0,683,587,7268,0,0,430
2023-10-01,RFR,NHS ENGLAND NORTH EAST AND YORKSHIRE ,THE ROTHERHAM NHS FOUNDATION TRUST,8114,0,0,0,0,0,3380,0,0,0,0,0,660,1,3007,0,0,650
2023-10-01,RHQ,NHS ENGLAND NORTH EAST AND YORKSHIRE ,SHEFFIELD TEACHING HOSPITALS NHS FOUNDATION TRUST,9005,1167,7512,422,0,972,4797,0,372,203,0,15,1466,9,3458,0,0,3050
2023-10-01,RJ2,NHS ENGLAND LONDON,LEWISHAM AND GREENWICH NHS TRUST,13261,0,11589,7,0,0,7366,0,1538,3,0,0,1174,595,3499,0,0,1281
2023-10-01,RJ7,NHS ENGLAND LONDON,ST GEORGE'S UNIVERSITY HOSPITALS NHS FOUNDATION TRUST,8564,0,3252,842,0,0,2980,0,0,126,0,0,571,755,2435,0,0,895
2023-10-01,RK5,NHS ENGLAND MIDLANDS ,SHERWOOD FOREST HOSPITALS NHS FOUNDATION TRUST,10748,0,5076,8,0,100,4602,0,266,4,0,2,772,125,3551,0,2,429
2023-10-01,RK9,NHS ENGLAND SOUTH WEST ,UNIVERSITY HOSPITALS PLYMOUTH NHS TRUST,8934,175,3975,0,0,0,5498,1,507,0,0,0,595,718,2563,0,0,1319
2023-10-01,RKB,NHS ENGLAND MIDLANDS ,UNIVERSITY HOSPITALS COVENTRY AND WARWICKSHIRE NHS TRUST,11935,1819,7252,51,0,112,5814,132,494,20,0,4,306,20,3032,91,87,1388
2023-10-01,RM1,NHS ENGLAND EAST OF ENGLAND ,NORFOLK AND NORWICH UNIVERSITY HOSPITALS NHS FOUNDATION TRUST,10597,0,7969,479,0,0,4368,0,3,146,0,0,750,707,2321,0,0,1616
2023-10-01,RMP,NHS ENGLAND NORTH WEST ,TAMESIDE AND GLOSSOP INTEGRATED CARE NHS FOUNDATION TRUST,8478,0,2747,377,0,163,4009,0,0,0,0,0,527,57,2525,0,0,423
2023-10-01,RN5,NHS ENGLAND SOUTH EAST ,HAMPSHIRE HOSPITALS NHS FOUNDATION TRUST,12327,0,433,0,0,186,4804,0,1,0,0,0,1035,21,3981,0,0,1196
2023-10-01,RNA,NHS ENGLAND MIDLANDS ,THE DUDLEY GROUP NHS FOUNDATION TRUST,9490,0,4729,129,0,628,3932,0,144,40,0,0,2164,173,3324,0,0,1992
2023-10-01,RNN,NHS ENGLAND NORTH EAST AND YORKSHIRE ,NORTH CUMBRIA INTEGRATED CARE NHS FOUNDATION TRUST,8738,0,1774,343,0,35,3983,0,28,98,0,0,572,614,2319,0,0,756
2023-10-01,RP5,NHS ENGLAND NORTH EAST AND YORKSHIRE ,DONCASTER AND BASSETLAW TEACHING HOSPITALS NHS FOUNDATION TRUST,13203,0,3356,0,0,0,6081,0,2,0,0,0,1350,235,3379,0,460,1188
2023-10-01,RQM,NHS ENGLAND LONDON,CHELSEA AND WESTMINSTER HOSPITAL NHS FOUNDATION TRUST,18840,0,5484,586,0,0,5996,0,258,0,0,0,1095,30,2727,0,0,421
2023-10-01,RQW,NHS ENGLAND EAST OF ENGLAND ,THE PRINCESS ALEXANDRA HOSPITAL NHS TRUST,8461,0,1379,0,0,1119,5213,0,371,0,0,0,498,216,2150,0,0,383
2023-10-01,RR8,NHS ENGLAND NORTH EAST AND YORKSHIRE ,LEEDS TEACHING HOSPITALS NHS TRUST,18125,0,12215,155,0,22,8924,0,26,54,0,0,1622,626,3928,0,0,1092
2023-10-01,RRK,NHS ENGLAND MIDLANDS ,UNIVERSITY HOSPITALS BIRMINGHAM NHS FOUNDATION TRUST,33529,0,1456,11,0,164,16139,0,29,6,0,0,2531,2343,10545,0,1,5566
2023-10-01,RTG,NHS ENGLAND MIDLANDS ,UNIVERSITY HOSPITALS OF DERBY AND BURTON NHS FOUNDATION TRUST,21290,0,10442,301,0,59,10058,0,95,149,0,8,1074,579,4244,0,4,2349
2023-10-01,RTK,NHS ENGLAND SOUTH EAST ,ASHFORD AND ST PETER'S HOSPITALS NHS FOUNDATION TRUST,9877,0,0,0,0,0,4268,0,0,0,0,0,863,4,2773,0,0,417
2023-10-01,RVJ,NHS ENGLAND SOUTH WEST ,NORTH BRISTOL NHS TRUST,8982,0,0,58,0,0,3547,0,0,18,0,0,743,223,2682,0,0,2044
2023-10-01,RWG,NHS ENGLAND EAST OF ENGLAND ,WEST HERTFORDSHIRE TEACHING HOSPITALS NHS TRUST,7692,0,7527,0,0,552,4202,0,250,0,0,1,1478,12,3448,0,0,501
2023-10-01,RWH,NHS ENGLAND EAST OF ENGLAND ,EAST AND NORTH HERTFORDSHIRE NHS TRUST,9706,0,5476,2,0,330,5571,0,6,1,0,0,200,24,2719,0,0,241
2023-10-01,RXK,NHS ENGLAND MIDLANDS ,SANDWELL AND WEST BIRMINGHAM HOSPITALS NHS TRUST,14756,1185,8726,824,0,0,7847,140,264,207,0,0,1800,480,2904,0,0,500
2023-10-01,RXN,NHS ENGLAND NORTH WEST ,LANCASHIRE TEACHING HOSPITALS NHS FOUNDATION TRUST,12247,0,3879,192,0,97,4812,0,173,43,0,1,1218,321,3299,0,218,1580
2023-10-01,RYX,NHS ENGLAND LONDON,CENTRAL LONDON COMMUNITY HEALTHCARE NHS TRUST,0,0,9702,0,0,0,0,0,173,0,0,0,0,0,0,0,0,0
2023-10-01,Y03218,NHS ENGLAND LONDON,THE PINN UNREGISTERED WIC,0,0,890,0,0,0,0,0,0,0,0,0,0,0,0,0,0,0
2023-10-01,R0D,NHS ENGLAND SOUTH WEST ,UNIVERSITY HOSPITALS DORSET NHS FOUNDATION TRUST,13058,0,3818,237,0,0,6580,0,0,0,0,0,28,0,4280,1,0,2165
2023-10-01,RAL,NHS ENGLAND LONDON,ROYAL FREE LONDON NHS FOUNDATION TRUST,15315,0,10430,0,0,0,7814,0,1009,0,0,0,1133,766,4181,0,0,554
2023-10-01,RAP,NHS ENGLAND LONDON,NORTH MIDDLESEX UNIVERSITY HOSPITAL NHS TRUST,8770,524,6195,176,1,276,4300,9,987,68,0,40,335,785,1651,0,0,186
2023-10-01,RBS,NHS ENGLAND NORTH WEST ,ALDER HEY CHILDREN'S NHS FOUNDATION TRUST,6505,0,0,0,0,0,1981,0,0,0,0,0,0,0,813,0,0,358
2023-10-01,RBT,NHS ENGLAND NORTH WEST ,MID CHESHIRE HOSPITALS NHS FOUNDATION TRUST,7285,0,1859,83,0,18,4217,0,54,40,0,0,496,726,2442,0,0,1038
2023-10-01,RBV,NHS ENGLAND NORTH WEST ,THE CHRISTIE NHS FOUNDATION TRUST,0,0,0,0,0,0,0,0,0,0,0,0,0,0,0,0,0,613
2023-10-01,RCD,NHS ENGLAND NORTH EAST AND YORKSHIRE ,HARROGATE AND DISTRICT NHS FOUNDATION TRUST,4806,0,812,167,0,36,1701,0,5,47,0,0,215,14,1343,0,0,478
2023-10-01,RGR,NHS ENGLAND EAST OF ENGLAND ,WEST SUFFOLK NHS FOUNDATION TRUST,6837,0,659,200,0,0,3210,0,0,0,0,0,448,550,1788,0,0,603
2023-10-01,RH5,NHS ENGLAND SOUTH WEST ,SOMERSET NHS FOUNDATION TRUST,12631,0,8841,0,0,0,5291,0,274,0,0,0,445,9,3380,0,0,1965
2023-10-01,RHU,NHS ENGLAND SOUTH EAST ,PORTSMOUTH HOSPITALS UNIVERSITY NATIONAL HEALTH SERVICE TRUST,9383,758,3410,1365,0,20,5358,10,20,729,0,15,1696,4,3731,0,0,2481
2023-10-01,RJ6,NHS ENGLAND LONDON,CROYDON HEALTH SERVICES NHS TRUST,12607,0,4409,1,0,0,4925,0,0,0,0,0,463,476,1396,0,0,142
2023-10-01,RJR,NHS ENGLAND NORTH WEST ,COUNTESS OF CHESTER HOSPITAL NHS FOUNDATION TRUST,6675,0,531,0,0,0,3300,0,88,0,0,0,344,660,1713,0,0,1231
2023-10-01,RNQ,NHS ENGLAND MIDLANDS ,KETTERING GENERAL HOSPITAL NHS FOUNDATION TRUST,9288,0,0,378,0,0,4735,0,0,0,0,0,1310,0,1988,0,0,182
2023-10-01,RPA,NHS ENGLAND SOUTH EAST ,MEDWAY NHS FOUNDATION TRUST,8196,0,7076,221,0,1171,2876,0,880,52,0,0,399,741,2046,0,0,1090
2023-10-01,RRV,NHS ENGLAND LONDON,UNIVERSITY COLLEGE LONDON HOSPITALS NHS FOUNDATION TRUST,12430,0,0,567,0,0,3399,0,0,0,0,0,291,63,1429,0,0,268
2023-10-01,RTX,NHS ENGLAND NORTH WEST ,UNIVERSITY HOSPITALS OF MORECAMBE BAY NHS FOUNDATION TRUST,8005,0,4124,157,0,587,3179,0,143,36,0,77,596,625,3018,0,29,880
2023-10-01,RWD,NHS ENGLAND MIDLANDS ,UNITED LINCOLNSHIRE HOSPITALS NHS TRUST,12732,0,5543,2,0,0,7635,0,704,1,0,0,824,1288,4132,0,0,1015
2023-10-01,RYJ,NHS ENGLAND LONDON,IMPERIAL COLLEGE HEALTHCARE NHS TRUST,12414,3949,6900,0,0,0,5569,64,449,0,0,0,864,62,3605,2,0,1086
2023-10-01,ACH01,NHS ENGLAND SOUTH EAST ,WHITSTABLE MEDICAL PRACTICE,0,0,4614,0,0,0,0,0,0,0,0,0,0,0,0,0,0,0
2023-10-01,AD913,NHS ENGLAND LONDON,BECKENHAM BEACON UCC,0,0,3766,0,0,225,0,0,45,0,0,0,0,0,0,0,0,0
2023-10-01,NDA57,NHS ENGLAND SOUTH EAST ,HASLEMERE MINOR INJURIES UNIT,0,0,1411,0,0,17,0,0,0,0,0,0,0,0,0,0,0,0
2023-10-01,RA2,NHS ENGLAND SOUTH EAST ,ROYAL SURREY COUNTY HOSPITAL NHS FOUNDATION TRUST,6523,0,0,598,0,0,2890,0,0,247,0,0,506,7,2263,0,0,1007
2023-10-01,RHW,NHS ENGLAND SOUTH EAST ,ROYAL BERKSHIRE NHS FOUNDATION TRUST,12283,2366,0,484,0,0,5018,15,0,0,0,0,735,0,2689,2,0,911
2023-10-01,RLQ,NHS ENGLAND MIDLANDS ,WYE VALLEY NHS TRUST,5977,0,0,158,0,0,2598,0,0,49,0,0,174,211,1834,0,0,627
2023-10-01,Y03571,NHS ENGLAND MIDLANDS ,CORBY URGENT CARE CENTRE,0,0,8100,0,0,585,0,0,57,0,0,0,0,0,0,0,0,0
2023-10-01,R1F,NHS ENGLAND SOUTH EAST ,ISLE OF WIGHT NHS TRUST,3610,0,2320,27,0,35,1883,0,35,14,0,0,225,274,1140,0,0,259
2023-10-01,REM,NHS ENGLAND NORTH WEST ,LIVERPOOL UNIVERSITY HOSPITALS NHS FOUNDATION TRUST,17519,258,9132,467,0,0,7740,0,943,86,0,0,2024,1066,5380,0,0,2201
2023-10-01,RTE,NHS ENGLAND SOUTH WEST ,GLOUCESTERSHIRE HOSPITALS NHS FOUNDATION TRUST,12913,0,0,202,0,0,5548,0,0,73,0,0,479,907,2769,0,0,1640
2023-10-01,RWW,NHS ENGLAND NORTH WEST ,WARRINGTON AND HALTON TEACHING HOSPITALS NHS FOUNDATION TRUST,7571,0,3179,179,0,102,3441,0,120,60,0,5,670,786,2540,0,0,218
2023-10-01,RBN,NHS ENGLAND NORTH WEST ,MERSEY AND WEST LANCASHIRE TEACHING HOSPITALS NHS TRUST,18375,0,7631,360,0,0,7788,0,374,73,0,0,572,344,7526,0,0,601
2023-10-01,RNS,NHS ENGLAND MIDLANDS ,NORTHAMPTON GENERAL HOSPITAL NHS TRUST,9221,645,2071,57,0,14,4566,23,55,27,0,0,271,943,1847,0,0,1333
2023-10-01,RTF,NHS ENGLAND NORTH EAST AND YORKSHIRE ,NORTHUMBRIA HEALTHCARE NHS FOUNDATION TRUST,9804,0,11079,0,0,0,2517,0,6,0,0,0,59,6,5516,0,71,942
2023-10-01,RTH,NHS ENGLAND SOUTH EAST ,OXFORD UNIVERSITY HOSPITALS NHS FOUNDATION TRUST,12275,1809,496,1277,0,107,5630,0,13,475,0,1,929,0,4020,133,19,4276
2023-10-01,C82009,NHS ENGLAND MIDLANDS ,MARKET HARBOROUGH MED.CTR,0,0,293,0,0,0,0,0,0,0,0,0,0,0,0,0,0,0
2023-10-01,R1K,NHS ENGLAND LONDON,LONDON NORTH WEST UNIVERSITY HEALTHCARE NHS TRUST,13298,0,13886,0,0,0,7708,0,105,0,0,0,730,339,6552,0,0,991
2023-10-01,RJ1,NHS ENGLAND LONDON,GUY'S AND ST THOMAS' NHS FOUNDATION TRUST,10488,802,4100,0,0,1917,5498,0,643,0,0,0,213,25,2173,0,0,204
2023-10-01,RWP,NHS ENGLAND MIDLANDS ,WORCESTERSHIRE ACUTE HOSPITALS NHS TRUST,12303,0,6046,215,0,0,6792,0,10,93,0,0,921,211,3558,0,0,1206
2023-10-01,RBL,NHS ENGLAND NORTH WEST ,WIRRAL UNIVERSITY TEACHING HOSPITAL NHS FOUNDATION TRUST,8258,0,2836,162,0,164,4284,0,21,52,0,3,652,512,2249,0,0,1594
2023-10-01,RET,NHS ENGLAND NORTH WEST ,THE WALTON CENTRE NHS FOUNDATION TRUST,0,0,0,0,0,0,0,0,0,0,0,0,0,0,0,0,0,172
2023-10-01,RM3,NHS ENGLAND NORTH WEST ,NORTHERN CARE ALLIANCE NHS FOUNDATION TRUST,25243,0,7245,0,0,0,12179,0,287,0,0,0,1521,760,6941,0,375,1745
2023-10-01,RMC,NHS ENGLAND NORTH WEST ,BOLTON NHS FOUNDATION TRUST,9974,0,1394,126,0,26,4446,0,366,56,0,7,416,641,2298,0,79,763
2023-10-01,RTR,NHS ENGLAND NORTH EAST AND YORKSHIRE ,SOUTH TEES HOSPITALS NHS FOUNDATION TRUST,10596,0,4914,0,0,388,5061,0,320,0,0,17,1038,46,2719,0,149,2069
2023-10-01,RX1,NHS ENGLAND MIDLANDS ,NOTTINGHAM UNIVERSITY HOSPITALS NHS TRUST,16472,1923,286,575,0,0,10095,247,30,378,0,0,749,980,4103,0,0,3566
2023-10-01,NLX,NHS ENGLAND SOUTH WEST ,SIRONA CARE & HEALTH,0,0,8365,0,0,217,0,0,401,0,0,54,0,0,0,0,0,0
2023-10-01,RDE,NHS ENGLAND EAST OF ENGLAND ,EAST SUFFOLK AND NORTH ESSEX NHS FOUNDATION TRUST,14569,0,11199,301,0,231,7293,0,183,0,0,0,1193,414,4967,0,265,859
2023-10-01,RVR,NHS ENGLAND LONDON,EPSOM AND ST HELIER UNIVERSITY HOSPITALS NHS TRUST,12754,284,0,179,1,0,3077,1,0,23,0,0,452,551,2009,10,0,148
2023-10-01,RFS,NHS ENGLAND MIDLANDS ,CHESTERFIELD ROYAL HOSPITAL NHS FOUNDATION TRUST,7240,0,1278,248,0,145,2856,0,246,99,0,29,585,31,2578,0,365,616
2023-10-01,G0Q0L,NHS ENGLAND LONDON,BARKING HOSPITAL UTC,0,0,2323,0,0,0,0,0,119,0,0,0,0,0,0,0,0,0
2023-10-01,K6K0R,NHS ENGLAND LONDON,HAROLD WOOD POLYCLINIC UTC,0,0,2484,0,0,0,0,0,226,0,0,0,0,0,0,0,0,0
2023-10-01,RR7,NHS ENGLAND NORTH EAST AND YORKSHIRE ,GATESHEAD HEALTH NHS FOUNDATION TRUST,5850,0,3891,37,0,20,2837,0,37,6,0,1,1024,13,1709,0,0,773
2023-10-01,RA9,NHS ENGLAND SOUTH WEST ,TORBAY AND SOUTH DEVON NHS FOUNDATION TRUST,6185,0,3051,408,0,0,3032,0,27,184,0,0,699,147,1949,0,0,1204
2023-09-01,AAH,NHS ENGLAND SOUTH WEST ,TETBURY HOSPITAL TRUST LTD,0,0,421,0,0,0,0,0,1,0,0,0,0,0,0,0,0,0
2023-09-01,RW1,NHS ENGLAND SOUTH EAST ,SOUTHERN HEALTH NHS FOUNDATION TRUST,0,0,2914,0,0,0,0,0,28,0,0,0,0,0,0,0,2,137
2023-09-01,Y00751,NHS ENGLAND SOUTH EAST ,EAST BERKS PRIMARY CARE OOH(WAM),0,0,0,0,0,0,0,0,0,0,0,0,0,0,0,0,0,0
2023-09-01,8J094,NHS ENGLAND MIDLANDS ,BADGER LTD,0,0,0,0,0,2065,0,0,0,0,0,0,0,0,0,0,0,0
2023-09-01,AJN,NHS ENGLAND NORTH EAST AND YORKSHIRE ,WORKINGTON HEALTH LIMITED,0,0,475,0,0,0,0,0,0,0,0,0,0,0,0,0,0,0
2023-09-01,C83023,NHS ENGLAND MIDLANDS ,SLEAFORD MEDICAL GROUP,0,0,524,0,0,0,0,0,0,0,0,0,0,0,0,0,0,4
2023-09-01,NL7,NHS ENGLAND MIDLANDS ,ASSURA VERTIS URGENT CARE CENTRES (BIRMINGHAM),0,0,4534,0,0,0,0,0,0,0,0,0,0,0,0,0,0,0
2023-09-01,NQT51,NHS ENGLAND SOUTH EAST ,STATION PLAZA HEALTH CENTRE,0,0,1443,0,0,0,0,0,0,0,0,0,0,0,0,0,0,0
2023-09-01,NQT5F,NHS ENGLAND NORTH WEST ,SKELMERSDALE WALK IN CENTRE,0,0,1931,0,0,0,0,0,19,0,0,0,0,0,0,0,0,0
2023-09-01,NQT5H,NHS ENGLAND SOUTH WEST ,PAULTON MEMORIAL HOSPITAL,0,0,920,0,0,0,0,0,14,0,0,0,0,0,0,0,0,0
2023-09-01,RDU,NHS ENGLAND SOUTH EAST ,FRIMLEY HEALTH NHS FOUNDATION TRUST,21200,0,0,0,0,0,8634,0,0,0,0,0,1834,0,5735,0,0,296
2023-09-01,RV9,NHS ENGLAND NORTH EAST AND YORKSHIRE ,HUMBER TEACHING NHS FOUNDATION TRUST,0,0,1078,0,0,43,0,0,1,0,0,0,0,0,0,0,0,0
2023-09-01,RY5,NHS ENGLAND MIDLANDS ,LINCOLNSHIRE COMMUNITY HEALTH SERVICES NHS TRUST,0,0,8731,0,0,0,0,0,373,0,0,0,0,0,0,0,0,0
2023-09-01,RY8,NHS ENGLAND MIDLANDS ,DERBYSHIRE COMMUNITY HEALTH SERVICES NHS FOUNDATION TRUST,0,0,7087,0,0,1545,0,0,4,0,0,0,0,0,0,0,0,0
2023-09-01,Y02428,NHS ENGLAND EAST OF ENGLAND ,PUTNOE WALK IN CENTRE,0,0,2120,0,0,0,0,0,0,0,0,0,0,0,0,0,0,0
2023-09-01,Y02615,NHS ENGLAND MIDLANDS ,SOUTH BIRMINGHAM GP WALK IN CENTRE,0,0,6316,0,0,0,0,0,0,0,0,0,0,0,0,0,0,0
2023-09-01,Y03007,NHS ENGLAND MIDLANDS ,ERDINGTON GP HEALTH & WELLBEING WIC,0,0,0,0,0,1818,0,0,0,0,0,0,0,0,0,0,0,0
2023-09-01,Y04538,NHS ENGLAND SOUTH EAST ,BRACKNELL URGENT CARE CENTRE WIC,0,0,3612,0,0,0,0,0,0,0,0,0,0,0,0,0,0,0
2023-09-01,DD401,NHS ENGLAND SOUTH WEST ,EXMOUTH MINOR INJURY UNIT,0,0,1061,0,0,0,0,0,0,0,0,0,0,0,0,0,0,0
2023-09-01,NQTE4,NHS ENGLAND MIDLANDS ,SUMMERFIELD URGENT CARE CENTRE,0,0,3606,0,0,0,0,0,0,0,0,0,0,0,0,0,0,0
2023-09-01,RGP,NHS ENGLAND EAST OF ENGLAND ,JAMES PAGET UNIVERSITY HOSPITALS NHS FOUNDATION TRUST,6583,0,1220,116,0,0,2615,0,0,37,0,0,577,307,1563,0,0,444
2023-09-01,RJ8,NHS ENGLAND SOUTH WEST ,CORNWALL PARTNERSHIP NHS FOUNDATION TRUST,0,0,0,0,0,0,0,0,0,0,0,0,0,0,0,0,17,61
2023-09-01,RJC,NHS ENGLAND MIDLANDS ,SOUTH WARWICKSHIRE UNIVERSITY NHS FOUNDATION TRUST,7630,0,349,27,0,0,2199,0,0,0,0,0,247,17,2094,0,0,728
2023-09-01,RWY,NHS ENGLAND NORTH EAST AND YORKSHIRE ,CALDERDALE AND HUDDERSFIELD NHS FOUNDATION TRUST,15152,0,0,0,0,0,4802,0,0,0,0,0,1099,2,2975,0,0,786
2023-09-01,Y03571,NHS ENGLAND MIDLANDS ,CORBY URGENT CARE CENTRE,0,0,7618,0,0,485,0,0,65,0,0,0,0,0,0,0,0,0
2023-09-01,ACH01,NHS ENGLAND SOUTH EAST ,WHITSTABLE MEDICAL PRACTICE,0,0,4816,0,0,0,0,0,0,0,0,0,0,0,0,0,0,0
2023-09-01,RBQ,NHS ENGLAND NORTH WEST ,LIVERPOOL HEART AND CHEST HOSPITAL NHS FOUNDATION TRUST,0,0,0,0,0,0,0,0,0,0,0,0,0,0,0,0,0,163
2023-09-01,RET,NHS ENGLAND NORTH WEST ,THE WALTON CENTRE NHS FOUNDATION TRUST,0,0,0,0,0,0,0,0,0,0,0,0,0,0,0,0,0,162
2023-09-01,RFF,NHS ENGLAND NORTH EAST AND YORKSHIRE ,BARNSLEY HOSPITAL NHS FOUNDATION TRUST,8314,0,0,375,0,0,2910,0,0,0,0,0,300,0,2569,0,0,504
2023-09-01,RY4,NHS ENGLAND EAST OF ENGLAND ,HERTFORDSHIRE COMMUNITY NHS TRUST,0,0,1045,0,0,0,0,0,71,0,0,0,0,0,0,0,0,0
2023-09-01,RY7,NHS ENGLAND NORTH WEST ,WIRRAL COMMUNITY HEALTH AND CARE NHS FOUNDATION TRUST,0,0,4640,0,0,0,0,0,187,0,0,0,0,0,0,0,0,0
2023-09-01,C82038,NHS ENGLAND MIDLANDS ,LATHAM HOUSE MEDICAL PRACTICE,0,0,389,0,0,0,0,0,0,0,0,0,0,0,0,0,0,0
2023-09-01,NTPAD,NHS ENGLAND SOUTH EAST ,PRACTICE PLUS GROUP SURGICAL CENTRE - ST MARYS PORTSMOUTH,0,0,5440,0,0,229,0,0,175,0,0,4,0,0,0,0,0,0
2023-09-01,NTV0B,NHS ENGLAND SOUTH EAST ,ASHFORD WALK-IN-CENTRE,0,0,2441,0,0,0,0,0,85,0,0,0,0,0,0,0,0,0
2023-09-01,NTV0W,NHS ENGLAND SOUTH EAST ,WOKING WALK IN CENTRE,0,0,2727,0,0,0,0,0,221,0,0,0,0,0,0,0,0,0
2023-09-01,R1D,NHS ENGLAND MIDLANDS ,SHROPSHIRE COMMUNITY HEALTH NHS TRUST,0,0,3407,0,0,0,0,0,33,0,0,0,0,0,0,0,0,1
2023-09-01,RW4,NHS ENGLAND NORTH WEST ,MERSEY CARE NHS FOUNDATION TRUST,0,0,11616,0,0,0,0,0,1266,0,0,0,0,0,0,0,0,70
2023-09-01,RWA,NHS ENGLAND NORTH EAST AND YORKSHIRE ,HULL UNIVERSITY TEACHING HOSPITALS NHS TRUST,10788,0,0,0,0,0,5254,0,0,0,0,0,1018,244,3384,0,0,1706
2023-09-01,RXF,NHS ENGLAND NORTH EAST AND YORKSHIRE ,MID YORKSHIRE TEACHING NHS TRUST,16682,0,6297,120,0,14,6482,0,185,8,0,0,1974,18,3520,0,163,904
2023-09-01,RYF,NHS ENGLAND SOUTH WEST ,SOUTH WESTERN AMBULANCE SERVICE NHS FOUNDATION TRUST,0,0,1415,0,0,0,0,0,177,0,0,0,0,0,0,0,0,0
2023-09-01,NTP11,NHS ENGLAND SOUTH EAST ,PRACTICE PLUS GROUP HOSPITAL - SOUTHAMPTON,0,0,5229,0,0,0,0,0,370,0,0,0,0,0,0,0,0,0
2023-09-01,R0B,NHS ENGLAND NORTH EAST AND YORKSHIRE ,SOUTH TYNESIDE AND SUNDERLAND NHS FOUNDATION TRUST,11043,1336,5599,383,0,1151,4668,20,135,175,0,19,817,1,4283,18,0,1126
2023-09-01,RAT,NHS ENGLAND LONDON,NORTH EAST LONDON NHS FOUNDATION TRUST,0,0,1470,0,0,0,0,0,57,0,0,0,0,0,0,0,0,0
2023-09-01,RAX,NHS ENGLAND LONDON,KINGSTON HOSPITAL NHS FOUNDATION TRUST,6816,0,3009,0,0,0,3620,0,388,0,0,0,361,237,1797,0,148,569
2023-09-01,RBD,NHS ENGLAND SOUTH WEST ,DORSET COUNTY HOSPITAL NHS FOUNDATION TRUST,4424,0,0,269,0,3645,1753,0,0,73,0,6,199,25,1573,0,0,451
2023-09-01,RBS,NHS ENGLAND NORTH WEST ,ALDER HEY CHILDREN'S NHS FOUNDATION TRUST,5423,0,0,0,0,0,1220,0,0,0,0,0,0,0,793,0,0,305
2023-09-01,RF4,NHS ENGLAND LONDON,"BARKING, HAVERING AND REDBRIDGE UNIVERSITY HOSPITALS NHS TRUST",11579,2361,11217,0,0,0,5642,489,2731,0,0,0,604,624,6953,0,0,419
2023-09-01,RJN,NHS ENGLAND NORTH WEST ,EAST CHESHIRE NHS TRUST,4286,0,0,60,0,27,1997,0,0,0,0,0,273,238,866,0,0,176
2023-09-01,RTP,NHS ENGLAND SOUTH EAST ,SURREY AND SUSSEX HEALTHCARE NHS TRUST,10084,0,0,0,0,0,2846,0,0,0,0,0,658,263,2989,0,0,818
2023-09-01,RWX,NHS ENGLAND SOUTH EAST ,BERKSHIRE HEALTHCARE NHS FOUNDATION TRUST,0,0,1444,0,0,0,0,0,13,0,0,0,0,0,0,0,37,0
2023-09-01,RXQ,NHS ENGLAND SOUTH EAST ,BUCKINGHAMSHIRE HEALTHCARE NHS TRUST,9604,1112,3379,0,0,0,4117,0,146,0,0,0,459,206,3707,762,0,1188
2023-09-01,RY9,NHS ENGLAND LONDON,HOUNSLOW AND RICHMOND COMMUNITY HEALTHCARE NHS TRUST,0,0,5104,0,0,0,0,0,4,0,0,0,0,0,0,0,0,0
2023-09-01,RYR,NHS ENGLAND SOUTH EAST ,UNIVERSITY HOSPITALS SUSSEX NHS FOUNDATION TRUST,24223,1464,2522,1296,0,586,10080,16,141,450,0,10,1555,784,7976,30,48,1355
2023-09-01,AQN04,NHS ENGLAND SOUTH EAST ,PHL LYMINGTON UTC,0,0,2947,0,0,8,0,0,44,0,0,0,0,0,0,0,0,0
2023-09-01,AXG,NHS ENGLAND SOUTH WEST ,WILTSHIRE HEALTH & CARE,0,0,2357,0,0,33,0,0,97,0,0,0,0,0,0,0,0,0
2023-09-01,NNF09,NHS ENGLAND NORTH EAST AND YORKSHIRE ,BRANSHOLME HEALTH CENTRE,0,0,3816,0,0,0,0,0,715,0,0,0,0,0,0,0,0,0
2023-09-01,NNF76,NHS ENGLAND NORTH EAST AND YORKSHIRE ,THE WILBERFORCE HEALTH CENTRE,0,0,2791,0,0,0,0,0,0,0,0,0,0,0,0,0,0,0
2023-09-01,NNF94,NHS ENGLAND NORTH EAST AND YORKSHIRE ,EAST RIDING COMMUNITY HOSPITAL,0,0,2737,0,0,0,0,0,295,0,0,0,0,0,0,0,0,0
2023-09-01,NNFA7,NHS ENGLAND NORTH EAST AND YORKSHIRE ,GOOLE & DISTRICT HOSPITAL,0,0,1522,0,0,0,0,0,45,0,0,0,0,0,0,0,0,0
2023-09-01,NNJ,NHS ENGLAND MIDLANDS ,DHU HEALTH CARE C.I.C,0,0,1894,0,0,0,0,0,1,0,0,0,0,0,0,0,0,0
2023-09-01,NR3,NHS ENGLAND MIDLANDS ,NOTTINGHAM CITYCARE PARTNERSHIP,0,0,4900,0,0,258,0,0,448,0,0,2,0,0,0,0,0,0
2023-09-01,RAN,NHS ENGLAND LONDON,ROYAL NATIONAL ORTHOPAEDIC HOSPITAL NHS TRUST,0,0,0,0,0,0,0,0,0,0,0,0,0,0,0,0,0,36
2023-09-01,RJZ,NHS ENGLAND LONDON,KING'S COLLEGE HOSPITAL NHS FOUNDATION TRUST,14611,0,8168,68,0,1132,7603,0,697,28,0,232,1593,544,3629,0,0,443
2023-09-01,RK9,NHS ENGLAND SOUTH WEST ,UNIVERSITY HOSPITALS PLYMOUTH NHS TRUST,8721,212,4275,0,0,0,5186,0,355,0,0,0,625,547,2657,0,0,1199
2023-09-01,RL4,NHS ENGLAND MIDLANDS ,THE ROYAL WOLVERHAMPTON NHS TRUST,12634,0,6007,9,0,795,4063,0,144,0,0,0,906,131,5721,0,0,786
2023-09-01,RLQ,NHS ENGLAND MIDLANDS ,WYE VALLEY NHS TRUST,5725,0,0,161,0,0,2658,0,0,52,0,0,130,181,1743,0,0,549
2023-09-01,RNQ,NHS ENGLAND MIDLANDS ,KETTERING GENERAL HOSPITAL NHS FOUNDATION TRUST,8955,0,0,337,0,0,4285,0,0,0,0,0,1179,0,1989,0,0,154
2023-09-01,RPC,NHS ENGLAND SOUTH EAST ,QUEEN VICTORIA HOSPITAL NHS FOUNDATION TRUST,0,0,1744,0,0,0,0,0,5,0,0,0,0,0,0,0,3,516
2023-09-01,RQX,NHS ENGLAND LONDON,HOMERTON HEALTHCARE NHS FOUNDATION TRUST,10404,0,0,21,0,0,2182,0,0,0,0,0,202,23,1733,0,0,241
2023-09-01,RTE,NHS ENGLAND SOUTH WEST ,GLOUCESTERSHIRE HOSPITALS NHS FOUNDATION TRUST,12619,0,0,186,0,0,5247,0,0,71,0,0,648,712,2708,0,0,1457
2023-09-01,RWP,NHS ENGLAND MIDLANDS ,WORCESTERSHIRE ACUTE HOSPITALS NHS TRUST,12214,0,6048,153,0,0,6451,0,45,53,0,0,908,256,3470,0,0,1156
2023-09-01,RXG,NHS ENGLAND NORTH EAST AND YORKSHIRE ,SOUTH WEST YORKSHIRE PARTNERSHIP NHS FOUNDATION TRUST,0,0,0,0,0,0,0,0,0,0,0,0,0,0,0,0,0,130
2023-09-01,RYY,NHS ENGLAND SOUTH EAST ,KENT COMMUNITY HEALTH NHS FOUNDATION TRUST,0,0,9352,0,0,0,0,0,100,0,0,0,0,0,0,0,0,0
2023-09-01,Y02676,NHS ENGLAND SOUTH EAST ,BRIGHTON STATION HEALTH CENTRE,0,0,1788,0,0,0,0,0,0,0,0,0,0,0,0,0,0,0
2023-09-01,ARN03,NHS ENGLAND NORTH EAST AND YORKSHIRE ,LOCAL CARE DIRECT,0,0,2215,0,0,212,0,0,0,0,0,0,0,0,0,0,0,0
2023-09-01,NV693,NHS ENGLAND NORTH WEST ,ROSSENDALE MIU & OOH,0,0,1041,0,0,0,0,0,0,0,0,0,0,0,0,0,0,0
2023-09-01,RBK,NHS ENGLAND MIDLANDS ,WALSALL HEALTHCARE NHS TRUST,7846,0,3730,334,0,131,3003,0,46,63,0,0,882,66,3190,0,0,699
2023-09-01,RCX,NHS ENGLAND EAST OF ENGLAND ,"THE QUEEN ELIZABETH HOSPITAL, KING'S LYNN, NHS FOUNDATION TRUST",6256,0,962,91,0,0,2773,0,0,31,0,0,463,278,2235,0,0,609
2023-09-01,REF,NHS ENGLAND SOUTH WEST ,ROYAL CORNWALL HOSPITALS NHS TRUST,6276,0,12207,0,0,0,3438,0,490,0,0,0,553,462,2123,0,33,1027
2023-09-01,REP,NHS ENGLAND NORTH WEST ,LIVERPOOL WOMEN'S NHS FOUNDATION TRUST,0,1221,0,0,100,0,0,109,0,0,0,0,0,0,0,92,0,13
2023-09-01,RGN,NHS ENGLAND EAST OF ENGLAND ,NORTH WEST ANGLIA NHS FOUNDATION TRUST,12387,0,4761,60,0,389,4996,0,561,18,0,27,482,661,2913,0,111,1254
2023-09-01,RGR,NHS ENGLAND EAST OF ENGLAND ,WEST SUFFOLK NHS FOUNDATION TRUST,6862,0,549,269,0,0,3017,0,0,0,0,0,450,326,1830,0,0,550
2023-09-01,RJ1,NHS ENGLAND LONDON,GUY'S AND ST THOMAS' NHS FOUNDATION TRUST,12601,781,2352,0,0,1988,4755,0,43,0,0,0,33,49,3334,0,0,874
2023-09-01,RN5,NHS ENGLAND SOUTH EAST ,HAMPSHIRE HOSPITALS NHS FOUNDATION TRUST,12271,0,430,0,0,208,4642,0,2,0,0,2,985,14,3952,0,0,1145
2023-09-01,RNA,NHS ENGLAND MIDLANDS ,THE DUDLEY GROUP NHS FOUNDATION TRUST,9181,0,4064,135,0,606,3530,0,60,29,0,0,1513,69,3133,0,0,1899
2023-09-01,RTD,NHS ENGLAND NORTH EAST AND YORKSHIRE ,THE NEWCASTLE UPON TYNE HOSPITALS NHS FOUNDATION TRUST,11960,1482,5249,0,0,642,4560,58,0,0,0,0,452,23,3373,10,0,2710
2023-09-01,RYX,NHS ENGLAND LONDON,CENTRAL LONDON COMMUNITY HEALTHCARE NHS TRUST,0,0,9671,0,0,0,0,0,248,0,0,0,0,0,0,0,0,0
2023-09-01,L83087,NHS ENGLAND SOUTH WEST ,OKEHAMPTON MEDICAL CENTRE,0,0,83,0,0,0,0,0,0,0,0,0,0,0,0,0,0,0
2023-09-01,NNJ07,NHS ENGLAND MIDLANDS ,LOUGHBOROUGH URGENT CARE CENTRE,0,0,4924,0,0,858,0,0,23,0,0,2,0,0,0,0,0,0
2023-09-01,NNJ0H,NHS ENGLAND MIDLANDS ,LLR EA - THE MERLYN VAZ HEALTH & SOCIAL CARE CENTRE,0,0,169,0,0,1397,0,0,0,0,0,1,0,0,0,0,0,0
2023-09-01,NNJ12,NHS ENGLAND MIDLANDS ,MARKET HARBOROUGH,0,0,96,0,0,327,0,0,0,0,0,0,0,0,0,0,0,0
2023-09-01,NNJ13,NHS ENGLAND MIDLANDS ,MELTON MOWBRAY,0,0,43,0,0,358,0,0,0,0,0,0,0,0,0,0,0,0
2023-09-01,NNJ14,NHS ENGLAND MIDLANDS ,OADBY,0,0,820,0,0,1371,0,0,0,0,0,0,0,0,0,0,0,0
2023-09-01,NNJ15,NHS ENGLAND MIDLANDS ,OAKHAM,0,0,54,0,0,296,0,0,0,0,0,0,0,0,0,0,0,0
2023-09-01,R1F,NHS ENGLAND SOUTH EAST ,ISLE OF WIGHT NHS TRUST,3785,0,2257,27,0,18,1875,0,0,12,0,0,366,251,1074,0,0,249
2023-09-01,RA7,NHS ENGLAND SOUTH WEST ,UNIVERSITY HOSPITALS BRISTOL AND WESTON NHS FOUNDATION TRUST,14632,2175,0,0,0,0,5401,111,0,0,0,0,1040,193,4639,13,0,1416
2023-09-01,RAS,NHS ENGLAND LONDON,THE HILLINGDON HOSPITALS NHS FOUNDATION TRUST,5717,0,6168,0,0,0,3432,0,145,0,0,0,726,21,1662,0,0,446
2023-09-01,RCB,NHS ENGLAND NORTH EAST AND YORKSHIRE ,YORK AND SCARBOROUGH TEACHING HOSPITALS NHS FOUNDATION TRUST,9796,374,8305,0,0,400,5665,0,604,0,0,8,878,670,4131,8,0,1483
2023-09-01,RCD,NHS ENGLAND NORTH EAST AND YORKSHIRE ,HARROGATE AND DISTRICT NHS FOUNDATION TRUST,4817,0,926,139,0,56,1998,0,0,54,0,0,88,1,1311,0,0,479
2023-09-01,RFR,NHS ENGLAND NORTH EAST AND YORKSHIRE ,THE ROTHERHAM NHS FOUNDATION TRUST,7814,0,0,0,0,0,3017,0,0,0,0,0,412,0,2764,0,0,595
2023-09-01,RHQ,NHS ENGLAND NORTH EAST AND YORKSHIRE ,SHEFFIELD TEACHING HOSPITALS NHS FOUNDATION TRUST,8856,1013,6758,355,0,874,4578,0,125,157,0,12,1087,10,3150,0,0,3076
2023-09-01,RJE,NHS ENGLAND MIDLANDS ,UNIVERSITY HOSPITALS OF NORTH MIDLANDS NHS TRUST,13433,447,7710,572,0,266,6389,0,145,216,0,0,904,812,5745,0,0,2739
2023-09-01,RJL,NHS ENGLAND NORTH EAST AND YORKSHIRE ,NORTHERN LINCOLNSHIRE AND GOOLE NHS FOUNDATION TRUST,14179,0,0,0,0,0,5056,0,0,0,0,0,817,625,4299,0,0,538
2023-09-01,RP6,NHS ENGLAND LONDON,MOORFIELDS EYE HOSPITAL NHS FOUNDATION TRUST,0,5556,0,0,0,0,0,22,0,0,0,0,0,0,0,5,0,180
2023-09-01,RQ3,NHS ENGLAND MIDLANDS ,BIRMINGHAM WOMEN'S AND CHILDREN'S NHS FOUNDATION TRUST,4513,0,0,0,0,0,652,0,0,0,0,0,0,0,928,0,0,222
2023-09-01,RQM,NHS ENGLAND LONDON,CHELSEA AND WESTMINSTER HOSPITAL NHS FOUNDATION TRUST,18596,0,8505,428,0,0,5708,0,170,0,0,0,706,46,2578,0,0,379
2023-09-01,RR7,NHS ENGLAND NORTH EAST AND YORKSHIRE ,GATESHEAD HEALTH NHS FOUNDATION TRUST,5550,0,3806,20,0,28,2642,0,39,10,0,0,902,50,1525,0,0,708
2023-09-01,RR8,NHS ENGLAND NORTH EAST AND YORKSHIRE ,LEEDS TEACHING HOSPITALS NHS TRUST,16893,0,11152,116,0,16,7734,0,49,43,0,0,1539,479,3635,0,0,1017
2023-09-01,RRK,NHS ENGLAND MIDLANDS ,UNIVERSITY HOSPITALS BIRMINGHAM NHS FOUNDATION TRUST,32022,0,1491,0,0,189,15473,0,23,0,0,0,2779,1949,10607,0,4,4542
2023-09-01,RTF,NHS ENGLAND NORTH EAST AND YORKSHIRE ,NORTHUMBRIA HEALTHCARE NHS FOUNDATION TRUST,9078,0,11101,0,0,0,1690,0,12,0,0,0,16,0,5194,0,74,1167
2023-09-01,RTQ,NHS ENGLAND SOUTH WEST ,GLOUCESTERSHIRE HEALTH AND CARE NHS FOUNDATION TRUST,0,0,6586,0,0,0,0,0,27,0,0,0,0,0,0,0,0,27
2023-09-01,RVW,NHS ENGLAND NORTH EAST AND YORKSHIRE ,NORTH TEES AND HARTLEPOOL NHS FOUNDATION TRUST,4146,0,11345,0,0,0,1987,0,45,0,0,0,173,1,1505,0,526,2156
2023-09-01,RWE,NHS ENGLAND MIDLANDS ,UNIVERSITY HOSPITALS OF LEICESTER NHS TRUST,20979,1696,0,0,0,0,9928,81,0,0,0,0,1571,946,5430,4,0,3208
2023-09-01,RXP,NHS ENGLAND NORTH EAST AND YORKSHIRE ,COUNTY DURHAM AND DARLINGTON NHS FOUNDATION TRUST,12638,0,4156,0,0,5376,5788,0,0,0,0,0,1794,2,4091,0,0,683
2023-09-01,RXW,NHS ENGLAND MIDLANDS ,THE SHREWSBURY AND TELFORD HOSPITAL NHS TRUST,10566,0,1841,102,0,349,6059,0,237,28,0,2,478,1026,2629,0,43,2071
2023-09-01,RYG,NHS ENGLAND MIDLANDS ,COVENTRY AND WARWICKSHIRE PARTNERSHIP NHS TRUST,0,0,0,0,0,0,0,0,0,0,0,0,0,0,0,0,7,80
2023-09-01,AD913,NHS ENGLAND LONDON,BECKENHAM BEACON UCC,0,0,3644,0,0,268,0,0,29,0,0,0,0,0,0,0,0,0
2023-09-01,C82009,NHS ENGLAND MIDLANDS ,MARKET HARBOROUGH MED.CTR,0,0,352,0,0,0,0,0,0,0,0,0,0,0,0,0,0,0
2023-09-01,NDA57,NHS ENGLAND SOUTH EAST ,HASLEMERE MINOR INJURIES UNIT,0,0,1586,0,0,11,0,0,0,0,0,0,0,0,0,0,0,0
2023-09-01,R0D,NHS ENGLAND SOUTH WEST ,UNIVERSITY HOSPITALS DORSET NHS FOUNDATION TRUST,13155,0,3677,154,0,0,6534,0,0,0,0,0,43,0,4036,6,0,2067
2023-09-01,RA2,NHS ENGLAND SOUTH EAST ,ROYAL SURREY COUNTY HOSPITAL NHS FOUNDATION TRUST,6364,0,0,484,0,0,2233,0,0,157,0,0,311,2,2251,0,0,954
2023-09-01,RAE,NHS ENGLAND NORTH EAST AND YORKSHIRE ,BRADFORD TEACHING HOSPITALS NHS FOUNDATION TRUST,8826,0,3166,0,0,0,3060,0,0,0,0,0,902,24,2831,0,121,1536
2023-09-01,RAJ,NHS ENGLAND EAST OF ENGLAND ,MID AND SOUTH ESSEX NHS FOUNDATION TRUST,30336,0,1704,863,0,92,10546,0,63,235,0,6,2707,8,8322,0,201,1258
2023-09-01,RBT,NHS ENGLAND NORTH WEST ,MID CHESHIRE HOSPITALS NHS FOUNDATION TRUST,7047,0,2705,103,0,31,3837,0,24,25,0,1,700,421,2394,0,0,986
2023-09-01,RC9,NHS ENGLAND EAST OF ENGLAND ,BEDFORDSHIRE HOSPITALS NHS FOUNDATION TRUST,15837,0,6601,0,0,980,5879,0,0,0,0,0,80,6,4534,0,0,2052
2023-09-01,RCF,NHS ENGLAND NORTH EAST AND YORKSHIRE ,AIREDALE NHS FOUNDATION TRUST,5473,281,10,426,0,0,2546,0,0,0,0,0,253,44,1394,0,0,534
2023-09-01,RCU,NHS ENGLAND NORTH EAST AND YORKSHIRE ,SHEFFIELD CHILDREN'S NHS FOUNDATION TRUST,4221,0,265,239,0,16,405,0,0,23,0,0,5,0,884,0,0,114
2023-09-01,RD1,NHS ENGLAND SOUTH WEST ,ROYAL UNITED HOSPITALS BATH NHS FOUNDATION TRUST,8329,0,0,0,0,0,3270,0,0,0,0,0,548,26,2555,0,4,1407
2023-09-01,RD8,NHS ENGLAND EAST OF ENGLAND ,MILTON KEYNES UNIVERSITY HOSPITAL NHS FOUNDATION TRUST,7929,0,4584,444,0,117,3645,0,83,199,0,0,700,0,1955,0,0,383
2023-09-01,REM,NHS ENGLAND NORTH WEST ,LIVERPOOL UNIVERSITY HOSPITALS NHS FOUNDATION TRUST,17033,242,8766,364,0,0,7290,0,859,37,0,0,1880,1055,5253,0,0,2044
2023-09-01,RGT,NHS ENGLAND EAST OF ENGLAND ,CAMBRIDGE UNIVERSITY HOSPITALS NHS FOUNDATION TRUST,9653,0,5937,595,0,303,5241,0,106,294,0,0,690,125,2972,0,24,516
2023-09-01,RH8,NHS ENGLAND SOUTH WEST ,ROYAL DEVON UNIVERSITY HEALTHCARE NHS FOUNDATION TRUST,11798,0,3217,971,0,44,5771,0,33,321,0,0,1027,90,3628,0,0,2184
2023-09-01,RHM,NHS ENGLAND SOUTH EAST ,UNIVERSITY HOSPITAL SOUTHAMPTON NHS FOUNDATION TRUST,11159,1325,0,220,0,0,4629,95,0,87,0,0,329,11,3295,16,0,1307
2023-09-01,RJ2,NHS ENGLAND LONDON,LEWISHAM AND GREENWICH NHS TRUST,12720,0,11496,49,0,0,7212,0,1630,8,0,0,1184,415,3427,0,0,1181
2023-09-01,RJ7,NHS ENGLAND LONDON,ST GEORGE'S UNIVERSITY HOSPITALS NHS FOUNDATION TRUST,8296,0,3170,794,0,0,2681,0,0,133,0,0,531,530,2474,0,0,759
2023-09-01,RJR,NHS ENGLAND NORTH WEST ,COUNTESS OF CHESTER HOSPITAL NHS FOUNDATION TRUST,6346,0,649,0,0,0,3068,0,21,0,0,0,367,585,1569,0,0,1018
2023-09-01,RK5,NHS ENGLAND MIDLANDS ,SHERWOOD FOREST HOSPITALS NHS FOUNDATION TRUST,10588,0,5023,12,0,107,4110,0,239,4,0,3,575,65,3259,0,0,364
2023-09-01,RKB,NHS ENGLAND MIDLANDS ,UNIVERSITY HOSPITALS COVENTRY AND WARWICKSHIRE NHS TRUST,11257,1758,6568,46,0,84,5353,108,259,19,0,2,217,1,2848,75,68,1518
2023-09-01,RL1,NHS ENGLAND MIDLANDS ,THE ROBERT JONES AND AGNES HUNT ORTHOPAEDIC HOSPITAL NHS FOUNDATION TRUST,0,0,0,0,0,0,0,0,0,0,0,0,0,0,0,0,0,21
2023-09-01,RMP,NHS ENGLAND NORTH WEST ,TAMESIDE AND GLOSSOP INTEGRATED CARE NHS FOUNDATION TRUST,8099,0,2387,341,0,100,3688,0,0,0,0,0,302,11,2332,0,0,458
2023-09-01,RN7,NHS ENGLAND SOUTH EAST ,DARTFORD AND GRAVESHAM NHS TRUST,10983,0,3471,0,0,0,3116,0,75,0,0,0,435,0,2683,0,0,347
2023-09-01,RNZ,NHS ENGLAND SOUTH WEST ,SALISBURY NHS FOUNDATION TRUST,4240,298,1618,324,0,0,1638,0,0,142,0,0,397,2,1250,0,0,747
2023-09-01,RTG,NHS ENGLAND MIDLANDS ,UNIVERSITY HOSPITALS OF DERBY AND BURTON NHS FOUNDATION TRUST,20069,0,9831,209,0,73,9111,0,47,83,0,8,969,354,4267,0,14,2353
2023-09-01,RTK,NHS ENGLAND SOUTH EAST ,ASHFORD AND ST PETER'S HOSPITALS NHS FOUNDATION TRUST,9284,0,0,0,0,0,3714,0,0,0,0,0,719,6,2544,0,0,462
2023-09-01,RVV,NHS ENGLAND SOUTH EAST ,EAST KENT HOSPITALS UNIVERSITY NHS FOUNDATION TRUST,12213,0,11590,63,0,0,6662,0,303,26,0,0,676,867,4473,0,470,1631
2023-09-01,RWD,NHS ENGLAND MIDLANDS ,UNITED LINCOLNSHIRE HOSPITALS NHS TRUST,12426,0,5263,1,0,0,7501,0,736,1,0,0,1061,818,3953,0,0,952
2023-09-01,RWG,NHS ENGLAND EAST OF ENGLAND ,WEST HERTFORDSHIRE TEACHING HOSPITALS NHS TRUST,7814,0,7359,0,0,788,4439,0,365,0,0,0,1276,0,3373,0,0,602
2023-09-01,RWH,NHS ENGLAND EAST OF ENGLAND ,EAST AND NORTH HERTFORDSHIRE NHS TRUST,9370,0,5378,3,0,314,5157,0,1,1,0,0,240,7,2616,0,0,256
2023-09-01,RWJ,NHS ENGLAND NORTH WEST ,STOCKPORT NHS FOUNDATION TRUST,8993,0,0,630,0,0,3519,0,0,186,0,0,1084,134,2732,0,0,674
2023-09-01,RWW,NHS ENGLAND NORTH WEST ,WARRINGTON AND HALTON TEACHING HOSPITALS NHS FOUNDATION TRUST,7299,0,3049,208,0,80,3090,0,139,67,0,4,812,523,2320,0,0,228
2023-09-01,RXC,NHS ENGLAND SOUTH EAST ,EAST SUSSEX HEALTHCARE NHS TRUST,9066,0,2624,669,0,854,3354,0,40,0,0,0,197,0,3426,0,0,557
2023-09-01,Y02147,NHS ENGLAND LONDON,URGENT CARE CENTRE (QMS),0,0,7258,0,0,507,0,0,323,0,0,3,0,0,0,0,0,0
2023-09-01,NDJ,NHS ENGLAND SOUTH EAST ,FIRST COMMUNITY HEALTH AND CARE CIC,0,0,2380,0,0,0,0,0,0,0,0,0,0,0,0,0,0,0
2023-09-01,RAP,NHS ENGLAND LONDON,NORTH MIDDLESEX UNIVERSITY HOSPITAL NHS TRUST,8894,496,5828,177,3,216,4485,11,956,66,0,43,429,604,1560,0,0,137
2023-09-01,RBN,NHS ENGLAND NORTH WEST ,MERSEY AND WEST LANCASHIRE TEACHING HOSPITALS NHS TRUST,17036,0,7584,323,0,0,7123,0,404,54,0,0,523,213,7138,0,0,615
2023-09-01,RDR,NHS ENGLAND SOUTH EAST ,SUSSEX COMMUNITY NHS FOUNDATION TRUST,0,0,12186,0,0,0,0,0,206,0,0,0,0,0,0,0,0,0
2023-09-01,RLT,NHS ENGLAND MIDLANDS ,GEORGE ELIOT HOSPITAL NHS TRUST,6191,0,1749,0,0,0,2135,0,33,0,0,0,701,8,929,0,0,20
2023-09-01,RM1,NHS ENGLAND EAST OF ENGLAND ,NORFOLK AND NORWICH UNIVERSITY HOSPITALS NHS FOUNDATION TRUST,10468,0,8098,479,0,0,4187,0,1,142,0,0,822,298,2226,0,0,1562
2023-09-01,RNN,NHS ENGLAND NORTH EAST AND YORKSHIRE ,NORTH CUMBRIA INTEGRATED CARE NHS FOUNDATION TRUST,8702,0,1863,289,0,13,3718,0,8,70,0,0,693,490,2216,0,0,737
2023-09-01,RRV,NHS ENGLAND LONDON,UNIVERSITY COLLEGE LONDON HOSPITALS NHS FOUNDATION TRUST,11865,0,0,623,0,0,3684,0,0,0,0,0,304,43,1380,0,0,244
2023-09-01,RTH,NHS ENGLAND SOUTH EAST ,OXFORD UNIVERSITY HOSPITALS NHS FOUNDATION TRUST,11808,1686,454,1127,0,95,5079,0,12,412,0,2,714,0,3811,107,8,4191
2023-09-01,RTR,NHS ENGLAND NORTH EAST AND YORKSHIRE ,SOUTH TEES HOSPITALS NHS FOUNDATION TRUST,10102,0,5035,0,0,368,4438,0,340,0,0,11,932,18,2451,0,169,1898
2023-09-01,RTX,NHS ENGLAND NORTH WEST ,UNIVERSITY HOSPITALS OF MORECAMBE BAY NHS FOUNDATION TRUST,7870,0,4359,128,0,441,3062,0,116,31,0,0,532,343,2991,0,39,780
2023-09-01,RVJ,NHS ENGLAND SOUTH WEST ,NORTH BRISTOL NHS TRUST,9026,0,0,60,0,0,3226,0,0,15,0,0,692,23,2711,0,0,2015
2023-09-01,RVR,NHS ENGLAND LONDON,EPSOM AND ST HELIER UNIVERSITY HOSPITALS NHS TRUST,12478,345,0,170,0,0,2938,0,0,17,0,0,408,462,1931,6,0,136
2023-09-01,RY2,NHS ENGLAND NORTH WEST ,BRIDGEWATER COMMUNITY HEALTHCARE NHS FOUNDATION TRUST,0,0,3406,0,0,135,0,0,110,0,0,4,0,0,0,0,0,0
2023-09-01,RYJ,NHS ENGLAND LONDON,IMPERIAL COLLEGE HEALTHCARE NHS TRUST,12612,3806,7229,0,0,0,5498,32,131,0,0,0,947,94,3344,5,0,1070
2023-09-01,RA9,NHS ENGLAND SOUTH WEST ,TORBAY AND SOUTH DEVON NHS FOUNDATION TRUST,6484,0,3043,95,0,0,2961,0,29,31,0,0,667,120,1974,0,0,1141
2023-09-01,RBV,NHS ENGLAND NORTH WEST ,THE CHRISTIE NHS FOUNDATION TRUST,0,0,0,0,0,0,0,0,0,0,0,0,0,0,0,0,0,608
2023-09-01,RDY,NHS ENGLAND SOUTH WEST ,DORSET HEALTHCARE UNIVERSITY NHS FOUNDATION TRUST,0,0,0,0,0,0,0,0,0,0,0,0,0,0,0,0,2,3
2023-09-01,RXK,NHS ENGLAND MIDLANDS ,SANDWELL AND WEST BIRMINGHAM HOSPITALS NHS TRUST,14349,1096,8293,818,0,0,7600,138,175,215,0,0,1532,86,2851,0,0,442
2023-09-01,Y03218,NHS ENGLAND LONDON,THE PINN UNREGISTERED WIC,0,0,785,0,0,0,0,0,0,0,0,0,0,0,0,0,0,0
2023-09-01,RAL,NHS ENGLAND LONDON,ROYAL FREE LONDON NHS FOUNDATION TRUST,15154,0,10198,0,0,0,7207,0,1089,0,0,0,1089,692,4119,0,0,562
2023-09-01,R1H,NHS ENGLAND LONDON,BARTS HEALTH NHS TRUST,23968,873,16854,0,0,0,10515,22,2816,0,0,0,1459,859,5258,0,0,1068
2023-09-01,RM3,NHS ENGLAND NORTH WEST ,NORTHERN CARE ALLIANCE NHS FOUNDATION TRUST,24363,0,6788,0,0,0,11266,0,235,0,0,0,1406,483,6707,0,373,1699
2023-09-01,RN3,NHS ENGLAND SOUTH WEST ,GREAT WESTERN HOSPITALS NHS FOUNDATION TRUST,5054,0,4997,0,0,274,2288,0,316,0,0,13,277,210,2033,0,0,1470
2023-09-01,RNS,NHS ENGLAND MIDLANDS ,NORTHAMPTON GENERAL HOSPITAL NHS TRUST,8723,622,1911,156,0,46,4127,10,25,61,0,0,281,793,1720,0,0,1275
2023-09-01,RQW,NHS ENGLAND EAST OF ENGLAND ,THE PRINCESS ALEXANDRA HOSPITAL NHS TRUST,7638,0,1898,0,0,1099,4641,0,300,0,0,0,498,123,2002,0,0,338
2023-09-01,RRF,NHS ENGLAND NORTH WEST ,"WRIGHTINGTON, WIGAN AND LEIGH NHS FOUNDATION TRUST",7146,0,5371,0,0,0,3746,0,35,0,0,0,1110,278,2224,0,0,828
2023-09-01,Y02532,NHS ENGLAND NORTH WEST ,MIRIAM MINOR EMERGENCY,0,0,1805,0,0,0,0,0,0,0,0,0,0,0,0,0,0,0
2023-09-01,DT301,NHS ENGLAND EAST OF ENGLAND ,HERTS URGENT CARE (ASCOTS LANE),0,0,2635,0,0,0,0,0,10,0,0,0,0,0,0,0,0,0
2023-09-01,R0A,NHS ENGLAND NORTH WEST ,MANCHESTER UNIVERSITY NHS FOUNDATION TRUST,21447,3243,14644,1883,393,1079,9519,94,1751,647,6,255,3060,107,5576,168,359,481
2023-09-01,RHW,NHS ENGLAND SOUTH EAST ,ROYAL BERKSHIRE NHS FOUNDATION TRUST,11984,2210,0,412,0,0,4417,14,0,0,0,0,463,0,2450,0,0,843
2023-09-01,RKE,NHS ENGLAND LONDON,WHITTINGTON HEALTH NHS TRUST,8426,0,0,0,0,0,2860,0,0,0,0,0,411,48,978,0,0,63
2023-09-01,RNU,NHS ENGLAND SOUTH EAST ,OXFORD HEALTH NHS FOUNDATION TRUST,0,0,4285,0,0,0,0,0,467,0,0,0,0,0,0,0,0,0
2023-09-01,RP5,NHS ENGLAND NORTH EAST AND YORKSHIRE ,DONCASTER AND BASSETLAW TEACHING HOSPITALS NHS FOUNDATION TRUST,12734,0,3636,0,0,0,5006,0,1,0,0,0,1012,117,2963,0,421,1056
2023-09-01,RXN,NHS ENGLAND NORTH WEST ,LANCASHIRE TEACHING HOSPITALS NHS FOUNDATION TRUST,11872,0,3803,205,0,89,4492,0,89,47,0,0,1126,249,2942,0,196,1350
2023-09-01,RXR,NHS ENGLAND NORTH WEST ,EAST LANCASHIRE HOSPITALS NHS TRUST,11704,0,8415,0,0,0,4398,0,661,0,0,0,336,1115,2451,0,51,1677
2023-09-01,R1K,NHS ENGLAND LONDON,LONDON NORTH WEST UNIVERSITY HEALTHCARE NHS TRUST,12488,0,13432,0,0,0,8321,0,268,0,0,0,738,227,5737,0,0,744
2023-09-01,RBL,NHS ENGLAND NORTH WEST ,WIRRAL UNIVERSITY TEACHING HOSPITAL NHS FOUNDATION TRUST,8155,0,2764,104,0,178,4280,0,27,28,0,4,755,297,2109,0,0,1502
2023-09-01,RPA,NHS ENGLAND SOUTH EAST ,MEDWAY NHS FOUNDATION TRUST,8413,0,6517,145,0,1305,2891,0,903,38,0,0,470,572,1985,0,0,1015
2023-09-01,RWF,NHS ENGLAND SOUTH EAST ,MAIDSTONE AND TUNBRIDGE WELLS NHS TRUST,17977,0,2432,874,0,153,2931,0,7,45,0,0,808,47,5539,0,0,1020
2023-09-01,RJ6,NHS ENGLAND LONDON,CROYDON HEALTH SERVICES NHS TRUST,12409,0,4414,1,0,0,4424,0,0,0,0,0,488,395,1352,0,0,157
2023-09-01,RH5,NHS ENGLAND SOUTH WEST ,SOMERSET NHS FOUNDATION TRUST,12446,0,8891,0,0,0,5429,0,432,0,0,0,610,62,3186,0,0,1653
2023-09-01,RXL,NHS ENGLAND NORTH WEST ,BLACKPOOL TEACHING HOSPITALS NHS FOUNDATION TRUST,8634,0,10754,186,0,220,4255,0,22,48,0,0,696,828,2629,0,0,1553
2023-09-01,RMC,NHS ENGLAND NORTH WEST ,BOLTON NHS FOUNDATION TRUST,9872,0,1337,107,0,19,4182,0,297,46,0,4,435,553,2140,0,73,668
2023-09-01,RHU,NHS ENGLAND SOUTH EAST ,PORTSMOUTH HOSPITALS UNIVERSITY NATIONAL HEALTH SERVICE TRUST,10065,779,3515,541,0,284,5405,7,36,269,0,10,1685,21,3505,0,0,2346
2023-09-01,RX1,NHS ENGLAND MIDLANDS ,NOTTINGHAM UNIVERSITY HOSPITALS NHS TRUST,15553,1845,308,518,0,0,9582,301,17,292,0,0,812,753,3849,0,0,3174
2023-09-01,NLX,NHS ENGLAND SOUTH WEST ,SIRONA CARE & HEALTH,0,0,8514,0,0,179,0,0,436,0,0,40,0,0,0,0,0,0
2023-09-01,RDE,NHS ENGLAND EAST OF ENGLAND ,EAST SUFFOLK AND NORTH ESSEX NHS FOUNDATION TRUST,14022,0,11234,202,0,123,6256,0,204,0,0,0,902,64,4607,0,287,851
2023-09-01,RFS,NHS ENGLAND MIDLANDS ,CHESTERFIELD ROYAL HOSPITAL NHS FOUNDATION TRUST,7011,0,1108,251,0,125,2369,0,153,84,0,16,433,13,2403,0,276,554
2023-09-01,G0Q0L,NHS ENGLAND LONDON,BARKING HOSPITAL UTC,0,0,2121,0,0,0,0,0,202,0,0,0,0,0,0,0,0,0
2023-09-01,K6K0R,NHS ENGLAND LONDON,HAROLD WOOD POLYCLINIC UTC,0,0,2111,0,0,0,0,0,129,0,0,0,0,0,0,0,0,0
